Index,Scene,Trajectory Name,File Path,Num Waypoints,X Start,X End,X Change,X Range,Y Start,Y End,Y Change,Y Range,Z Start,Z End,Z Change,Z Range,Euclidean Distance,Path Length,Requires Chassis,Chassis Movement Score
0,unknown,arc_left_push_000,trajectoryToLearn\world_json\cinematic_db\arc_left_push\arc_left_push_000.json,120,1.0500,4.0500,3.0000,3.0000,0.0800,-0.9200,1.0000,1.0016,0.8600,1.0165,0.1565,0.1565,3.1661,3.3849,True,3.1623
1,unknown,arc_left_push_017,trajectoryToLearn\world_json\cinematic_db\arc_left_push\arc_left_push_017.json,120,1.0500,4.0500,3.0000,3.0508,0.0800,-0.9200,1.0000,1.0071,0.8600,0.8641,0.0041,0.0415,3.1623,3.3938,True,3.1623
2,unknown,arc_left_push_033,trajectoryToLearn\world_json\cinematic_db\arc_left_push\arc_left_push_033.json,120,1.0500,4.0500,3.0000,3.1412,0.0800,-0.9200,1.0000,1.0000,0.8600,1.0742,0.2142,0.2249,3.1695,3.5937,True,3.1623
3,unknown,arc_left_push_059,trajectoryToLearn\world_json\cinematic_db\arc_left_push\arc_left_push_059.json,120,1.0500,4.0500,3.0000,3.0000,0.0800,-0.9200,1.0000,1.0000,0.8600,0.7348,0.1252,0.1423,3.1648,3.3505,True,3.1623
4,unknown,orbit_left_030,trajectoryToLearn\world_json\cinematic_db\orbit_left\orbit_left_030.json,120,1.0500,4.0500,3.0000,3.0000,0.0800,-0.9200,1.0000,1.3616,0.8600,0.9892,0.1292,0.2385,3.1649,4.0594,True,3.1623
5,unknown,arc_left_push_027,trajectoryToLearn\world_json\cinematic_db\arc_left_push\arc_left_push_027.json,120,1.0500,4.0500,3.0000,3.0000,0.0800,-0.9192,0.9992,1.0000,0.8600,0.8904,0.0304,0.0813,3.1622,3.4881,True,3.1620
6,unknown,arc_left_push_013,trajectoryToLearn\world_json\cinematic_db\arc_left_push\arc_left_push_013.json,120,1.0500,4.0500,3.0000,3.0000,0.0800,-0.9157,0.9957,1.0000,0.8600,0.6995,0.1605,0.1605,3.1650,3.5061,True,3.1609
7,unknown,arc_left_push_052,trajectoryToLearn\world_json\cinematic_db\arc_left_push\arc_left_push_052.json,120,1.0500,4.0500,3.0000,3.0508,0.0800,-0.9155,0.9955,1.0000,0.8600,0.8677,0.0077,0.1380,3.1609,3.6774,True,3.1608
8,unknown,arc_left_push_019,trajectoryToLearn\world_json\cinematic_db\arc_left_push\arc_left_push_019.json,120,1.0500,4.0500,3.0000,3.3758,0.0800,-0.9101,0.9901,1.0000,0.8600,0.7760,0.0840,0.0840,3.1603,4.3705,True,3.1592
9,unknown,orbit_left_007,trajectoryToLearn\world_json\cinematic_db\orbit_left\orbit_left_007.json,120,1.0500,4.0500,3.0000,3.0000,0.0800,-0.9100,0.9900,1.9548,0.8600,0.6784,0.1816,0.2757,3.1643,5.4283,True,3.1591
10,unknown,orbit_right_043,trajectoryToLearn\world_json\cinematic_db\orbit_right\orbit_right_043.json,120,1.0500,4.0500,3.0000,3.0000,0.0800,1.0694,0.9894,1.6425,0.8600,0.7541,0.1059,0.2078,3.1607,4.6572,True,3.1589
11,unknown,arc_left_push_040,trajectoryToLearn\world_json\cinematic_db\arc_left_push\arc_left_push_040.json,120,1.0500,4.0500,3.0000,3.0000,0.0800,-0.9054,0.9854,1.0000,0.8600,0.7721,0.0879,0.0879,3.1589,3.4190,True,3.1577
12,unknown,arc_left_push_026,trajectoryToLearn\world_json\cinematic_db\arc_left_push\arc_left_push_026.json,120,1.0500,4.0500,3.0000,3.0000,0.0800,-0.9039,0.9839,1.0000,0.8600,0.8879,0.0279,0.1041,3.1574,3.4050,True,3.1572
13,unknown,arc_left_push_032,trajectoryToLearn\world_json\cinematic_db\arc_left_push\arc_left_push_032.json,120,1.0500,4.0500,3.0000,3.0904,0.0800,-0.8980,0.9780,1.0009,0.8600,0.6629,0.1971,0.1977,3.1615,3.4546,True,3.1554
14,unknown,arc_left_push_077,trajectoryToLearn\world_json\cinematic_db\arc_left_push\arc_left_push_077.json,120,1.0500,4.0500,3.0000,3.0000,0.0800,-0.8944,0.9744,0.9906,0.8600,0.7038,0.1562,0.1757,3.1581,3.6455,True,3.1543
15,unknown,orbit_right_019,trajectoryToLearn\world_json\cinematic_db\orbit_right\orbit_right_019.json,120,1.0500,4.0500,3.0000,3.0000,0.0800,1.0443,0.9643,1.3306,0.8600,0.9557,0.0957,0.1875,3.1526,3.8602,True,3.1512
16,unknown,orbit_left_069,trajectoryToLearn\world_json\cinematic_db\orbit_left\orbit_left_069.json,120,1.0500,4.0500,3.0000,3.0000,0.0800,-0.8836,0.9636,1.2034,0.8600,0.6851,0.1749,0.3116,3.1558,3.7242,True,3.1510
17,unknown,arc_left_push_080,trajectoryToLearn\world_json\cinematic_db\arc_left_push\arc_left_push_080.json,120,1.0500,4.0500,3.0000,3.2768,0.0800,-0.8831,0.9631,1.0035,0.8600,0.7709,0.0891,0.0891,3.1521,4.0063,True,3.1508
18,unknown,orbit_right_047,trajectoryToLearn\world_json\cinematic_db\orbit_right\orbit_right_047.json,120,1.0500,4.0500,3.0000,3.0000,0.0800,1.0412,0.9612,1.0000,0.8600,0.8800,0.0200,0.2138,3.1503,3.5676,True,3.1502
19,unknown,orbit_left_092,trajectoryToLearn\world_json\cinematic_db\orbit_left\orbit_left_092.json,120,1.0500,4.0500,3.0000,3.0000,0.0800,-0.8793,0.9593,0.9593,0.8600,0.9480,0.0880,0.1585,3.1509,3.4357,True,3.1496
20,unknown,orbit_left_019,trajectoryToLearn\world_json\cinematic_db\orbit_left\orbit_left_019.json,120,1.0500,4.0500,3.0000,3.0000,0.0800,-0.8741,0.9541,1.3616,0.8600,0.9155,0.0555,0.1414,3.1485,3.8551,True,3.1481
21,unknown,arc_left_push_005,trajectoryToLearn\world_json\cinematic_db\arc_left_push\arc_left_push_005.json,120,1.0500,4.0500,3.0000,3.0000,0.0800,-0.8682,0.9482,0.9482,0.8600,0.9474,0.0874,0.0875,3.1475,3.3351,True,3.1463
22,unknown,orbit_left_050,trajectoryToLearn\world_json\cinematic_db\orbit_left\orbit_left_050.json,120,1.0500,4.0500,3.0000,3.0000,0.0800,-0.8623,0.9423,1.0000,0.8600,0.8696,0.0096,0.1877,3.1445,4.1572,True,3.1445
23,unknown,arc_left_push_086,trajectoryToLearn\world_json\cinematic_db\arc_left_push\arc_left_push_086.json,120,1.0500,4.0500,3.0000,3.2768,0.0800,-0.8606,0.9406,1.0033,0.8600,0.9167,0.0567,0.0664,3.1445,4.1843,True,3.1440
24,unknown,arc_left_push_095,trajectoryToLearn\world_json\cinematic_db\arc_left_push\arc_left_push_095.json,120,1.0500,4.0500,3.0000,3.2768,0.0800,-0.8578,0.9378,1.0104,0.8600,0.7096,0.1504,0.1504,3.1468,3.9826,True,3.1432
25,unknown,orbit_left_057,trajectoryToLearn\world_json\cinematic_db\orbit_left\orbit_left_057.json,120,1.0500,4.0485,2.9985,3.0000,0.0800,-0.8616,0.9416,0.9899,0.8600,0.8113,0.0487,0.0782,3.1432,3.3670,True,3.1428
26,unknown,orbit_left_083,trajectoryToLearn\world_json\cinematic_db\orbit_left\orbit_left_083.json,120,1.0500,4.0500,3.0000,3.0000,0.0800,-0.8549,0.9349,0.9694,0.8600,0.9442,0.0842,0.1182,3.1434,3.4797,True,3.1423
27,unknown,arc_left_push_060,trajectoryToLearn\world_json\cinematic_db\arc_left_push\arc_left_push_060.json,120,1.0500,4.0500,3.0000,3.0000,0.0800,-0.8529,0.9329,1.0000,0.8600,0.9602,0.1002,0.1401,3.1433,3.5341,True,3.1417
28,unknown,arc_left_push_066,trajectoryToLearn\world_json\cinematic_db\arc_left_push\arc_left_push_066.json,120,1.0500,4.0500,3.0000,3.0000,0.0800,-0.8480,0.9280,0.9280,0.8600,0.6619,0.1981,0.2047,3.1465,3.4798,True,3.1402
29,unknown,orbit_right_060,trajectoryToLearn\world_json\cinematic_db\orbit_right\orbit_right_060.json,120,1.0500,4.0500,3.0000,3.0000,0.0800,1.0077,0.9277,1.0492,0.8600,0.8659,0.0059,0.0559,3.1402,3.3783,True,3.1402
30,unknown,arc_left_push_007,trajectoryToLearn\world_json\cinematic_db\arc_left_push\arc_left_push_007.json,120,1.0500,4.0500,3.0000,3.0000,0.0800,-0.8397,0.9197,1.0000,0.8600,0.8305,0.0295,0.0687,3.1379,3.5088,True,3.1378
31,unknown,arc_left_push_072,trajectoryToLearn\world_json\cinematic_db\arc_left_push\arc_left_push_072.json,120,1.0500,4.0500,3.0000,3.0000,0.0800,-0.8342,0.9142,1.0000,0.8600,0.6212,0.2388,0.2389,3.1453,3.4718,True,3.1362
32,unknown,arc_left_push_094,trajectoryToLearn\world_json\cinematic_db\arc_left_push\arc_left_push_094.json,120,1.0500,4.0500,3.0000,3.0000,0.0800,-0.8340,0.9140,1.0000,0.8600,0.7858,0.0742,0.0763,3.1370,3.5939,True,3.1361
33,unknown,orbit_right_086,trajectoryToLearn\world_json\cinematic_db\orbit_right\orbit_right_086.json,120,1.0500,4.0500,3.0000,3.0000,0.0800,0.9865,0.9065,1.2062,0.8600,0.9348,0.0748,0.1401,3.1348,3.7764,True,3.1340
34,unknown,arc_left_push_079,trajectoryToLearn\world_json\cinematic_db\arc_left_push\arc_left_push_079.json,120,1.0500,4.0500,3.0000,3.2034,0.0800,-0.8206,0.9006,0.9192,0.8600,0.8577,0.0023,0.0575,3.1323,3.6653,True,3.1323
35,unknown,arc_left_push_009,trajectoryToLearn\world_json\cinematic_db\arc_left_push\arc_left_push_009.json,120,1.0500,4.0500,3.0000,3.0000,0.0800,-0.8158,0.8958,0.9025,0.8600,0.7797,0.0803,0.0872,3.1319,3.2743,True,3.1309
36,unknown,arc_left_push_091,trajectoryToLearn\world_json\cinematic_db\arc_left_push\arc_left_push_091.json,120,1.0500,4.0500,3.0000,3.0000,0.0800,-0.8153,0.8953,0.8958,0.8600,0.8912,0.0312,0.0853,3.1309,3.4870,True,3.1307
37,unknown,orbit_right_041,trajectoryToLearn\world_json\cinematic_db\orbit_right\orbit_right_041.json,120,1.0500,4.0500,3.0000,3.0000,0.0800,0.9669,0.8869,1.0000,0.8600,0.8021,0.0579,0.1146,3.1289,3.9478,True,3.1284
38,unknown,orbit_left_062,trajectoryToLearn\world_json\cinematic_db\orbit_left\orbit_left_062.json,120,1.0500,4.0500,3.0000,3.0000,0.0800,-0.8051,0.8851,0.9953,0.8600,0.9577,0.0977,0.1981,3.1294,3.6789,True,3.1279
39,unknown,arc_left_push_070,trajectoryToLearn\world_json\cinematic_db\arc_left_push\arc_left_push_070.json,120,1.0500,4.0500,3.0000,3.0000,0.0800,-0.8036,0.8836,0.9358,0.8600,0.9150,0.0550,0.1180,3.1279,3.5099,True,3.1274
40,unknown,arc_left_push_071,trajectoryToLearn\world_json\cinematic_db\arc_left_push\arc_left_push_071.json,120,1.0500,4.0500,3.0000,3.0000,0.0800,-0.8019,0.8819,0.8819,0.8600,0.9267,0.0667,0.0933,3.1276,3.3685,True,3.1269
41,unknown,orbit_right_093,trajectoryToLearn\world_json\cinematic_db\orbit_right\orbit_right_093.json,120,1.0500,4.0500,3.0000,3.0000,0.0800,0.9604,0.8804,1.4642,0.8600,0.8033,0.0567,0.1500,3.1270,4.3208,True,3.1265
42,unknown,orbit_left_071,trajectoryToLearn\world_json\cinematic_db\orbit_left\orbit_left_071.json,120,1.0500,4.0500,3.0000,3.0000,0.0800,-0.7888,0.8688,0.8990,0.8600,0.7458,0.1142,0.1475,3.1254,3.3852,True,3.1233
43,unknown,orbit_right_083,trajectoryToLearn\world_json\cinematic_db\orbit_right\orbit_right_083.json,120,1.0500,4.0500,3.0000,3.0000,0.0800,0.9343,0.8543,1.0000,0.8600,0.7861,0.0739,0.1292,3.1201,3.5002,True,3.1193
44,unknown,arc_left_push_089,trajectoryToLearn\world_json\cinematic_db\arc_left_push\arc_left_push_089.json,120,1.0500,4.0500,3.0000,3.0000,0.0800,-0.7613,0.8413,0.8590,0.8600,0.9020,0.0420,0.1301,3.1160,3.3011,True,3.1157
45,unknown,arc_left_push_039,trajectoryToLearn\world_json\cinematic_db\arc_left_push\arc_left_push_039.json,120,1.0500,4.0500,3.0000,3.2768,0.0800,-0.7597,0.8397,0.8397,0.8600,0.9089,0.0489,0.0679,3.1157,4.0745,True,3.1153
46,unknown,orbit_left_004,trajectoryToLearn\world_json\cinematic_db\orbit_left\orbit_left_004.json,120,1.0500,4.0500,3.0000,3.0000,0.0800,-0.7565,0.8365,0.8630,0.8600,0.9704,0.1104,0.1673,3.1164,3.4995,True,3.1144
47,unknown,tracking_zigzag_092,trajectoryToLearn\world_json\cinematic_db\tracking_zigzag\tracking_zigzag_092.json,120,1.0500,4.0500,3.0000,3.0000,0.0800,0.9145,0.8345,1.1366,0.8600,0.9388,0.0788,0.1576,3.1149,3.5081,True,3.1139
48,unknown,arc_left_push_029,trajectoryToLearn\world_json\cinematic_db\arc_left_push\arc_left_push_029.json,120,1.0500,4.0500,3.0000,3.0000,0.0800,-0.7471,0.8271,0.8998,0.8600,0.8575,0.0025,0.0519,3.1119,3.6393,True,3.1119
49,unknown,arc_left_push_074,trajectoryToLearn\world_json\cinematic_db\arc_left_push\arc_left_push_074.json,120,1.0500,4.0500,3.0000,3.0000,0.0800,-0.7411,0.8211,1.0000,0.8600,0.7823,0.0777,0.1095,3.1113,3.5003,True,3.1103
50,unknown,orbit_right_058,trajectoryToLearn\world_json\cinematic_db\orbit_right\orbit_right_058.json,120,1.0500,4.0500,3.0000,3.0000,0.0800,0.8968,0.8168,1.0630,0.8600,0.8595,0.0005,0.2305,3.1092,3.6098,True,3.1092
51,unknown,orbit_right_021,trajectoryToLearn\world_json\cinematic_db\orbit_right\orbit_right_021.json,120,1.0500,4.0500,3.0000,3.0000,0.0800,0.8938,0.8138,1.0974,0.8600,0.9101,0.0501,0.2140,3.1088,3.5436,True,3.1084
52,unknown,arc_left_push_023,trajectoryToLearn\world_json\cinematic_db\arc_left_push\arc_left_push_023.json,120,1.0500,4.0500,3.0000,3.0000,0.0800,-0.7333,0.8133,0.8133,0.8600,0.9344,0.0744,0.0745,3.1092,3.5078,True,3.1083
53,unknown,orbit_left_047,trajectoryToLearn\world_json\cinematic_db\orbit_left\orbit_left_047.json,120,1.0500,4.0500,3.0000,3.0000,0.0800,-0.7264,0.8064,1.0000,0.8600,0.8322,0.0278,0.2195,3.1066,3.8451,True,3.1065
54,unknown,orbit_right_070,trajectoryToLearn\world_json\cinematic_db\orbit_right\orbit_right_070.json,120,1.0500,4.0500,3.0000,3.0000,0.0800,0.8813,0.8013,0.8873,0.8600,1.0274,0.1674,0.1674,3.1097,3.6373,True,3.1052
55,unknown,orbit_left_026,trajectoryToLearn\world_json\cinematic_db\orbit_left\orbit_left_026.json,120,1.0500,4.0500,3.0000,3.0000,0.0800,-0.7168,0.7968,0.8165,0.8600,0.6227,0.2373,0.2626,3.1131,3.3120,True,3.1040
56,unknown,arc_left_push_078,trajectoryToLearn\world_json\cinematic_db\arc_left_push\arc_left_push_078.json,120,1.0500,4.0500,3.0000,3.0000,0.0800,-0.7143,0.7943,0.7943,0.8600,0.6276,0.2324,0.2324,3.1120,3.3848,True,3.1034
57,unknown,orbit_left_023,trajectoryToLearn\world_json\cinematic_db\orbit_left\orbit_left_023.json,120,1.0500,4.0214,2.9714,2.9714,0.0800,-0.8141,0.8941,1.6836,0.8600,0.9133,0.0533,0.1085,3.1035,4.9334,True,3.1030
58,unknown,orbit_right_062,trajectoryToLearn\world_json\cinematic_db\orbit_right\orbit_right_062.json,120,1.0500,4.0500,3.0000,3.0000,0.0800,0.8706,0.7906,0.9926,0.8600,0.9196,0.0596,0.2540,3.1030,3.7374,True,3.1024
59,unknown,orbit_left_001,trajectoryToLearn\world_json\cinematic_db\orbit_left\orbit_left_001.json,120,1.0500,4.0500,3.0000,3.0000,0.0800,-0.7103,0.7903,1.0000,0.8600,0.9176,0.0576,0.2256,3.1029,4.3522,True,3.1023
60,unknown,arc_left_push_098,trajectoryToLearn\world_json\cinematic_db\arc_left_push\arc_left_push_098.json,120,1.0500,4.0500,3.0000,3.4576,0.0800,-0.7091,0.7891,0.7924,0.8600,0.8339,0.0261,0.1171,3.1022,4.2665,True,3.1020
61,unknown,arc_left_push_073,trajectoryToLearn\world_json\cinematic_db\arc_left_push\arc_left_push_073.json,120,1.0500,4.0500,3.0000,3.2075,0.0800,-0.7044,0.7844,0.8437,0.8600,0.6392,0.2208,0.2255,3.1087,4.0009,True,3.1008
62,unknown,arc_left_push_025,trajectoryToLearn\world_json\cinematic_db\arc_left_push\arc_left_push_025.json,120,1.0500,3.9842,2.9342,2.9342,0.0800,-0.9200,1.0000,1.0000,0.8600,0.8131,0.0469,0.1001,3.1002,3.2094,True,3.0999
63,unknown,arc_left_push_075,trajectoryToLearn\world_json\cinematic_db\arc_left_push\arc_left_push_075.json,120,1.0500,4.0500,3.0000,3.0000,0.0800,-0.6976,0.7776,0.8437,0.8600,0.9631,0.1031,0.1031,3.1008,3.2757,True,3.0991
64,unknown,orbit_left_000,trajectoryToLearn\world_json\cinematic_db\orbit_left\orbit_left_000.json,120,1.0500,4.0500,3.0000,3.0000,0.0800,-0.6958,0.7758,1.0000,0.8600,0.8745,0.0145,0.0782,3.0987,4.2296,True,3.0987
65,unknown,orbit_right_063,trajectoryToLearn\world_json\cinematic_db\orbit_right\orbit_right_063.json,120,1.0500,4.0352,2.9852,2.9863,0.0800,0.8991,0.8191,0.9190,0.8600,1.1404,0.2804,0.3278,3.1082,3.3373,True,3.0955
66,unknown,orbit_right_052,trajectoryToLearn\world_json\cinematic_db\orbit_right\orbit_right_052.json,120,1.0500,4.0500,3.0000,3.0000,0.0800,0.8367,0.7567,0.9562,0.8600,0.8824,0.0224,0.1821,3.0940,4.0427,True,3.0940
67,unknown,arc_left_push_081,trajectoryToLearn\world_json\cinematic_db\arc_left_push\arc_left_push_081.json,120,1.0500,3.9764,2.9264,2.9360,0.0800,-0.9146,0.9946,1.0000,0.8600,0.8964,0.0364,0.0586,3.0910,3.2307,True,3.0908
68,unknown,orbit_right_094,trajectoryToLearn\world_json\cinematic_db\orbit_right\orbit_right_094.json,120,1.0500,4.0500,3.0000,3.0000,0.0800,0.8213,0.7413,1.0000,0.8600,0.8105,0.0495,0.1440,3.0906,4.2902,True,3.0902
69,unknown,orbit_left_090,trajectoryToLearn\world_json\cinematic_db\orbit_left\orbit_left_090.json,120,1.0500,4.0471,2.9971,2.9971,0.0800,-0.6655,0.7455,1.0000,0.8600,0.7762,0.0838,0.0981,3.0895,3.7953,True,3.0884
70,unknown,orbit_right_002,trajectoryToLearn\world_json\cinematic_db\orbit_right\orbit_right_002.json,120,1.0500,3.9993,2.9493,2.9494,0.0800,0.9909,0.9109,1.0000,0.8600,0.8325,0.0275,0.1160,3.0869,4.1193,True,3.0868
71,unknown,orbit_left_010,trajectoryToLearn\world_json\cinematic_db\orbit_left\orbit_left_010.json,120,1.0500,4.0500,3.0000,3.0000,0.0800,-0.6456,0.7256,0.7782,0.8600,1.0625,0.2025,0.2473,3.0931,3.3061,True,3.0865
72,unknown,arc_left_push_038,trajectoryToLearn\world_json\cinematic_db\arc_left_push\arc_left_push_038.json,120,1.0500,4.0327,2.9827,2.9827,0.0800,-0.7075,0.7875,0.7875,0.8600,0.8192,0.0408,0.1008,3.0851,3.2207,True,3.0849
73,unknown,orbit_left_099,trajectoryToLearn\world_json\cinematic_db\orbit_left\orbit_left_099.json,120,1.0500,3.9868,2.9368,2.9368,0.0800,-0.8638,0.9438,1.3054,0.8600,0.7117,0.1483,0.1758,3.0883,3.7687,True,3.0848
74,unknown,orbit_right_040,trajectoryToLearn\world_json\cinematic_db\orbit_right\orbit_right_040.json,120,1.0500,4.0500,3.0000,3.0000,0.0800,0.7969,0.7169,0.9931,0.8600,0.9010,0.0410,0.2506,3.0847,3.8951,True,3.0845
75,unknown,arc_left_push_022,trajectoryToLearn\world_json\cinematic_db\arc_left_push\arc_left_push_022.json,120,1.0500,3.9663,2.9163,2.9179,0.0800,-0.9200,1.0000,1.0001,0.8600,0.7683,0.0917,0.0917,3.0843,3.2012,True,3.0830
76,unknown,tracking_zigzag_050,trajectoryToLearn\world_json\cinematic_db\tracking_zigzag\tracking_zigzag_050.json,120,1.0500,4.0500,3.0000,3.0000,0.0800,0.7874,0.7074,0.9622,0.8600,0.9625,0.1025,0.2050,3.0840,3.5883,True,3.0823
77,unknown,arc_left_push_043,trajectoryToLearn\world_json\cinematic_db\arc_left_push\arc_left_push_043.json,120,1.0500,4.0500,3.0000,3.1412,0.0800,-0.6257,0.7057,0.7057,0.8600,0.9458,0.0858,0.0858,3.0831,3.6480,True,3.0819
78,unknown,orbit_right_065,trajectoryToLearn\world_json\cinematic_db\orbit_right\orbit_right_065.json,120,1.0500,4.0500,3.0000,3.0000,0.0800,0.7803,0.7003,0.7698,0.8600,0.8862,0.0262,0.2071,3.0808,3.7783,True,3.0807
79,unknown,orbit_left_065,trajectoryToLearn\world_json\cinematic_db\orbit_left\orbit_left_065.json,120,1.0500,4.0500,3.0000,3.0000,0.0800,-0.6174,0.6974,1.0000,0.8600,1.0711,0.2111,0.2111,3.0872,4.2783,True,3.0800
80,unknown,orbit_left_094,trajectoryToLearn\world_json\cinematic_db\orbit_left\orbit_left_094.json,120,1.0500,4.0500,3.0000,3.0000,0.0800,-0.6163,0.6963,0.9299,0.8600,1.0071,0.1471,0.1858,3.0833,3.9938,True,3.0798
81,unknown,orbit_left_054,trajectoryToLearn\world_json\cinematic_db\orbit_left\orbit_left_054.json,120,1.0500,4.0500,3.0000,3.0000,0.0800,-0.6160,0.6960,1.0000,0.8600,0.8164,0.0436,0.0775,3.0800,4.0224,True,3.0797
82,unknown,orbit_left_002,trajectoryToLearn\world_json\cinematic_db\orbit_left\orbit_left_002.json,120,1.0500,4.0500,3.0000,3.0000,0.0800,-0.6065,0.6865,0.8383,0.8600,0.9803,0.1203,0.1691,3.0799,3.4324,True,3.0775
83,unknown,arc_left_push_082,trajectoryToLearn\world_json\cinematic_db\arc_left_push\arc_left_push_082.json,120,1.0500,3.9603,2.9103,2.9132,0.0800,-0.9200,1.0000,1.0000,0.8600,0.7803,0.0797,0.0797,3.0784,3.2600,True,3.0773
84,unknown,arc_left_push_050,trajectoryToLearn\world_json\cinematic_db\arc_left_push\arc_left_push_050.json,120,1.0500,4.0500,3.0000,3.0508,0.0800,-0.6046,0.6846,0.6862,0.8600,0.9518,0.0918,0.0918,3.0785,3.3633,True,3.0771
85,unknown,arc_left_push_069,trajectoryToLearn\world_json\cinematic_db\arc_left_push\arc_left_push_069.json,120,1.0500,4.0500,3.0000,3.1412,0.0800,-0.6022,0.6822,0.6822,0.8600,0.8158,0.0442,0.0835,3.0769,3.5446,True,3.0766
86,unknown,orbit_left_043,trajectoryToLearn\world_json\cinematic_db\orbit_left\orbit_left_043.json,120,1.0500,4.0500,3.0000,3.0000,0.0800,-0.5982,0.6782,1.0000,0.8600,0.9673,0.1073,0.1516,3.0776,4.4178,True,3.0757
87,unknown,arc_left_push_093,trajectoryToLearn\world_json\cinematic_db\arc_left_push\arc_left_push_093.json,120,1.0500,4.0500,3.0000,3.2957,0.0800,-0.5952,0.6752,0.6838,0.8600,0.8991,0.0391,0.1150,3.0753,3.8544,True,3.0750
88,unknown,arc_left_push_051,trajectoryToLearn\world_json\cinematic_db\arc_left_push\arc_left_push_051.json,120,1.0500,4.0500,3.0000,3.2768,0.0800,-0.5834,0.6634,0.6771,0.8600,0.8482,0.0118,0.0595,3.0725,3.7124,True,3.0725
89,unknown,arc_left_push_057,trajectoryToLearn\world_json\cinematic_db\arc_left_push\arc_left_push_057.json,120,1.0500,4.0500,3.0000,3.0000,0.0800,-0.5701,0.6501,0.7580,0.8600,0.8898,0.0298,0.0501,3.0698,3.2968,True,3.0696
90,unknown,orbit_right_087,trajectoryToLearn\world_json\cinematic_db\orbit_right\orbit_right_087.json,120,1.0500,4.0500,3.0000,3.0000,0.0800,0.7261,0.6461,1.0000,0.8600,1.0662,0.2062,0.2199,3.0757,4.3687,True,3.0688
91,unknown,tracking_zigzag_067,trajectoryToLearn\world_json\cinematic_db\tracking_zigzag\tracking_zigzag_067.json,120,1.0500,4.0500,3.0000,3.0000,0.0800,0.7241,0.6441,1.0323,0.8600,0.9891,0.1291,0.2581,3.0711,3.5345,True,3.0684
92,unknown,arc_left_push_065,trajectoryToLearn\world_json\cinematic_db\arc_left_push\arc_left_push_065.json,120,1.0500,4.0500,3.0000,3.1412,0.0800,-0.5637,0.6437,0.6691,0.8600,0.7684,0.0916,0.1280,3.0696,3.8158,True,3.0683
93,unknown,tracking_zigzag_064,trajectoryToLearn\world_json\cinematic_db\tracking_zigzag\tracking_zigzag_064.json,120,1.0500,4.0500,3.0000,3.0000,0.0800,0.7207,0.6407,0.8820,0.8600,0.9587,0.0987,0.1973,3.0692,3.4970,True,3.0677
94,unknown,tracking_zigzag_096,trajectoryToLearn\world_json\cinematic_db\tracking_zigzag\tracking_zigzag_096.json,120,1.0500,4.0500,3.0000,3.0000,0.0800,0.7194,0.6394,1.0398,0.8600,1.0126,0.1526,0.3052,3.0712,3.6604,True,3.0674
95,unknown,arc_left_push_030,trajectoryToLearn\world_json\cinematic_db\arc_left_push\arc_left_push_030.json,120,1.0500,4.0500,3.0000,3.0000,0.0800,-0.5582,0.6382,0.6382,0.8600,0.7858,0.0742,0.0837,3.0680,3.2764,True,3.0671
96,unknown,tracking_zigzag_042,trajectoryToLearn\world_json\cinematic_db\tracking_zigzag\tracking_zigzag_042.json,120,1.0500,4.0500,3.0000,3.0000,0.0800,0.7039,0.6239,0.8474,0.8600,0.9459,0.0859,0.1718,3.0654,3.3138,True,3.0642
97,unknown,arc_left_push_083,trajectoryToLearn\world_json\cinematic_db\arc_left_push\arc_left_push_083.json,120,1.0500,4.0500,3.0000,3.2768,0.0800,-0.5329,0.6129,0.6271,0.8600,0.9213,0.0613,0.0930,3.0626,3.7523,True,3.0620
98,unknown,orbit_right_004,trajectoryToLearn\world_json\cinematic_db\orbit_right\orbit_right_004.json,120,1.0500,4.0500,3.0000,3.0000,0.0800,0.6903,0.6103,1.0000,0.8600,0.9987,0.1387,0.2576,3.0646,4.3718,True,3.0615
99,unknown,orbit_left_025,trajectoryToLearn\world_json\cinematic_db\orbit_left\orbit_left_025.json,120,1.0500,4.0500,3.0000,3.0000,0.0800,-0.5269,0.6069,0.7374,0.8600,0.8253,0.0347,0.0816,3.0610,3.4934,True,3.0608
100,unknown,tracking_zigzag_022,trajectoryToLearn\world_json\cinematic_db\tracking_zigzag\tracking_zigzag_022.json,120,1.0500,4.0500,3.0000,3.0000,0.0800,0.6843,0.6043,0.9188,0.8600,1.0054,0.1454,0.2907,3.0637,3.6515,True,3.0603
101,unknown,orbit_left_059,trajectoryToLearn\world_json\cinematic_db\orbit_left\orbit_left_059.json,120,1.0500,4.0500,3.0000,3.0000,0.0800,-0.5130,0.5930,0.5930,0.8600,0.9111,0.0511,0.1779,3.0585,3.1784,True,3.0580
102,unknown,arc_left_push_036,trajectoryToLearn\world_json\cinematic_db\arc_left_push\arc_left_push_036.json,120,1.0500,4.0500,3.0000,3.0000,0.0800,-0.5120,0.5920,0.6088,0.8600,0.6586,0.2014,0.2097,3.0645,3.3251,True,3.0578
103,unknown,orbit_left_034,trajectoryToLearn\world_json\cinematic_db\orbit_left\orbit_left_034.json,120,1.0500,4.0020,2.9520,2.9520,0.0800,-0.7077,0.7877,0.7891,0.8600,0.7122,0.1478,0.2304,3.0589,3.1658,True,3.0553
104,unknown,orbit_right_076,trajectoryToLearn\world_json\cinematic_db\orbit_right\orbit_right_076.json,120,1.0500,4.0500,3.0000,3.0000,0.0800,0.6584,0.5784,0.7980,0.8600,0.9800,0.1200,0.2115,3.0576,4.0110,True,3.0553
105,unknown,orbit_left_045,trajectoryToLearn\world_json\cinematic_db\orbit_left\orbit_left_045.json,120,1.0500,4.0500,3.0000,3.0000,0.0800,-0.4886,0.5686,1.0000,0.8600,0.9763,0.1163,0.2330,3.0556,4.3015,True,3.0534
106,unknown,arc_left_push_068,trajectoryToLearn\world_json\cinematic_db\arc_left_push\arc_left_push_068.json,120,1.0500,4.0480,2.9980,3.0000,0.0800,-0.4896,0.5696,0.6429,0.8600,0.8484,0.0116,0.0652,3.0517,3.1859,True,3.0516
107,unknown,orbit_right_005,trajectoryToLearn\world_json\cinematic_db\orbit_right\orbit_right_005.json,120,1.0500,4.0500,3.0000,3.0000,0.0800,0.6378,0.5578,0.8961,0.8600,0.8007,0.0593,0.2244,3.0520,4.2507,True,3.0514
108,unknown,orbit_right_067,trajectoryToLearn\world_json\cinematic_db\orbit_right\orbit_right_067.json,120,1.0500,4.0500,3.0000,3.0000,0.0800,0.6371,0.5571,0.6210,0.8600,0.9450,0.0850,0.1878,3.0525,3.2359,True,3.0513
109,unknown,arc_left_push_010,trajectoryToLearn\world_json\cinematic_db\arc_left_push\arc_left_push_010.json,120,1.0500,4.0500,3.0000,3.0000,0.0800,-0.4754,0.5554,0.5557,0.8600,0.6150,0.2450,0.2450,3.0608,3.2594,True,3.0510
110,unknown,orbit_left_091,trajectoryToLearn\world_json\cinematic_db\orbit_left\orbit_left_091.json,120,1.0500,4.0500,3.0000,3.0000,0.0800,-0.4696,0.5496,0.6913,0.8600,0.8766,0.0166,0.0552,3.0500,3.2315,True,3.0499
111,unknown,orbit_right_074,trajectoryToLearn\world_json\cinematic_db\orbit_right\orbit_right_074.json,120,1.0500,4.0500,3.0000,3.0000,0.0800,0.6284,0.5484,0.5751,0.8600,0.9825,0.1225,0.2203,3.0522,3.4686,True,3.0497
112,unknown,orbit_left_089,trajectoryToLearn\world_json\cinematic_db\orbit_left\orbit_left_089.json,120,1.0500,4.0500,3.0000,3.0000,0.0800,-0.4655,0.5455,0.9450,0.8600,0.7775,0.0825,0.2224,3.0503,4.1520,True,3.0492
113,unknown,orbit_left_072,trajectoryToLearn\world_json\cinematic_db\orbit_left\orbit_left_072.json,120,1.0500,4.0500,3.0000,3.0000,0.0800,-0.4634,0.5434,0.6835,0.8600,0.8046,0.0554,0.2097,3.0493,3.7110,True,3.0488
114,unknown,orbit_right_092,trajectoryToLearn\world_json\cinematic_db\orbit_right\orbit_right_092.json,120,1.0500,4.0500,3.0000,3.0000,0.0800,0.6177,0.5377,0.8057,0.8600,0.7646,0.0954,0.2439,3.0493,3.9661,True,3.0478
115,unknown,orbit_left_058,trajectoryToLearn\world_json\cinematic_db\orbit_left\orbit_left_058.json,120,1.0500,4.0500,3.0000,3.0000,0.0800,-0.4573,0.5373,0.6337,0.8600,0.9280,0.0680,0.1227,3.0485,3.6659,True,3.0477
116,unknown,orbit_left_013,trajectoryToLearn\world_json\cinematic_db\orbit_left\orbit_left_013.json,120,1.0500,4.0500,3.0000,3.0000,0.0800,-0.4563,0.5363,0.5838,0.8600,0.9372,0.0772,0.2212,3.0485,3.2178,True,3.0476
117,unknown,orbit_left_022,trajectoryToLearn\world_json\cinematic_db\orbit_left\orbit_left_022.json,120,1.0500,4.0500,3.0000,3.0000,0.0800,-0.4561,0.5361,1.0000,0.8600,0.9752,0.1152,0.1421,3.0497,4.1727,True,3.0475
118,unknown,orbit_left_053,trajectoryToLearn\world_json\cinematic_db\orbit_left\orbit_left_053.json,120,1.0500,4.0500,3.0000,3.0000,0.0800,-0.4550,0.5350,0.9628,0.8600,0.9316,0.0716,0.1988,3.0482,4.1988,True,3.0473
119,unknown,arc_left_push_061,trajectoryToLearn\world_json\cinematic_db\arc_left_push\arc_left_push_061.json,120,1.0500,4.0500,3.0000,3.0592,0.0800,-0.4529,0.5329,0.5394,0.8600,0.7461,0.1139,0.1139,3.0491,3.3489,True,3.0470
120,unknown,arc_left_push_090,trajectoryToLearn\world_json\cinematic_db\arc_left_push\arc_left_push_090.json,120,1.0500,4.0500,3.0000,3.4576,0.0800,-0.4529,0.5329,0.6494,0.8600,0.8744,0.0144,0.1055,3.0470,4.2815,True,3.0470
121,unknown,tracking_zigzag_018,trajectoryToLearn\world_json\cinematic_db\tracking_zigzag\tracking_zigzag_018.json,120,1.0500,4.0500,3.0000,3.0000,0.0800,0.6110,0.5310,0.8588,0.8600,0.9154,0.0554,0.1107,3.0471,3.4734,True,3.0466
122,unknown,orbit_left_096,trajectoryToLearn\world_json\cinematic_db\orbit_left\orbit_left_096.json,120,1.0500,4.0500,3.0000,3.0000,0.0800,-0.4507,0.5307,0.5862,0.8600,0.9453,0.0853,0.1852,3.0478,3.2967,True,3.0466
123,unknown,tracking_zigzag_081,trajectoryToLearn\world_json\cinematic_db\tracking_zigzag\tracking_zigzag_081.json,120,1.0500,4.0500,3.0000,3.0000,0.0800,0.6089,0.5289,0.7676,0.8600,0.9770,0.1170,0.2341,3.0485,3.5484,True,3.0463
124,unknown,arc_left_push_021,trajectoryToLearn\world_json\cinematic_db\arc_left_push\arc_left_push_021.json,120,1.0500,4.0500,3.0000,3.2034,0.0800,-0.4461,0.5261,0.5314,0.8600,0.6624,0.1976,0.2031,3.0522,3.5463,True,3.0458
125,unknown,orbit_right_048,trajectoryToLearn\world_json\cinematic_db\orbit_right\orbit_right_048.json,120,1.0500,3.9351,2.8851,2.8851,0.0800,1.0559,0.9759,1.3380,0.8600,0.8710,0.0110,0.2153,3.0457,3.7914,True,3.0457
126,unknown,arc_left_push_084,trajectoryToLearn\world_json\cinematic_db\arc_left_push\arc_left_push_084.json,120,1.0500,4.0500,3.0000,3.0000,0.0800,-0.4433,0.5233,0.5828,0.8600,0.7367,0.1233,0.1265,3.0478,3.2320,True,3.0453
127,unknown,orbit_left_020,trajectoryToLearn\world_json\cinematic_db\orbit_left\orbit_left_020.json,120,1.0500,4.0500,3.0000,3.0000,0.0800,-0.4423,0.5223,0.8395,0.8600,0.9329,0.0729,0.1298,3.0460,4.2572,True,3.0451
128,unknown,orbit_right_010,trajectoryToLearn\world_json\cinematic_db\orbit_right\orbit_right_010.json,120,1.0500,4.0500,3.0000,3.0000,0.0800,0.6022,0.5222,0.6688,0.8600,0.8597,0.0003,0.0849,3.0451,3.7553,True,3.0451
129,unknown,orbit_left_073,trajectoryToLearn\world_json\cinematic_db\orbit_left\orbit_left_073.json,120,1.0500,4.0500,3.0000,3.0000,0.0800,-0.4418,0.5218,0.6589,0.8600,0.7444,0.1156,0.1939,3.0472,3.3393,True,3.0450
130,unknown,orbit_right_030,trajectoryToLearn\world_json\cinematic_db\orbit_right\orbit_right_030.json,120,1.0500,4.0500,3.0000,3.0000,0.0800,0.5960,0.5160,0.5160,0.8600,1.0809,0.2209,0.2912,3.0521,3.2645,True,3.0441
131,unknown,orbit_right_057,trajectoryToLearn\world_json\cinematic_db\orbit_right\orbit_right_057.json,120,1.0500,4.0500,3.0000,3.0000,0.0800,0.5959,0.5159,0.7288,0.8600,0.7921,0.0679,0.2101,3.0448,3.6967,True,3.0440
132,unknown,orbit_right_055,trajectoryToLearn\world_json\cinematic_db\orbit_right\orbit_right_055.json,120,1.0500,4.0500,3.0000,3.0000,0.0800,0.5893,0.5093,0.8570,0.8600,0.9043,0.0443,0.0851,3.0432,3.6382,True,3.0429
133,unknown,orbit_right_078,trajectoryToLearn\world_json\cinematic_db\orbit_right\orbit_right_078.json,120,1.0500,4.0229,2.9729,2.9729,0.0800,0.7273,0.6473,0.6473,0.8600,1.0158,0.1558,0.2113,3.0466,3.4474,True,3.0426
134,unknown,orbit_right_028,trajectoryToLearn\world_json\cinematic_db\orbit_right\orbit_right_028.json,120,1.0500,4.0500,3.0000,3.0000,0.0800,0.5860,0.5060,0.6154,0.8600,0.9728,0.1128,0.1894,3.0445,3.3396,True,3.0424
135,unknown,tracking_zigzag_062,trajectoryToLearn\world_json\cinematic_db\tracking_zigzag\tracking_zigzag_062.json,120,1.0500,4.0500,3.0000,3.0000,0.0800,0.5815,0.5015,0.8454,0.8600,0.9148,0.0548,0.1095,3.0421,3.5071,True,3.0416
136,unknown,orbit_right_023,trajectoryToLearn\world_json\cinematic_db\orbit_right\orbit_right_023.json,120,1.0500,4.0500,3.0000,3.0000,0.0800,0.5784,0.4984,0.6178,0.8600,0.7692,0.0908,0.1520,3.0425,3.3706,True,3.0411
137,unknown,orbit_left_064,trajectoryToLearn\world_json\cinematic_db\orbit_left\orbit_left_064.json,120,1.0500,4.0398,2.9898,2.9898,0.0800,-0.4729,0.5529,0.9145,0.8600,0.7059,0.1541,0.1864,3.0444,3.6292,True,3.0405
138,unknown,orbit_left_074,trajectoryToLearn\world_json\cinematic_db\orbit_left\orbit_left_074.json,120,1.0500,4.0500,3.0000,3.0000,0.0800,-0.4064,0.4864,0.6474,0.8600,0.9282,0.0682,0.2152,3.0399,3.3033,True,3.0392
139,unknown,tracking_zigzag_058,trajectoryToLearn\world_json\cinematic_db\tracking_zigzag\tracking_zigzag_058.json,120,1.0500,4.0500,3.0000,3.0000,0.0800,0.5625,0.4825,0.8457,0.8600,0.9400,0.0800,0.1599,3.0396,3.6506,True,3.0385
140,unknown,tracking_zigzag_078,trajectoryToLearn\world_json\cinematic_db\tracking_zigzag\tracking_zigzag_078.json,120,1.0500,4.0500,3.0000,3.0000,0.0800,0.5621,0.4821,0.8687,0.8600,1.0169,0.1569,0.3137,3.0425,3.7668,True,3.0385
141,unknown,orbit_left_040,trajectoryToLearn\world_json\cinematic_db\orbit_left\orbit_left_040.json,120,1.0500,4.0500,3.0000,3.0000,0.0800,-0.4008,0.4808,0.7516,0.8600,0.8870,0.0270,0.0780,3.0384,3.3901,True,3.0383
142,unknown,orbit_left_029,trajectoryToLearn\world_json\cinematic_db\orbit_left\orbit_left_029.json,120,1.0500,4.0500,3.0000,3.0000,0.0800,-0.3943,0.4743,0.5879,0.8600,0.7523,0.1077,0.2216,3.0392,3.2136,True,3.0373
143,unknown,orbit_left_039,trajectoryToLearn\world_json\cinematic_db\orbit_left\orbit_left_039.json,120,1.0500,4.0500,3.0000,3.0000,0.0800,-0.3859,0.4659,0.6992,0.8600,0.5402,0.3198,0.3344,3.0528,3.4694,True,3.0360
144,unknown,orbit_left_027,trajectoryToLearn\world_json\cinematic_db\orbit_left\orbit_left_027.json,120,1.0500,4.0500,3.0000,3.0000,0.0800,-0.3841,0.4641,0.5288,0.8600,0.8265,0.0335,0.1508,3.0359,3.5483,True,3.0357
145,unknown,orbit_left_005,trajectoryToLearn\world_json\cinematic_db\orbit_left\orbit_left_005.json,120,1.0500,4.0500,3.0000,3.0000,0.0800,-0.3826,0.4626,0.5037,0.8600,0.9093,0.0493,0.2013,3.0359,3.2629,True,3.0355
146,unknown,tracking_zigzag_002,trajectoryToLearn\world_json\cinematic_db\tracking_zigzag\tracking_zigzag_002.json,120,1.0500,4.0500,3.0000,3.0000,0.0800,0.5422,0.4622,0.7443,0.8600,1.0150,0.1550,0.3099,3.0394,3.3714,True,3.0354
147,unknown,tracking_zigzag_039,trajectoryToLearn\world_json\cinematic_db\tracking_zigzag\tracking_zigzag_039.json,120,1.0500,4.0500,3.0000,3.0000,0.0800,0.5418,0.4618,1.0078,0.8600,0.9315,0.0715,0.1430,3.0362,3.6574,True,3.0353
148,unknown,tracking_zigzag_030,trajectoryToLearn\world_json\cinematic_db\tracking_zigzag\tracking_zigzag_030.json,120,1.0500,3.9738,2.9238,2.9238,0.0800,0.8878,0.8078,1.1130,0.8600,0.9477,0.0877,0.1754,3.0347,3.4291,True,3.0334
149,unknown,arc_left_push_015,trajectoryToLearn\world_json\cinematic_db\arc_left_push\arc_left_push_015.json,120,1.0500,4.0500,3.0000,3.0000,0.0800,-0.3643,0.4443,0.5753,0.8600,0.8289,0.0311,0.1099,3.0329,3.3929,True,3.0327
150,unknown,arc_left_push_002,trajectoryToLearn\world_json\cinematic_db\arc_left_push\arc_left_push_002.json,120,1.0500,4.0220,2.9720,2.9759,0.0800,-0.5104,0.5904,0.8231,0.8600,0.7507,0.1093,0.1093,3.0321,3.3630,True,3.0301
151,unknown,arc_left_push_048,trajectoryToLearn\world_json\cinematic_db\arc_left_push\arc_left_push_048.json,120,1.0500,4.0500,3.0000,3.0904,0.0800,-0.3423,0.4223,0.4433,0.8600,0.9970,0.1370,0.1377,3.0327,3.4943,True,3.0296
152,unknown,arc_left_push_087,trajectoryToLearn\world_json\cinematic_db\arc_left_push\arc_left_push_087.json,120,1.0500,4.0500,3.0000,3.0000,0.0800,-0.3421,0.4221,0.6282,0.8600,0.8682,0.0082,0.0578,3.0296,3.3333,True,3.0295
153,unknown,tracking_zigzag_004,trajectoryToLearn\world_json\cinematic_db\tracking_zigzag\tracking_zigzag_004.json,120,1.0500,4.0500,3.0000,3.0000,0.0800,0.4970,0.4170,0.5731,0.8600,0.9510,0.0910,0.1819,3.0302,3.2649,True,3.0288
154,unknown,tracking_zigzag_031,trajectoryToLearn\world_json\cinematic_db\tracking_zigzag\tracking_zigzag_031.json,120,1.0500,4.0500,3.0000,3.0000,0.0800,0.4939,0.4139,0.5701,0.8600,1.0130,0.1530,0.3060,3.0323,3.3292,True,3.0284
155,unknown,arc_left_push_088,trajectoryToLearn\world_json\cinematic_db\arc_left_push\arc_left_push_088.json,120,1.0500,4.0500,3.0000,3.0226,0.0800,-0.3315,0.4115,0.4293,0.8600,0.7304,0.1296,0.1296,3.0309,3.1544,True,3.0281
156,unknown,tracking_zigzag_097,trajectoryToLearn\world_json\cinematic_db\tracking_zigzag\tracking_zigzag_097.json,120,1.0500,4.0500,3.0000,3.0000,0.0800,0.4696,0.3896,0.9217,0.8600,0.9159,0.0559,0.1118,3.0257,3.6246,True,3.0252
157,unknown,orbit_right_084,trajectoryToLearn\world_json\cinematic_db\orbit_right\orbit_right_084.json,120,1.0500,3.9899,2.9399,2.9460,0.0800,0.7930,0.7130,0.7515,0.8600,0.7664,0.0936,0.2458,3.0266,3.6067,True,3.0251
158,unknown,orbit_left_056,trajectoryToLearn\world_json\cinematic_db\orbit_left\orbit_left_056.json,120,1.0500,3.9721,2.9221,2.9221,0.0800,-0.7008,0.7808,1.5141,0.8600,0.8530,0.0070,0.0979,3.0247,4.6269,True,3.0246
159,unknown,orbit_right_082,trajectoryToLearn\world_json\cinematic_db\orbit_right\orbit_right_082.json,120,1.0500,4.0500,3.0000,3.0000,0.0800,0.4629,0.3829,0.6175,0.8600,1.0694,0.2094,0.2389,3.0316,3.6943,True,3.0243
160,unknown,orbit_left_078,trajectoryToLearn\world_json\cinematic_db\orbit_left\orbit_left_078.json,120,1.0500,3.9037,2.8537,2.8570,0.0800,-0.9200,1.0000,1.9548,0.8600,1.0608,0.2008,0.2153,3.0305,5.4689,True,3.0239
161,unknown,tracking_zigzag_003,trajectoryToLearn\world_json\cinematic_db\tracking_zigzag\tracking_zigzag_003.json,120,1.0500,4.0038,2.9538,2.9538,0.0800,0.7261,0.6461,1.0807,0.8600,0.9163,0.0563,0.1127,3.0241,3.4854,True,3.0236
162,unknown,orbit_left_080,trajectoryToLearn\world_json\cinematic_db\orbit_left\orbit_left_080.json,120,1.0500,4.0500,3.0000,3.0000,0.0800,-0.2964,0.3764,0.6395,0.8600,0.6809,0.1791,0.2277,3.0288,3.6154,True,3.0235
163,unknown,arc_left_push_037,trajectoryToLearn\world_json\cinematic_db\arc_left_push\arc_left_push_037.json,120,1.0500,4.0500,3.0000,3.2768,0.0800,-0.2886,0.3686,0.5804,0.8600,0.9543,0.0943,0.1504,3.0240,4.0723,True,3.0226
164,unknown,orbit_right_068,trajectoryToLearn\world_json\cinematic_db\orbit_right\orbit_right_068.json,120,1.0500,4.0500,3.0000,3.0000,0.0800,0.4484,0.3684,0.6465,0.8600,0.9182,0.0582,0.1353,3.0231,3.7878,True,3.0225
165,unknown,tracking_zigzag_044,trajectoryToLearn\world_json\cinematic_db\tracking_zigzag\tracking_zigzag_044.json,120,1.0500,4.0500,3.0000,3.0000,0.0800,0.4479,0.3679,0.8145,0.8600,0.9614,0.1014,0.2027,3.0242,3.4502,True,3.0225
166,unknown,arc_left_push_011,trajectoryToLearn\world_json\cinematic_db\arc_left_push\arc_left_push_011.json,120,1.0500,3.9968,2.9468,3.1502,0.0800,-0.5875,0.6675,0.6790,0.8600,0.9274,0.0674,0.0910,3.0222,3.5713,True,3.0215
167,unknown,orbit_left_003,trajectoryToLearn\world_json\cinematic_db\orbit_left\orbit_left_003.json,120,1.0500,4.0500,3.0000,3.0000,0.0800,-0.2691,0.3491,0.4602,0.8600,0.7522,0.1078,0.1316,3.0222,3.7159,True,3.0202
168,unknown,orbit_right_049,trajectoryToLearn\world_json\cinematic_db\orbit_right\orbit_right_049.json,120,1.0500,4.0500,3.0000,3.0000,0.0800,0.4289,0.3489,0.6816,0.8600,0.6603,0.1997,0.2375,3.0268,3.8317,True,3.0202
169,unknown,dolly_push_in_032,trajectoryToLearn\world_json\cinematic_db\dolly_push_in\dolly_push_in_032.json,120,1.0500,4.0500,3.0000,3.0000,0.0800,-0.2684,0.3484,0.4096,0.8600,0.9485,0.0885,0.1066,3.0215,3.1758,True,3.0202
170,unknown,tracking_zigzag_017,trajectoryToLearn\world_json\cinematic_db\tracking_zigzag\tracking_zigzag_017.json,120,1.0500,4.0500,3.0000,3.0000,0.0800,-0.2584,0.3384,0.9088,0.8600,0.9509,0.0909,0.1817,3.0204,3.9351,True,3.0190
171,unknown,dolly_push_in_043,trajectoryToLearn\world_json\cinematic_db\dolly_push_in\dolly_push_in_043.json,120,1.0500,4.0500,3.0000,3.0000,0.0800,-0.2465,0.3265,0.4253,0.8600,0.7602,0.0998,0.1003,3.0194,3.4591,True,3.0177
172,unknown,tracking_zigzag_040,trajectoryToLearn\world_json\cinematic_db\tracking_zigzag\tracking_zigzag_040.json,120,1.0500,4.0500,3.0000,3.0000,0.0800,-0.2421,0.3221,1.0458,0.8600,0.9328,0.0728,0.1456,3.0181,4.0962,True,3.0172
173,unknown,tracking_zigzag_012,trajectoryToLearn\world_json\cinematic_db\tracking_zigzag\tracking_zigzag_012.json,120,1.0500,4.0366,2.9866,2.9866,0.0800,0.4937,0.4137,0.5658,0.8600,0.9676,0.1076,0.2152,3.0171,3.1479,True,3.0151
174,unknown,dolly_push_in_044,trajectoryToLearn\world_json\cinematic_db\dolly_push_in\dolly_push_in_044.json,120,1.0500,4.0500,3.0000,3.0000,0.0800,0.3697,0.2897,0.3884,0.8600,0.8777,0.0177,0.0759,3.0140,3.3330,True,3.0140
175,unknown,tracking_zigzag_080,trajectoryToLearn\world_json\cinematic_db\tracking_zigzag\tracking_zigzag_080.json,120,1.0500,4.0500,3.0000,3.0000,0.0800,0.3662,0.2862,0.6053,0.8600,1.0135,0.1535,0.3069,3.0175,3.5144,True,3.0136
176,unknown,arc_left_push_062,trajectoryToLearn\world_json\cinematic_db\arc_left_push\arc_left_push_062.json,120,1.0500,4.0500,3.0000,3.0508,0.0800,-0.2049,0.2849,0.3675,0.8600,0.9040,0.0440,0.0716,3.0138,3.3147,True,3.0135
177,unknown,arc_left_push_099,trajectoryToLearn\world_json\cinematic_db\arc_left_push\arc_left_push_099.json,120,1.0500,4.0500,3.0000,3.4576,0.0800,-0.2019,0.2819,0.3305,0.8600,0.7695,0.0905,0.1197,3.0146,4.1465,True,3.0132
178,unknown,orbit_left_055,trajectoryToLearn\world_json\cinematic_db\orbit_left\orbit_left_055.json,120,1.0500,4.0500,3.0000,3.0000,0.0800,-0.1991,0.2792,0.5555,0.8600,1.0308,0.1708,0.2463,3.0178,3.5718,True,3.0130
179,unknown,arc_left_push_096,trajectoryToLearn\world_json\cinematic_db\arc_left_push\arc_left_push_096.json,120,1.0500,4.0500,3.0000,3.2646,0.0800,-0.1990,0.2790,0.3077,0.8600,0.9657,0.1057,0.1059,3.0148,3.6988,True,3.0129
180,unknown,tracking_zigzag_000,trajectoryToLearn\world_json\cinematic_db\tracking_zigzag\tracking_zigzag_000.json,120,1.0500,4.0500,3.0000,3.0000,0.0800,0.3511,0.2711,0.5187,0.8600,0.9922,0.1322,0.2643,3.0151,3.2611,True,3.0122
181,unknown,tracking_zigzag_076,trajectoryToLearn\world_json\cinematic_db\tracking_zigzag\tracking_zigzag_076.json,120,1.0500,4.0500,3.0000,3.0000,0.0800,-0.1876,0.2676,0.8852,0.8600,1.0022,0.1422,0.2843,3.0153,4.1153,True,3.0119
182,unknown,tracking_zigzag_055,trajectoryToLearn\world_json\cinematic_db\tracking_zigzag\tracking_zigzag_055.json,120,1.0500,4.0500,3.0000,3.0000,0.0800,0.3439,0.2639,0.7440,0.8600,0.9581,0.0981,0.1961,3.0132,3.6301,True,3.0116
183,unknown,dolly_push_in_013,trajectoryToLearn\world_json\cinematic_db\dolly_push_in\dolly_push_in_013.json,120,1.0500,4.0500,3.0000,3.0000,0.0800,-0.1756,0.2556,0.2915,0.8600,0.9892,0.1292,0.1383,3.0136,3.1379,True,3.0109
184,unknown,dolly_push_in_066,trajectoryToLearn\world_json\cinematic_db\dolly_push_in\dolly_push_in_066.json,120,1.0500,4.0500,3.0000,3.0000,0.0800,0.3223,0.2423,0.2824,0.8600,1.0003,0.1403,0.1526,3.0130,3.0717,True,3.0098
185,unknown,dolly_push_in_019,trajectoryToLearn\world_json\cinematic_db\dolly_push_in\dolly_push_in_019.json,120,1.0500,4.0500,3.0000,3.0000,0.0800,0.3120,0.2320,0.3244,0.8600,0.9554,0.0954,0.1002,3.0105,3.1443,True,3.0090
186,unknown,tracking_zigzag_026,trajectoryToLearn\world_json\cinematic_db\tracking_zigzag\tracking_zigzag_026.json,120,1.0500,4.0500,3.0000,3.0000,0.0800,-0.1506,0.2306,0.7097,0.8600,0.9926,0.1326,0.2651,3.0118,3.8150,True,3.0089
187,unknown,arc_left_push_041,trajectoryToLearn\world_json\cinematic_db\arc_left_push\arc_left_push_041.json,120,1.0500,4.0500,3.0000,3.1412,0.0800,-0.1438,0.2238,0.3290,0.8600,0.8587,0.0013,0.0542,3.0083,3.5947,True,3.0083
188,unknown,tracking_zigzag_070,trajectoryToLearn\world_json\cinematic_db\tracking_zigzag\tracking_zigzag_070.json,120,1.0500,4.0500,3.0000,3.0000,0.0800,0.3028,0.2228,0.3778,0.8600,0.9491,0.0891,0.1781,3.0096,3.1481,True,3.0083
189,unknown,dolly_push_in_042,trajectoryToLearn\world_json\cinematic_db\dolly_push_in\dolly_push_in_042.json,120,1.0500,4.0500,3.0000,3.0000,0.0800,0.2921,0.2121,0.2968,0.8600,0.7534,0.1066,0.1231,3.0094,3.2172,True,3.0075
190,unknown,dolly_push_in_081,trajectoryToLearn\world_json\cinematic_db\dolly_push_in\dolly_push_in_081.json,120,1.0500,4.0500,3.0000,3.0000,0.0800,0.2821,0.2021,0.3352,0.8600,0.9160,0.0560,0.0918,3.0073,3.1916,True,3.0068
191,unknown,tracking_zigzag_041,trajectoryToLearn\world_json\cinematic_db\tracking_zigzag\tracking_zigzag_041.json,120,1.0500,4.0500,3.0000,3.0000,0.0800,0.2734,0.1934,0.3467,0.8600,0.9367,0.0767,0.1534,3.0072,3.2057,True,3.0062
192,unknown,tracking_zigzag_059,trajectoryToLearn\world_json\cinematic_db\tracking_zigzag\tracking_zigzag_059.json,120,1.0500,4.0500,3.0000,3.0000,0.0800,0.2717,0.1917,0.6864,0.8600,0.9145,0.0545,0.1090,3.0066,3.4546,True,3.0061
193,unknown,arc_left_push_092,trajectoryToLearn\world_json\cinematic_db\arc_left_push\arc_left_push_092.json,120,1.0500,3.9996,2.9496,3.2289,0.0800,-0.4997,0.5797,0.5797,0.8600,1.0111,0.1511,0.1869,3.0098,3.7726,True,3.0060
194,unknown,arc_left_push_031,trajectoryToLearn\world_json\cinematic_db\arc_left_push\arc_left_push_031.json,120,1.0500,4.0500,3.0000,3.0246,0.0800,-0.1103,0.1903,0.4055,0.8600,0.6908,0.1692,0.1692,3.0108,3.2382,True,3.0060
195,unknown,dolly_push_in_059,trajectoryToLearn\world_json\cinematic_db\dolly_push_in\dolly_push_in_059.json,120,1.0500,4.0500,3.0000,3.0000,0.0800,-0.1037,0.1837,0.2259,0.8600,0.9858,0.1258,0.1443,3.0083,3.1692,True,3.0056
196,unknown,dolly_push_in_045,trajectoryToLearn\world_json\cinematic_db\dolly_push_in\dolly_push_in_045.json,120,1.0500,4.0500,3.0000,3.0000,0.0800,0.2624,0.1824,0.1824,0.8600,0.8850,0.0250,0.0390,3.0056,3.1228,True,3.0055
197,unknown,dolly_push_in_006,trajectoryToLearn\world_json\cinematic_db\dolly_push_in\dolly_push_in_006.json,120,1.0500,4.0500,3.0000,3.0000,0.0800,-0.1016,0.1816,0.2132,0.8600,0.8607,0.0007,0.0639,3.0055,3.1670,True,3.0055
198,unknown,tracking_zigzag_036,trajectoryToLearn\world_json\cinematic_db\tracking_zigzag\tracking_zigzag_036.json,120,1.0500,4.0500,3.0000,3.0000,0.0800,-0.0975,0.1775,0.4662,0.8600,0.9193,0.0593,0.1186,3.0058,3.4914,True,3.0052
199,unknown,dolly_push_in_039,trajectoryToLearn\world_json\cinematic_db\dolly_push_in\dolly_push_in_039.json,120,1.0500,4.0500,3.0000,3.0000,0.0800,-0.0964,0.1764,0.2380,0.8600,0.8987,0.0387,0.0649,3.0054,3.1971,True,3.0052
200,unknown,dolly_push_in_053,trajectoryToLearn\world_json\cinematic_db\dolly_push_in\dolly_push_in_053.json,120,1.0500,4.0500,3.0000,3.0000,0.0800,0.2485,0.1685,0.4024,0.8600,0.9178,0.0578,0.0578,3.0053,3.4141,True,3.0047
201,unknown,dolly_push_in_070,trajectoryToLearn\world_json\cinematic_db\dolly_push_in\dolly_push_in_070.json,120,1.0500,4.0500,3.0000,3.0000,0.0800,-0.0738,0.1538,0.2228,0.8600,0.8441,0.0159,0.0257,3.0040,3.1121,True,3.0039
202,unknown,dolly_push_in_002,trajectoryToLearn\world_json\cinematic_db\dolly_push_in\dolly_push_in_002.json,120,1.0500,4.0500,3.0000,3.0000,0.0800,0.2331,0.1531,0.2711,0.8600,0.8697,0.0097,0.0859,3.0039,3.2497,True,3.0039
203,unknown,tracking_zigzag_035,trajectoryToLearn\world_json\cinematic_db\tracking_zigzag\tracking_zigzag_035.json,120,1.0500,4.0500,3.0000,3.0000,0.0800,0.2331,0.1531,0.4822,0.8600,0.9390,0.0790,0.1581,3.0049,3.3742,True,3.0039
204,unknown,dolly_push_in_087,trajectoryToLearn\world_json\cinematic_db\dolly_push_in\dolly_push_in_087.json,120,1.0500,4.0500,3.0000,3.0000,0.0800,-0.0708,0.1508,0.2711,0.8600,0.9773,0.1173,0.1208,3.0061,3.1482,True,3.0038
205,unknown,dolly_push_in_092,trajectoryToLearn\world_json\cinematic_db\dolly_push_in\dolly_push_in_092.json,120,1.0500,4.0500,3.0000,3.0000,0.0800,-0.0708,0.1508,0.2289,0.8600,0.8938,0.0338,0.0358,3.0040,3.1793,True,3.0038
206,unknown,dolly_push_in_090,trajectoryToLearn\world_json\cinematic_db\dolly_push_in\dolly_push_in_090.json,120,1.0500,4.0500,3.0000,3.0000,0.0800,-0.0654,0.1454,0.1603,0.8600,0.7545,0.1055,0.1212,3.0054,3.0590,True,3.0035
207,unknown,dolly_push_in_079,trajectoryToLearn\world_json\cinematic_db\dolly_push_in\dolly_push_in_079.json,120,1.0500,4.0500,3.0000,3.0000,0.0800,-0.0630,0.1430,0.2096,0.8600,0.7942,0.0658,0.0658,3.0041,3.1853,True,3.0034
208,unknown,dolly_push_in_080,trajectoryToLearn\world_json\cinematic_db\dolly_push_in\dolly_push_in_080.json,120,1.0500,4.0500,3.0000,3.0000,0.0800,-0.0611,0.1411,0.2522,0.8600,0.8378,0.0222,0.0451,3.0034,3.2728,True,3.0033
209,unknown,dolly_push_in_082,trajectoryToLearn\world_json\cinematic_db\dolly_push_in\dolly_push_in_082.json,120,1.0500,4.0500,3.0000,3.0000,0.0800,-0.0609,0.1409,0.2111,0.8600,0.9464,0.0864,0.1121,3.0045,3.1415,True,3.0033
210,unknown,dolly_push_in_028,trajectoryToLearn\world_json\cinematic_db\dolly_push_in\dolly_push_in_028.json,120,1.0500,4.0500,3.0000,3.0000,0.0800,0.2203,0.1403,0.2212,0.8600,0.9475,0.0875,0.1159,3.0046,3.1316,True,3.0033
211,unknown,dolly_push_in_096,trajectoryToLearn\world_json\cinematic_db\dolly_push_in\dolly_push_in_096.json,120,1.0500,4.0500,3.0000,3.0000,0.0800,0.2193,0.1393,0.2398,0.8600,0.8887,0.0287,0.0644,3.0034,3.2634,True,3.0032
212,unknown,dolly_push_in_029,trajectoryToLearn\world_json\cinematic_db\dolly_push_in\dolly_push_in_029.json,120,1.0500,4.0500,3.0000,3.0000,0.0800,-0.0533,0.1333,0.2408,0.8600,0.7919,0.0681,0.0681,3.0037,3.2013,True,3.0030
213,unknown,dolly_push_in_097,trajectoryToLearn\world_json\cinematic_db\dolly_push_in\dolly_push_in_097.json,120,1.0500,4.0500,3.0000,3.0000,0.0800,-0.0529,0.1329,0.1869,0.8600,0.9256,0.0656,0.0956,3.0037,3.2093,True,3.0029
214,unknown,dolly_push_in_086,trajectoryToLearn\world_json\cinematic_db\dolly_push_in\dolly_push_in_086.json,120,1.0500,4.0500,3.0000,3.0000,0.0800,0.2108,0.1308,0.2140,0.8600,0.9971,0.1371,0.1414,3.0060,3.1237,True,3.0029
215,unknown,dolly_push_in_088,trajectoryToLearn\world_json\cinematic_db\dolly_push_in\dolly_push_in_088.json,120,1.0500,4.0500,3.0000,3.0000,0.0800,-0.0429,0.1229,0.1847,0.8600,0.8552,0.0048,0.0539,3.0025,3.0392,True,3.0025
216,unknown,tracking_zigzag_068,trajectoryToLearn\world_json\cinematic_db\tracking_zigzag\tracking_zigzag_068.json,120,1.0500,4.0500,3.0000,3.0000,0.0800,0.2015,0.1215,0.4701,0.8600,1.0079,0.1479,0.2958,3.0061,3.4754,True,3.0025
217,unknown,dolly_push_in_046,trajectoryToLearn\world_json\cinematic_db\dolly_push_in\dolly_push_in_046.json,120,1.0500,4.0500,3.0000,3.0000,0.0800,0.2012,0.1212,0.2465,0.8600,0.8082,0.0518,0.0727,3.0029,3.1501,True,3.0024
218,unknown,dolly_push_in_009,trajectoryToLearn\world_json\cinematic_db\dolly_push_in\dolly_push_in_009.json,120,1.0500,4.0500,3.0000,3.0000,0.0800,0.2006,0.1206,0.2485,0.8600,0.8424,0.0176,0.0396,3.0025,3.2077,True,3.0024
219,unknown,dolly_push_in_075,trajectoryToLearn\world_json\cinematic_db\dolly_push_in\dolly_push_in_075.json,120,1.0500,4.0500,3.0000,3.0000,0.0800,0.1986,0.1186,0.1429,0.8600,0.9416,0.0816,0.1446,3.0035,3.2015,True,3.0023
220,unknown,tracking_zigzag_008,trajectoryToLearn\world_json\cinematic_db\tracking_zigzag\tracking_zigzag_008.json,120,1.0500,4.0500,3.0000,3.0000,0.0800,0.1972,0.1172,0.5429,0.8600,1.0049,0.1449,0.2899,3.0058,3.4658,True,3.0023
221,unknown,tracking_zigzag_024,trajectoryToLearn\world_json\cinematic_db\tracking_zigzag\tracking_zigzag_024.json,120,1.0500,4.0500,3.0000,3.0000,0.0800,0.1953,0.1153,0.8215,0.8600,0.9437,0.0837,0.1674,3.0034,3.7714,True,3.0022
222,unknown,tracking_zigzag_088,trajectoryToLearn\world_json\cinematic_db\tracking_zigzag\tracking_zigzag_088.json,120,1.0500,4.0500,3.0000,3.0000,0.0800,0.1946,0.1146,0.6934,0.8600,0.9907,0.1307,0.2614,3.0050,3.6031,True,3.0022
223,unknown,tracking_zigzag_087,trajectoryToLearn\world_json\cinematic_db\tracking_zigzag\tracking_zigzag_087.json,120,1.0500,4.0500,3.0000,3.0000,0.0800,-0.0335,0.1135,0.3601,0.8600,0.9818,0.1218,0.2435,3.0046,3.3741,True,3.0021
224,unknown,dolly_push_in_016,trajectoryToLearn\world_json\cinematic_db\dolly_push_in\dolly_push_in_016.json,120,1.0500,4.0500,3.0000,3.0000,0.0800,0.1924,0.1124,0.1710,0.8600,0.8811,0.0211,0.0410,3.0022,3.0893,True,3.0021
225,unknown,dolly_push_in_068,trajectoryToLearn\world_json\cinematic_db\dolly_push_in\dolly_push_in_068.json,120,1.0500,4.0500,3.0000,3.0000,0.0800,-0.0320,0.1120,0.2354,0.8600,0.8918,0.0318,0.0509,3.0023,3.1393,True,3.0021
226,unknown,dolly_push_in_094,trajectoryToLearn\world_json\cinematic_db\dolly_push_in\dolly_push_in_094.json,120,1.0500,4.0500,3.0000,3.0000,0.0800,-0.0258,0.1058,0.2150,0.8600,0.8958,0.0358,0.0467,3.0021,3.1964,True,3.0019
227,unknown,tracking_zigzag_090,trajectoryToLearn\world_json\cinematic_db\tracking_zigzag\tracking_zigzag_090.json,120,1.0500,4.0500,3.0000,3.0000,0.0800,-0.0232,0.1032,0.5113,0.8600,0.9474,0.0874,0.1748,3.0030,3.5443,True,3.0018
228,unknown,dolly_push_in_011,trajectoryToLearn\world_json\cinematic_db\dolly_push_in\dolly_push_in_011.json,120,1.0500,4.0500,3.0000,3.0000,0.0800,-0.0209,0.1009,0.2285,0.8600,0.9182,0.0582,0.0582,3.0023,3.2289,True,3.0017
229,unknown,dolly_push_in_023,trajectoryToLearn\world_json\cinematic_db\dolly_push_in\dolly_push_in_023.json,120,1.0500,4.0500,3.0000,3.0000,0.0800,-0.0126,0.0926,0.2583,0.8600,0.9405,0.0805,0.1185,3.0025,3.2200,True,3.0014
230,unknown,tracking_zigzag_089,trajectoryToLearn\world_json\cinematic_db\tracking_zigzag\tracking_zigzag_089.json,120,1.0500,4.0500,3.0000,3.0000,0.0800,-0.0091,0.0891,0.7093,0.8600,0.9657,0.1057,0.2114,3.0032,3.6840,True,3.0013
231,unknown,dolly_push_in_020,trajectoryToLearn\world_json\cinematic_db\dolly_push_in\dolly_push_in_020.json,120,1.0500,4.0500,3.0000,3.0000,0.0800,0.1652,0.0852,0.1472,0.8600,0.9023,0.0423,0.0775,3.0015,3.0839,True,3.0012
232,unknown,dolly_push_in_067,trajectoryToLearn\world_json\cinematic_db\dolly_push_in\dolly_push_in_067.json,120,1.0500,4.0500,3.0000,3.0000,0.0800,0.1617,0.0817,0.2124,0.8600,0.9812,0.1212,0.1326,3.0036,3.2586,True,3.0011
233,unknown,dolly_push_in_065,trajectoryToLearn\world_json\cinematic_db\dolly_push_in\dolly_push_in_065.json,120,1.0500,4.0500,3.0000,3.0000,0.0800,0.1556,0.0756,0.1603,0.8600,0.8809,0.0209,0.0209,3.0010,3.1519,True,3.0010
234,unknown,tracking_zigzag_016,trajectoryToLearn\world_json\cinematic_db\tracking_zigzag\tracking_zigzag_016.json,120,1.0500,4.0500,3.0000,3.0000,0.0800,0.1533,0.0733,0.3066,0.8600,0.9430,0.0830,0.1660,3.0020,3.1823,True,3.0009
235,unknown,dolly_push_in_093,trajectoryToLearn\world_json\cinematic_db\dolly_push_in\dolly_push_in_093.json,120,1.0500,4.0500,3.0000,3.0000,0.0800,0.1512,0.0712,0.2449,0.8600,0.8718,0.0118,0.0308,3.0009,3.2177,True,3.0008
236,unknown,dolly_push_in_017,trajectoryToLearn\world_json\cinematic_db\dolly_push_in\dolly_push_in_017.json,120,1.0500,4.0500,3.0000,3.0000,0.0800,0.1489,0.0689,0.2161,0.8600,0.9402,0.0802,0.1601,3.0019,3.1534,True,3.0008
237,unknown,dolly_push_in_036,trajectoryToLearn\world_json\cinematic_db\dolly_push_in\dolly_push_in_036.json,120,1.0500,4.0500,3.0000,3.0000,0.0800,0.0150,0.0650,0.2768,0.8600,0.9246,0.0646,0.0887,3.0014,3.1951,True,3.0007
238,unknown,dolly_push_in_005,trajectoryToLearn\world_json\cinematic_db\dolly_push_in\dolly_push_in_005.json,120,1.0500,4.0500,3.0000,3.0000,0.0800,0.0236,0.0564,0.2337,0.8600,0.7507,0.1093,0.1140,3.0025,3.1062,True,3.0005
239,unknown,dolly_push_in_054,trajectoryToLearn\world_json\cinematic_db\dolly_push_in\dolly_push_in_054.json,120,1.0500,4.0500,3.0000,3.0000,0.0800,0.1346,0.0546,0.1886,0.8600,0.8843,0.0243,0.0940,3.0006,3.1596,True,3.0005
240,unknown,tracking_zigzag_085,trajectoryToLearn\world_json\cinematic_db\tracking_zigzag\tracking_zigzag_085.json,120,1.0500,4.0500,3.0000,3.0000,0.0800,0.0302,0.0498,0.3756,0.8600,1.0198,0.1598,0.3196,3.0047,3.4648,True,3.0004
241,unknown,dolly_push_in_084,trajectoryToLearn\world_json\cinematic_db\dolly_push_in\dolly_push_in_084.json,120,1.0500,4.0500,3.0000,3.0000,0.0800,0.1288,0.0488,0.2601,0.8600,0.8790,0.0190,0.0557,3.0005,3.1097,True,3.0004
242,unknown,dolly_push_in_089,trajectoryToLearn\world_json\cinematic_db\dolly_push_in\dolly_push_in_089.json,120,1.0500,4.0500,3.0000,3.0000,0.0800,0.0462,0.0338,0.1513,0.8600,0.8531,0.0069,0.0864,3.0002,3.1154,True,3.0002
243,unknown,dolly_push_in_010,trajectoryToLearn\world_json\cinematic_db\dolly_push_in\dolly_push_in_010.json,120,1.0500,4.0500,3.0000,3.0000,0.0800,0.1109,0.0309,0.2538,0.8600,0.8132,0.0468,0.0625,3.0005,3.0929,True,3.0002
244,unknown,dolly_push_in_099,trajectoryToLearn\world_json\cinematic_db\dolly_push_in\dolly_push_in_099.json,120,1.0500,4.0500,3.0000,3.0000,0.0800,0.0570,0.0230,0.1506,0.8600,0.9208,0.0608,0.1357,3.0007,3.1812,True,3.0001
245,unknown,dolly_push_in_052,trajectoryToLearn\world_json\cinematic_db\dolly_push_in\dolly_push_in_052.json,120,1.0500,4.0500,3.0000,3.0000,0.0800,0.0587,0.0213,0.1655,0.8600,0.9498,0.0898,0.1089,3.0014,3.1563,True,3.0001
246,unknown,tracking_zigzag_079,trajectoryToLearn\world_json\cinematic_db\tracking_zigzag\tracking_zigzag_079.json,120,1.0500,4.0500,3.0000,3.0000,0.0800,0.1004,0.0204,0.2282,0.8600,0.9170,0.0570,0.1139,3.0006,3.2080,True,3.0001
247,unknown,dolly_push_in_037,trajectoryToLearn\world_json\cinematic_db\dolly_push_in\dolly_push_in_037.json,120,1.0500,4.0500,3.0000,3.0000,0.0800,0.1001,0.0201,0.1449,0.8600,0.8779,0.0179,0.0263,3.0001,3.1667,True,3.0001
248,unknown,dolly_push_in_076,trajectoryToLearn\world_json\cinematic_db\dolly_push_in\dolly_push_in_076.json,120,1.0500,4.0500,3.0000,3.0000,0.0800,0.0621,0.0179,0.1703,0.8600,0.8879,0.0279,0.0683,3.0002,3.1098,True,3.0001
249,unknown,dolly_push_in_047,trajectoryToLearn\world_json\cinematic_db\dolly_push_in\dolly_push_in_047.json,120,1.0500,4.0500,3.0000,3.0000,0.0800,0.0627,0.0173,0.1121,0.8600,0.8047,0.0553,0.0729,3.0006,3.0861,True,3.0000
250,unknown,dolly_push_in_025,trajectoryToLearn\world_json\cinematic_db\dolly_push_in\dolly_push_in_025.json,120,1.0500,4.0500,3.0000,3.0000,0.0800,0.0634,0.0166,0.1969,0.8600,0.8072,0.0528,0.1124,3.0005,3.2398,True,3.0000
251,unknown,dolly_push_in_061,trajectoryToLearn\world_json\cinematic_db\dolly_push_in\dolly_push_in_061.json,120,1.0500,4.0500,3.0000,3.0000,0.0800,0.0653,0.0147,0.1967,0.8600,0.9211,0.0611,0.1237,3.0007,3.2577,True,3.0000
252,unknown,dolly_push_in_056,trajectoryToLearn\world_json\cinematic_db\dolly_push_in\dolly_push_in_056.json,120,1.0500,4.0500,3.0000,3.0000,0.0800,0.0919,0.0119,0.1772,0.8600,0.8731,0.0131,0.0614,3.0001,3.2341,True,3.0000
253,unknown,tracking_zigzag_075,trajectoryToLearn\world_json\cinematic_db\tracking_zigzag\tracking_zigzag_075.json,120,1.0500,4.0500,3.0000,3.0000,0.0800,0.0908,0.0108,0.3804,0.8600,1.0123,0.1523,0.3045,3.0039,3.3890,True,3.0000
254,unknown,tracking_zigzag_060,trajectoryToLearn\world_json\cinematic_db\tracking_zigzag\tracking_zigzag_060.json,120,1.0500,4.0500,3.0000,3.0000,0.0800,0.0906,0.0106,0.5532,0.8600,0.9205,0.0605,0.1210,3.0006,3.5782,True,3.0000
255,unknown,dolly_push_in_004,trajectoryToLearn\world_json\cinematic_db\dolly_push_in\dolly_push_in_004.json,120,1.0500,4.0500,3.0000,3.0000,0.0800,0.0700,0.0100,0.1728,0.8600,0.8678,0.0078,0.0556,3.0000,3.0474,True,3.0000
256,unknown,dolly_push_in_077,trajectoryToLearn\world_json\cinematic_db\dolly_push_in\dolly_push_in_077.json,120,1.0500,4.0500,3.0000,3.0000,0.0800,0.0891,0.0091,0.1042,0.8600,0.8667,0.0067,0.0180,3.0000,3.0212,True,3.0000
257,unknown,dolly_push_in_091,trajectoryToLearn\world_json\cinematic_db\dolly_push_in\dolly_push_in_091.json,120,1.0500,4.0500,3.0000,3.0000,0.0800,0.0890,0.0090,0.2227,0.8600,0.7474,0.1126,0.1184,3.0021,3.1992,True,3.0000
258,unknown,tracking_zigzag_014,trajectoryToLearn\world_json\cinematic_db\tracking_zigzag\tracking_zigzag_014.json,120,1.0500,4.0500,3.0000,3.0000,0.0800,0.0714,0.0086,0.9147,0.8600,0.9471,0.0871,0.1742,3.0013,3.9768,True,3.0000
259,unknown,dolly_push_in_003,trajectoryToLearn\world_json\cinematic_db\dolly_push_in\dolly_push_in_003.json,120,1.0500,4.0500,3.0000,3.0000,0.0800,0.0726,0.0074,0.1384,0.8600,0.8354,0.0246,0.0351,3.0001,3.0863,True,3.0000
260,unknown,dolly_push_in_073,trajectoryToLearn\world_json\cinematic_db\dolly_push_in\dolly_push_in_073.json,120,1.0500,4.0500,3.0000,3.0000,0.0800,0.0745,0.0055,0.2091,0.8600,0.8984,0.0384,0.0765,3.0003,3.2850,True,3.0000
261,unknown,dolly_push_in_095,trajectoryToLearn\world_json\cinematic_db\dolly_push_in\dolly_push_in_095.json,120,1.0500,4.0500,3.0000,3.0000,0.0800,0.0854,0.0054,0.1020,0.8600,0.9397,0.0797,0.0863,3.0011,3.1855,True,3.0000
262,unknown,orbit_left_012,trajectoryToLearn\world_json\cinematic_db\orbit_left\orbit_left_012.json,120,1.0500,3.9236,2.8736,2.8736,0.0800,-0.7799,0.8599,0.8599,0.8600,0.9139,0.0539,0.1522,3.0000,3.0756,True,2.9995
263,unknown,dolly_push_in_040,trajectoryToLearn\world_json\cinematic_db\dolly_push_in\dolly_push_in_040.json,120,1.0500,4.0463,2.9963,2.9963,0.0800,0.1686,0.0886,0.2981,0.8600,0.8688,0.0088,0.0554,2.9976,3.0996,True,2.9976
264,unknown,arc_left_push_053,trajectoryToLearn\world_json\cinematic_db\arc_left_push\arc_left_push_053.json,120,1.0500,3.9253,2.8753,2.8812,0.0800,-0.7652,0.8452,1.0000,0.8600,0.8336,0.0264,0.0477,2.9971,3.2438,True,2.9970
265,scene_4,approach_smooth_traj_10,trajectoryToLearn\world_json\scene_4\approach_smooth_traj_10.json,300,1.0500,4.0400,2.9900,2.9900,0.0800,-0.1024,0.1824,0.1973,0.8600,0.9599,0.0999,0.0999,2.9972,3.0101,True,2.9956
266,scene_4,approach_smooth_traj_4,trajectoryToLearn\world_json\scene_4\approach_smooth_traj_4.json,300,1.0500,4.0400,2.9900,2.9900,0.0800,-0.0972,0.1772,0.1772,0.8600,0.9599,0.0999,0.0999,2.9969,3.0063,True,2.9952
267,scene_4,approach_smooth_traj_3,trajectoryToLearn\world_json\scene_4\approach_smooth_traj_3.json,300,1.0500,4.0400,2.9900,2.9900,0.0800,0.2457,0.1657,0.1657,0.8600,0.9599,0.0999,0.0999,2.9963,3.0107,True,2.9946
268,scene_4,approach_smooth_traj_9,trajectoryToLearn\world_json\scene_4\approach_smooth_traj_9.json,300,1.0500,4.0400,2.9900,2.9900,0.0800,-0.0681,0.1481,0.1613,0.8600,0.9599,0.0999,0.0999,2.9953,3.0076,True,2.9937
269,scene_4,approach_smooth_traj_5,trajectoryToLearn\world_json\scene_4\approach_smooth_traj_5.json,300,1.0500,4.0400,2.9900,2.9900,0.0800,-0.0420,0.1220,0.1220,0.8600,0.9599,0.0999,0.0999,2.9942,3.0042,True,2.9925
270,unknown,tracking_zigzag_028,trajectoryToLearn\world_json\cinematic_db\tracking_zigzag\tracking_zigzag_028.json,120,1.0500,3.9654,2.9154,2.9154,0.0800,0.7526,0.6726,0.9606,0.8600,0.9776,0.1176,0.2351,2.9943,3.3714,True,2.9920
271,scene_4,approach_smooth_traj_2,trajectoryToLearn\world_json\scene_4\approach_smooth_traj_2.json,300,1.0500,4.0400,2.9900,2.9900,0.0800,0.1754,0.0954,0.0954,0.8600,0.9599,0.0999,0.0999,2.9932,3.0049,True,2.9915
272,scene_4,approach_smooth_traj_8,trajectoryToLearn\world_json\scene_4\approach_smooth_traj_8.json,300,1.0500,4.0400,2.9900,2.9900,0.0800,0.1492,0.0692,0.1042,0.8600,0.9599,0.0999,0.0999,2.9925,3.0049,True,2.9908
273,unknown,orbit_right_064,trajectoryToLearn\world_json\cinematic_db\orbit_right\orbit_right_064.json,120,1.0500,3.9368,2.8868,2.8868,0.0800,0.8617,0.7817,0.7932,0.8600,0.9095,0.0495,0.1731,2.9911,3.1713,True,2.9907
274,scene_4,approach_smooth_traj_7,trajectoryToLearn\world_json\scene_4\approach_smooth_traj_7.json,300,1.0500,4.0400,2.9900,2.9900,0.0800,0.0300,0.0500,0.0575,0.8600,0.9599,0.0999,0.0999,2.9921,3.0023,True,2.9904
275,scene_4,approach_smooth_traj_6,trajectoryToLearn\world_json\scene_4\approach_smooth_traj_6.json,300,1.0500,4.0400,2.9900,2.9900,0.0800,0.0647,0.0153,0.0355,0.8600,0.9599,0.0999,0.0999,2.9917,3.0010,True,2.9900
276,scene_4,approach_smooth_traj_1,trajectoryToLearn\world_json\scene_4\approach_smooth_traj_1.json,300,1.0500,4.0400,2.9900,2.9900,0.0800,0.0753,0.0047,0.0445,0.8600,0.9599,0.0999,0.0999,2.9917,3.0029,True,2.9900
277,scene_4,approach_smooth_traj_1_processed,trajectoryToLearn\world_json\scene_4\approach_smooth_traj_1_processed.json,100,1.0500,4.0400,2.9900,2.9900,0.0800,0.0800,0.0000,0.0000,0.7600,0.9600,0.2000,0.2000,2.9967,3.0292,True,2.9900
278,unknown,arc_left_push_097,trajectoryToLearn\world_json\cinematic_db\arc_left_push\arc_left_push_097.json,120,1.0500,3.9927,2.9427,2.9427,0.0800,-0.4432,0.5232,0.6777,0.8600,0.9166,0.0566,0.1260,2.9894,3.1394,True,2.9888
279,unknown,orbit_right_032,trajectoryToLearn\world_json\cinematic_db\orbit_right\orbit_right_032.json,120,1.0500,3.9016,2.8516,2.8516,0.0800,0.9626,0.8826,1.2496,0.8600,0.9306,0.0706,0.0706,2.9859,3.6236,True,2.9851
280,unknown,arc_left_push_064,trajectoryToLearn\world_json\cinematic_db\arc_left_push\arc_left_push_064.json,120,1.0500,3.9211,2.8711,3.1480,0.0800,-0.7351,0.8151,0.8151,0.8600,0.8162,0.0438,0.0848,2.9849,3.6545,True,2.9846
281,unknown,dolly_push_in_083,trajectoryToLearn\world_json\cinematic_db\dolly_push_in\dolly_push_in_083.json,120,1.0500,4.0341,2.9841,2.9844,0.0800,0.0834,0.0034,0.2704,0.8600,0.8879,0.0279,0.0918,2.9842,3.1026,True,2.9841
282,unknown,tracking_zigzag_043,trajectoryToLearn\world_json\cinematic_db\tracking_zigzag\tracking_zigzag_043.json,120,1.0500,3.9926,2.9426,2.9426,0.0800,0.5714,0.4914,0.7593,0.8600,0.9172,0.0572,0.1143,2.9839,3.2164,True,2.9834
283,unknown,arc_left_push_055,trajectoryToLearn\world_json\cinematic_db\arc_left_push\arc_left_push_055.json,120,1.0500,3.9450,2.8950,2.9470,0.0800,-0.6248,0.7048,0.7048,0.8600,1.0303,0.1703,0.1704,2.9845,3.1473,True,2.9796
284,unknown,dolly_push_in_022,trajectoryToLearn\world_json\cinematic_db\dolly_push_in\dolly_push_in_022.json,120,1.0500,4.0238,2.9738,2.9738,0.0800,0.0075,0.0725,0.2985,0.8600,0.9232,0.0632,0.0877,2.9754,3.0979,True,2.9747
285,unknown,dolly_push_in_008,trajectoryToLearn\world_json\cinematic_db\dolly_push_in\dolly_push_in_008.json,120,1.0500,4.0222,2.9722,2.9722,0.0800,-0.0155,0.0955,0.2396,0.8600,0.8193,0.0407,0.0742,2.9740,3.0645,True,2.9738
286,unknown,tracking_zigzag_011,trajectoryToLearn\world_json\cinematic_db\tracking_zigzag\tracking_zigzag_011.json,120,1.0500,4.0111,2.9611,2.9611,0.0800,-0.1699,0.2499,0.6565,0.8600,0.9323,0.0723,0.1446,2.9725,3.4746,True,2.9716
287,unknown,arc_left_push_058,trajectoryToLearn\world_json\cinematic_db\arc_left_push\arc_left_push_058.json,120,1.0500,3.8483,2.7983,2.7983,0.0800,-0.9200,1.0000,1.0000,0.8600,0.7847,0.0753,0.1068,2.9726,3.0835,True,2.9716
288,unknown,dolly_push_in_035,trajectoryToLearn\world_json\cinematic_db\dolly_push_in\dolly_push_in_035.json,120,1.0500,4.0196,2.9696,2.9696,0.0800,0.0284,0.0516,0.1463,0.8600,0.7755,0.0845,0.1232,2.9712,3.0601,True,2.9700
289,unknown,tracking_zigzag_071,trajectoryToLearn\world_json\cinematic_db\tracking_zigzag\tracking_zigzag_071.json,120,1.0500,3.9259,2.8759,2.8759,0.0800,0.8124,0.7324,1.1337,0.8600,0.9304,0.0704,0.1408,2.9685,3.5117,True,2.9677
290,unknown,arc_left_push_042,trajectoryToLearn\world_json\cinematic_db\arc_left_push\arc_left_push_042.json,120,1.0500,3.8441,2.7941,2.7941,0.0800,-0.9200,1.0000,1.0000,0.8600,0.9281,0.0681,0.0719,2.9684,3.1377,True,2.9676
291,unknown,dolly_push_in_071,trajectoryToLearn\world_json\cinematic_db\dolly_push_in\dolly_push_in_071.json,120,1.0500,4.0157,2.9657,2.9657,0.0800,0.1564,0.0764,0.1175,0.8600,0.8589,0.0011,0.0577,2.9667,2.9790,True,2.9667
292,unknown,orbit_left_042,trajectoryToLearn\world_json\cinematic_db\orbit_left\orbit_left_042.json,120,1.0500,3.8393,2.7893,2.7893,0.0800,-0.9199,0.9999,1.3967,0.8600,0.6480,0.2120,0.2481,2.9707,3.8082,True,2.9631
293,unknown,tracking_zigzag_093,trajectoryToLearn\world_json\cinematic_db\tracking_zigzag\tracking_zigzag_093.json,120,1.0500,3.9951,2.9451,2.9451,0.0800,0.4054,0.3254,0.4653,0.8600,0.9282,0.0682,0.1363,2.9638,3.0779,True,2.9630
294,unknown,arc_left_push_012,trajectoryToLearn\world_json\cinematic_db\arc_left_push\arc_left_push_012.json,120,1.0500,3.8526,2.8026,2.8534,0.0800,-0.8765,0.9565,1.0000,0.8600,0.8567,0.0033,0.0562,2.9613,3.2228,True,2.9613
295,unknown,orbit_right_073,trajectoryToLearn\world_json\cinematic_db\orbit_right\orbit_right_073.json,120,1.0500,3.9719,2.9219,2.9219,0.0800,0.5580,0.4780,0.7018,0.8600,0.8170,0.0430,0.1750,2.9610,3.4974,True,2.9607
296,unknown,orbit_left_068,trajectoryToLearn\world_json\cinematic_db\orbit_left\orbit_left_068.json,120,1.0500,3.9397,2.8897,2.8938,0.0800,-0.5608,0.6408,0.7721,0.8600,0.8494,0.0106,0.1046,2.9599,3.2296,True,2.9599
297,unknown,tracking_zigzag_037,trajectoryToLearn\world_json\cinematic_db\tracking_zigzag\tracking_zigzag_037.json,120,1.0500,3.9542,2.9042,2.9042,0.0800,0.6467,0.5667,1.0089,0.8600,0.9259,0.0659,0.1318,2.9597,3.4988,True,2.9590
298,unknown,dolly_push_in_074,trajectoryToLearn\world_json\cinematic_db\dolly_push_in\dolly_push_in_074.json,120,1.0500,4.0044,2.9544,2.9554,0.0800,-0.0245,0.1045,0.2004,0.8600,0.8383,0.0217,0.0614,2.9564,2.9915,True,2.9563
299,unknown,dolly_push_in_062,trajectoryToLearn\world_json\cinematic_db\dolly_push_in\dolly_push_in_062.json,120,1.0500,3.9978,2.9478,2.9491,0.0800,-0.1129,0.1929,0.2923,0.8600,0.9575,0.0975,0.1147,2.9557,3.1168,True,2.9541
300,unknown,orbit_right_097,trajectoryToLearn\world_json\cinematic_db\orbit_right\orbit_right_097.json,120,1.0500,3.8991,2.8491,2.8499,0.0800,0.8459,0.7659,0.8099,0.8600,0.8976,0.0376,0.2117,2.9505,3.0912,True,2.9503
301,unknown,orbit_left_011,trajectoryToLearn\world_json\cinematic_db\orbit_left\orbit_left_011.json,120,1.0500,3.8488,2.7988,2.7988,0.0800,-0.8386,0.9186,1.2111,0.8600,0.8737,0.0137,0.1785,2.9457,3.4626,True,2.9457
302,unknown,orbit_left_079,trajectoryToLearn\world_json\cinematic_db\orbit_left\orbit_left_079.json,120,1.0500,3.9112,2.8612,2.8662,0.0800,-0.6200,0.7000,0.9720,0.8600,0.9265,0.0665,0.1742,2.9464,3.3487,True,2.9456
303,unknown,dolly_push_in_033,trajectoryToLearn\world_json\cinematic_db\dolly_push_in\dolly_push_in_033.json,120,1.0500,3.9938,2.9438,2.9453,0.0800,0.1759,0.0959,0.2656,0.8600,0.8504,0.0096,0.0357,2.9454,3.0539,True,2.9454
304,unknown,orbit_right_081,trajectoryToLearn\world_json\cinematic_db\orbit_right\orbit_right_081.json,120,1.0500,3.8756,2.8256,2.8256,0.0800,0.9083,0.8283,0.9937,0.8600,0.9576,0.0976,0.2627,2.9461,3.2942,True,2.9445
305,unknown,dolly_push_in_038,trajectoryToLearn\world_json\cinematic_db\dolly_push_in\dolly_push_in_038.json,120,1.0500,3.9833,2.9333,2.9333,0.0800,0.2530,0.1730,0.2910,0.8600,0.8798,0.0198,0.0431,2.9385,2.9864,True,2.9384
306,unknown,tracking_zigzag_027,trajectoryToLearn\world_json\cinematic_db\tracking_zigzag\tracking_zigzag_027.json,120,1.0500,3.9870,2.9370,2.9370,0.0800,0.0300,0.0500,0.8944,0.8600,0.9378,0.0778,0.1555,2.9385,3.7819,True,2.9375
307,unknown,tracking_zigzag_009,trajectoryToLearn\world_json\cinematic_db\tracking_zigzag\tracking_zigzag_009.json,120,1.0500,3.9847,2.9347,2.9347,0.0800,0.1818,0.1018,0.4596,0.8600,0.9340,0.0740,0.1480,2.9374,3.1811,True,2.9364
308,unknown,arc_left_push_056,trajectoryToLearn\world_json\cinematic_db\arc_left_push\arc_left_push_056.json,120,1.0500,3.8154,2.7654,2.8765,0.0800,-0.9000,0.9800,0.9817,0.8600,0.7155,0.1445,0.1445,2.9374,3.3093,True,2.9339
309,unknown,orbit_right_099,trajectoryToLearn\world_json\cinematic_db\orbit_right\orbit_right_099.json,120,1.0500,3.9047,2.8547,2.8566,0.0800,0.7196,0.6396,0.6557,0.8600,1.0180,0.1580,0.2245,2.9297,3.0183,True,2.9254
310,unknown,arc_left_push_054,trajectoryToLearn\world_json\cinematic_db\arc_left_push\arc_left_push_054.json,120,1.0500,3.8444,2.7944,3.0123,0.0800,-0.7822,0.8622,1.0148,0.8600,0.9845,0.1245,0.1245,2.9270,3.7244,True,2.9244
311,unknown,tracking_zigzag_082,trajectoryToLearn\world_json\cinematic_db\tracking_zigzag\tracking_zigzag_082.json,120,1.0500,3.8573,2.8073,2.8073,0.0800,0.8886,0.8086,1.1687,0.8600,0.9602,0.1002,0.2004,2.9232,3.4379,True,2.9215
312,unknown,dolly_push_in_021,trajectoryToLearn\world_json\cinematic_db\dolly_push_in\dolly_push_in_021.json,120,1.0500,3.9664,2.9164,2.9164,0.0800,0.1603,0.0803,0.1458,0.8600,0.9481,0.0881,0.1134,2.9188,2.9600,True,2.9175
313,unknown,arc_left_push_004,trajectoryToLearn\world_json\cinematic_db\arc_left_push\arc_left_push_004.json,120,1.0500,3.9531,2.9031,3.0443,0.0800,-0.1390,0.2190,0.2337,0.8600,0.8656,0.0056,0.0150,2.9114,3.2389,True,2.9114
314,unknown,dolly_push_in_049,trajectoryToLearn\world_json\cinematic_db\dolly_push_in\dolly_push_in_049.json,120,1.0500,3.9599,2.9099,2.9115,0.0800,0.0781,0.0019,0.1062,0.8600,0.8039,0.0561,0.0626,2.9105,2.9586,True,2.9099
315,unknown,tracking_zigzag_052,trajectoryToLearn\world_json\cinematic_db\tracking_zigzag\tracking_zigzag_052.json,120,1.0500,3.9315,2.8815,2.8815,0.0800,0.4474,0.3674,0.9497,0.8600,0.9320,0.0720,0.1441,2.9057,3.4779,True,2.9048
316,unknown,arc_left_push_044,trajectoryToLearn\world_json\cinematic_db\arc_left_push\arc_left_push_044.json,120,1.0500,3.7758,2.7258,2.7267,0.0800,-0.9200,1.0000,1.0000,0.8600,0.9498,0.0898,0.1336,2.9048,3.2327,True,2.9034
317,unknown,orbit_left_051,trajectoryToLearn\world_json\cinematic_db\orbit_left\orbit_left_051.json,120,1.0500,3.9091,2.8591,2.8698,0.0800,-0.3812,0.4612,0.5731,0.8600,0.8604,0.0004,0.2047,2.8960,3.5554,True,2.8960
318,unknown,dolly_push_in_027,trajectoryToLearn\world_json\cinematic_db\dolly_push_in\dolly_push_in_027.json,120,1.0500,3.9421,2.8921,2.8921,0.0800,-0.0477,0.1277,0.1388,0.8600,0.8575,0.0025,0.0141,2.8950,2.9099,True,2.8950
319,unknown,tracking_zigzag_005,trajectoryToLearn\world_json\cinematic_db\tracking_zigzag\tracking_zigzag_005.json,120,1.0500,3.9368,2.8868,2.8868,0.0800,-0.0897,0.1697,0.4376,0.8600,0.9863,0.1263,0.2527,2.8945,3.2034,True,2.8918
320,unknown,dolly_push_in_064,trajectoryToLearn\world_json\cinematic_db\dolly_push_in\dolly_push_in_064.json,120,1.0500,3.9358,2.8858,2.8858,0.0800,-0.0277,0.1077,0.2252,0.8600,0.7923,0.0677,0.1038,2.8886,3.0067,True,2.8879
321,unknown,orbit_right_011,trajectoryToLearn\world_json\cinematic_db\orbit_right\orbit_right_011.json,120,1.0500,3.8388,2.7888,2.7888,0.0800,0.8223,0.7423,1.4259,0.8600,0.7676,0.0924,0.0979,2.8873,4.1760,True,2.8859
322,unknown,tracking_zigzag_019,trajectoryToLearn\world_json\cinematic_db\tracking_zigzag\tracking_zigzag_019.json,120,1.0500,3.9091,2.8591,2.8591,0.0800,0.4629,0.3829,0.6080,0.8600,0.9928,0.1328,0.2656,2.8877,3.1456,True,2.8846
323,unknown,tracking_zigzag_029,trajectoryToLearn\world_json\cinematic_db\tracking_zigzag\tracking_zigzag_029.json,120,1.0500,3.8651,2.8151,2.8151,0.0800,0.6773,0.5973,0.9879,0.8600,1.0007,0.1407,0.2814,2.8812,3.4091,True,2.8777
324,unknown,tracking_zigzag_061,trajectoryToLearn\world_json\cinematic_db\tracking_zigzag\tracking_zigzag_061.json,120,1.0500,3.9105,2.8605,2.8605,0.0800,-0.2333,0.3133,0.8717,0.8600,0.9334,0.0734,0.1468,2.8786,3.6577,True,2.8776
325,unknown,dolly_push_in_012,trajectoryToLearn\world_json\cinematic_db\dolly_push_in\dolly_push_in_012.json,120,1.0500,3.9043,2.8543,2.8543,0.0800,0.4303,0.3503,0.4087,0.8600,0.8329,0.0271,0.0473,2.8759,2.9688,True,2.8758
326,unknown,dolly_push_in_026,trajectoryToLearn\world_json\cinematic_db\dolly_push_in\dolly_push_in_026.json,120,1.0500,3.9064,2.8564,2.8568,0.0800,-0.2339,0.3139,0.3657,0.8600,0.8378,0.0222,0.0222,2.8737,2.9236,True,2.8736
327,unknown,orbit_right_059,trajectoryToLearn\world_json\cinematic_db\orbit_right\orbit_right_059.json,120,1.0500,3.7917,2.7417,2.7417,0.0800,0.9315,0.8515,0.8515,0.8600,0.5739,0.2861,0.3087,2.8851,3.2898,True,2.8709
328,unknown,arc_left_push_085,trajectoryToLearn\world_json\cinematic_db\arc_left_push\arc_left_push_085.json,120,1.0500,3.7909,2.7409,2.7432,0.0800,-0.7654,0.8454,0.8590,0.8600,0.9238,0.0638,0.0639,2.8690,2.9276,True,2.8683
329,unknown,dolly_push_in_058,trajectoryToLearn\world_json\cinematic_db\dolly_push_in\dolly_push_in_058.json,120,1.0500,3.9154,2.8654,2.8654,0.0800,-0.0361,0.1161,0.1905,0.8600,0.9599,0.0999,0.1198,2.8695,2.9525,True,2.8678
330,unknown,orbit_left_077,trajectoryToLearn\world_json\cinematic_db\orbit_left\orbit_left_077.json,120,1.0500,3.8266,2.7766,2.7766,0.0800,-0.6314,0.7114,0.9245,0.8600,0.9492,0.0892,0.1840,2.8677,3.7285,True,2.8663
331,unknown,arc_left_push_003,trajectoryToLearn\world_json\cinematic_db\arc_left_push\arc_left_push_003.json,120,1.0500,3.7371,2.6871,2.6874,0.0800,-0.9162,0.9962,1.0000,0.8600,0.7422,0.1178,0.1178,2.8683,3.1406,True,2.8659
332,unknown,arc_left_push_014,trajectoryToLearn\world_json\cinematic_db\arc_left_push\arc_left_push_014.json,120,1.0500,3.7987,2.7487,2.7995,0.0800,-0.7213,0.8013,0.8949,0.8600,0.7729,0.0871,0.0871,2.8644,3.1197,True,2.8631
333,unknown,orbit_right_090,trajectoryToLearn\world_json\cinematic_db\orbit_right\orbit_right_090.json,120,1.0500,3.8944,2.8444,2.8444,0.0800,0.4002,0.3202,0.4710,0.8600,0.8078,0.0522,0.1180,2.8629,3.4119,True,2.8624
334,unknown,orbit_right_095,trajectoryToLearn\world_json\cinematic_db\orbit_right\orbit_right_095.json,120,1.0500,3.7400,2.6900,2.6900,0.0800,1.0559,0.9759,1.0268,0.8600,0.9199,0.0599,0.2342,2.8622,3.1350,True,2.8615
335,unknown,dolly_push_in_055,trajectoryToLearn\world_json\cinematic_db\dolly_push_in\dolly_push_in_055.json,120,1.0500,3.9087,2.8587,2.8587,0.0800,0.1610,0.0810,0.1924,0.8600,0.9569,0.0969,0.1052,2.8615,2.9264,True,2.8599
336,unknown,dolly_push_in_078,trajectoryToLearn\world_json\cinematic_db\dolly_push_in\dolly_push_in_078.json,120,1.0500,3.9049,2.8549,2.8553,0.0800,-0.0232,0.1032,0.2842,0.8600,0.8257,0.0343,0.0698,2.8570,3.0017,True,2.8568
337,unknown,orbit_right_024,trajectoryToLearn\world_json\cinematic_db\orbit_right\orbit_right_024.json,120,1.0500,3.8750,2.8250,2.8254,0.0800,0.4051,0.3251,0.5689,0.8600,0.7589,0.1011,0.1184,2.8454,3.5471,True,2.8436
338,unknown,tracking_zigzag_091,trajectoryToLearn\world_json\cinematic_db\tracking_zigzag\tracking_zigzag_091.json,120,1.0500,3.8826,2.8326,2.8326,0.0800,0.3133,0.2333,0.6783,0.8600,0.9770,0.1170,0.2339,2.8446,3.2379,True,2.8422
339,unknown,arc_left_push_018,trajectoryToLearn\world_json\cinematic_db\arc_left_push\arc_left_push_018.json,120,1.0500,3.7160,2.6660,2.6662,0.0800,-0.9030,0.9830,1.0000,0.8600,0.6684,0.1916,0.1916,2.8479,2.9422,True,2.8415
340,unknown,dolly_push_in_000,trajectoryToLearn\world_json\cinematic_db\dolly_push_in\dolly_push_in_000.json,120,1.0500,3.8900,2.8400,2.8400,0.0800,0.1385,0.0585,0.2655,0.8600,0.8796,0.0196,0.0275,2.8406,2.9483,True,2.8406
341,unknown,tracking_zigzag_047,trajectoryToLearn\world_json\cinematic_db\tracking_zigzag\tracking_zigzag_047.json,120,1.0500,3.8754,2.8254,2.8254,0.0800,-0.2117,0.2917,1.0045,0.8600,0.9395,0.0795,0.1589,2.8415,3.8734,True,2.8404
342,unknown,arc_left_push_008,trajectoryToLearn\world_json\cinematic_db\arc_left_push\arc_left_push_008.json,120,1.0500,3.8499,2.7999,2.7999,0.0800,-0.3874,0.4674,0.4674,0.8600,0.8421,0.0179,0.0602,2.8387,2.9613,True,2.8387
343,unknown,dolly_push_in_041,trajectoryToLearn\world_json\cinematic_db\dolly_push_in\dolly_push_in_041.json,120,1.0500,3.8867,2.8367,2.8367,0.0800,0.0737,0.0063,0.1533,0.8600,0.8278,0.0322,0.0468,2.8368,2.8798,True,2.8367
344,unknown,dolly_push_in_069,trajectoryToLearn\world_json\cinematic_db\dolly_push_in\dolly_push_in_069.json,120,1.0500,3.8799,2.8299,2.8299,0.0800,-0.0725,0.1525,0.2518,0.8600,0.9648,0.1048,0.1292,2.8359,2.8975,True,2.8340
345,unknown,orbit_left_031,trajectoryToLearn\world_json\cinematic_db\orbit_left\orbit_left_031.json,120,1.0500,3.8318,2.7818,2.7818,0.0800,-0.4551,0.5351,0.8465,0.8600,0.5619,0.2981,0.3316,2.8484,3.9519,True,2.8327
346,unknown,dolly_push_in_015,trajectoryToLearn\world_json\cinematic_db\dolly_push_in\dolly_push_in_015.json,120,1.0500,3.8619,2.8119,2.8119,0.0800,-0.2346,0.3146,0.3969,0.8600,0.9299,0.0699,0.0699,2.8303,2.9209,True,2.8295
347,unknown,arc_left_push_024,trajectoryToLearn\world_json\cinematic_db\arc_left_push\arc_left_push_024.json,120,1.0500,3.7424,2.6924,2.7318,0.0800,-0.7684,0.8484,1.0000,0.8600,0.9271,0.0671,0.0900,2.8238,3.2190,True,2.8230
348,unknown,arc_left_push_067,trajectoryToLearn\world_json\cinematic_db\arc_left_push\arc_left_push_067.json,120,1.0500,3.7370,2.6870,2.6870,0.0800,-0.7795,0.8595,0.9462,0.8600,0.7567,0.1033,0.1112,2.8230,3.0295,True,2.8211
349,unknown,dolly_push_in_031,trajectoryToLearn\world_json\cinematic_db\dolly_push_in\dolly_push_in_031.json,120,1.0500,3.8685,2.8185,2.8185,0.0800,0.0065,0.0735,0.1586,0.8600,0.7993,0.0607,0.0940,2.8201,2.8421,True,2.8195
350,unknown,dolly_push_in_098,trajectoryToLearn\world_json\cinematic_db\dolly_push_in\dolly_push_in_098.json,120,1.0500,3.8653,2.8153,2.8161,0.0800,0.2099,0.1299,0.1464,0.8600,0.8555,0.0045,0.0440,2.8183,2.8322,True,2.8183
351,unknown,arc_left_push_047,trajectoryToLearn\world_json\cinematic_db\arc_left_push\arc_left_push_047.json,120,1.0500,3.6923,2.6423,2.7336,0.0800,-0.8886,0.9686,0.9862,0.8600,1.0018,0.1418,0.1474,2.8178,3.2484,True,2.8142
352,unknown,orbit_left_085,trajectoryToLearn\world_json\cinematic_db\orbit_left\orbit_left_085.json,120,1.0500,3.8226,2.7726,2.7726,0.0800,-0.4008,0.4808,0.4959,0.8600,0.9215,0.0615,0.1603,2.8147,2.9879,True,2.8140
353,unknown,tracking_zigzag_069,trajectoryToLearn\world_json\cinematic_db\tracking_zigzag\tracking_zigzag_069.json,120,1.0500,3.8353,2.7853,2.7853,0.0800,0.4035,0.3235,0.4535,0.8600,0.9149,0.0549,0.1098,2.8045,2.9050,True,2.8040
354,unknown,orbit_left_021,trajectoryToLearn\world_json\cinematic_db\orbit_left\orbit_left_021.json,120,1.0500,3.7927,2.7427,2.7454,0.0800,-0.4966,0.5766,0.6196,0.8600,0.7249,0.1351,0.2033,2.8059,2.9085,True,2.8027
355,unknown,tracking_zigzag_007,trajectoryToLearn\world_json\cinematic_db\tracking_zigzag\tracking_zigzag_007.json,120,1.0500,3.8375,2.7875,2.7875,0.0800,0.3637,0.2837,0.4079,0.8600,1.0190,0.1590,0.3179,2.8064,2.9379,True,2.8019
356,unknown,tracking_zigzag_033,trajectoryToLearn\world_json\cinematic_db\tracking_zigzag\tracking_zigzag_033.json,120,1.0500,3.8501,2.8001,2.8001,0.0800,-0.0052,0.0852,0.4895,0.8600,0.9133,0.0533,0.1066,2.8019,3.1950,True,2.8014
357,unknown,orbit_right_006,trajectoryToLearn\world_json\cinematic_db\orbit_right\orbit_right_006.json,120,1.0500,3.6664,2.6164,2.6164,0.0800,1.0800,1.0000,1.0073,0.8600,0.9379,0.0779,0.2822,2.8021,2.9504,True,2.8010
358,unknown,dolly_push_in_024,trajectoryToLearn\world_json\cinematic_db\dolly_push_in\dolly_push_in_024.json,120,1.0500,3.8397,2.7897,2.7897,0.0800,0.3006,0.2206,0.3378,0.8600,0.8878,0.0278,0.0611,2.7985,2.8576,True,2.7984
359,unknown,tracking_zigzag_056,trajectoryToLearn\world_json\cinematic_db\tracking_zigzag\tracking_zigzag_056.json,120,1.0500,3.8459,2.7959,2.7959,0.0800,0.1828,0.1028,0.3397,0.8600,0.9244,0.0644,0.1288,2.7985,2.9505,True,2.7978
360,unknown,tracking_zigzag_006,trajectoryToLearn\world_json\cinematic_db\tracking_zigzag\tracking_zigzag_006.json,120,1.0500,3.8477,2.7977,2.7977,0.0800,0.0983,0.0183,0.4876,0.8600,0.9732,0.1132,0.2264,2.8000,3.1352,True,2.7977
361,unknown,orbit_left_037,trajectoryToLearn\world_json\cinematic_db\orbit_left\orbit_left_037.json,120,1.0500,3.6909,2.6409,2.6409,0.0800,-0.8365,0.9165,1.4815,0.8600,0.8369,0.0231,0.1742,2.7955,4.0279,True,2.7954
362,unknown,tracking_zigzag_057,trajectoryToLearn\world_json\cinematic_db\tracking_zigzag\tracking_zigzag_057.json,120,1.0500,3.7886,2.7386,2.7386,0.0800,0.6387,0.5587,0.7678,0.8600,0.9658,0.1058,0.2115,2.7970,3.0166,True,2.7950
363,unknown,orbit_right_044,trajectoryToLearn\world_json\cinematic_db\orbit_right\orbit_right_044.json,120,1.0500,3.7838,2.7338,2.7424,0.0800,0.6607,0.5807,0.7363,0.8600,0.9126,0.0526,0.1696,2.7953,3.3630,True,2.7948
364,unknown,orbit_right_077,trajectoryToLearn\world_json\cinematic_db\orbit_right\orbit_right_077.json,120,1.0500,3.7930,2.7430,2.7430,0.0800,0.6048,0.5248,0.7282,0.8600,0.7824,0.0776,0.1498,2.7939,3.1124,True,2.7928
365,unknown,orbit_left_032,trajectoryToLearn\world_json\cinematic_db\orbit_left\orbit_left_032.json,120,1.0500,3.7353,2.6853,2.6854,0.0800,-0.6512,0.7312,0.7408,0.8600,0.7642,0.0958,0.2078,2.7847,2.9724,True,2.7830
366,unknown,arc_left_push_016,trajectoryToLearn\world_json\cinematic_db\arc_left_push\arc_left_push_016.json,120,1.0500,3.6471,2.5971,2.5971,0.0800,-0.9200,1.0000,1.0000,0.8600,0.7250,0.1350,0.1722,2.7862,2.9139,True,2.7830
367,unknown,tracking_zigzag_095,trajectoryToLearn\world_json\cinematic_db\tracking_zigzag\tracking_zigzag_095.json,120,1.0500,3.8103,2.7603,2.7603,0.0800,0.4247,0.3447,0.8310,0.8600,0.9379,0.0779,0.1558,2.7828,3.2952,True,2.7817
368,unknown,dolly_push_in_030,trajectoryToLearn\world_json\cinematic_db\dolly_push_in\dolly_push_in_030.json,120,1.0500,3.8235,2.7735,2.7735,0.0800,0.2853,0.2053,0.3353,0.8600,0.9174,0.0574,0.0692,2.7816,2.9222,True,2.7810
369,unknown,tracking_zigzag_074,trajectoryToLearn\world_json\cinematic_db\tracking_zigzag\tracking_zigzag_074.json,120,1.0500,3.7818,2.7318,2.7318,0.0800,0.5748,0.4948,0.6989,0.8600,0.9809,0.1209,0.2417,2.7789,3.0222,True,2.7763
370,unknown,orbit_left_097,trajectoryToLearn\world_json\cinematic_db\orbit_left\orbit_left_097.json,120,1.0500,3.7132,2.6632,2.6757,0.0800,-0.6802,0.7602,1.4203,0.8600,0.9971,0.1371,0.1968,2.7730,3.9068,True,2.7696
371,unknown,tracking_zigzag_049,trajectoryToLearn\world_json\cinematic_db\tracking_zigzag\tracking_zigzag_049.json,120,1.0500,3.7095,2.6595,2.6595,0.0800,0.8522,0.7722,1.1059,0.8600,0.9152,0.0552,0.1104,2.7698,3.2299,True,2.7693
372,unknown,orbit_right_012,trajectoryToLearn\world_json\cinematic_db\orbit_right\orbit_right_012.json,120,1.0500,3.7610,2.7110,2.7110,0.0800,0.6105,0.5305,0.5625,0.8600,0.7722,0.0878,0.1427,2.7638,3.4099,True,2.7624
373,unknown,orbit_right_013,trajectoryToLearn\world_json\cinematic_db\orbit_right\orbit_right_013.json,120,1.0500,3.7391,2.6891,2.6892,0.0800,0.6726,0.5926,0.6692,0.8600,0.7620,0.0980,0.1750,2.7554,2.8681,True,2.7536
374,unknown,tracking_zigzag_013,trajectoryToLearn\world_json\cinematic_db\tracking_zigzag\tracking_zigzag_013.json,120,1.0500,3.8003,2.7503,2.7503,0.0800,0.1549,0.0749,0.8916,0.8600,0.9877,0.1277,0.2555,2.7543,3.5453,True,2.7513
375,unknown,orbit_right_085,trajectoryToLearn\world_json\cinematic_db\orbit_right\orbit_right_085.json,120,1.0500,3.7381,2.6881,2.6881,0.0800,0.6624,0.5824,0.7858,0.8600,1.0452,0.1852,0.2599,2.7567,3.1200,True,2.7505
376,unknown,tracking_zigzag_051,trajectoryToLearn\world_json\cinematic_db\tracking_zigzag\tracking_zigzag_051.json,120,1.0500,3.7743,2.7243,2.7243,0.0800,-0.2691,0.3491,0.8166,0.8600,0.9551,0.0951,0.1901,2.7482,3.4244,True,2.7466
377,unknown,dolly_push_in_060,trajectoryToLearn\world_json\cinematic_db\dolly_push_in\dolly_push_in_060.json,120,1.0500,3.7901,2.7401,2.7401,0.0800,-0.0839,0.1639,0.2309,0.8600,0.9343,0.0743,0.0825,2.7460,2.7838,True,2.7450
378,unknown,dolly_push_in_057,trajectoryToLearn\world_json\cinematic_db\dolly_push_in\dolly_push_in_057.json,120,1.0500,3.7888,2.7388,2.7388,0.0800,0.0306,0.0494,0.2554,0.8600,0.9234,0.0634,0.0634,2.7400,2.9215,True,2.7393
379,unknown,dolly_push_in_034,trajectoryToLearn\world_json\cinematic_db\dolly_push_in\dolly_push_in_034.json,120,1.0500,3.7823,2.7323,2.7323,0.0800,0.2711,0.1911,0.3022,0.8600,0.7757,0.0843,0.1221,2.7403,2.8449,True,2.7390
380,unknown,orbit_right_056,trajectoryToLearn\world_json\cinematic_db\orbit_right\orbit_right_056.json,120,1.0500,3.6064,2.5564,2.5564,0.0800,1.0482,0.9682,1.7817,0.8600,0.8178,0.0422,0.2090,2.7340,5.1553,True,2.7336
381,unknown,orbit_right_050,trajectoryToLearn\world_json\cinematic_db\orbit_right\orbit_right_050.json,120,1.0500,3.6229,2.5729,2.5729,0.0800,0.9958,0.9158,1.2774,0.8600,0.8584,0.0016,0.1633,2.7310,3.3789,True,2.7310
382,unknown,dolly_push_in_051,trajectoryToLearn\world_json\cinematic_db\dolly_push_in\dolly_push_in_051.json,120,1.0500,3.7764,2.7264,2.7264,0.0800,0.1088,0.0288,0.1299,0.8600,0.9191,0.0591,0.1125,2.7272,2.7605,True,2.7265
383,unknown,orbit_right_079,trajectoryToLearn\world_json\cinematic_db\orbit_right\orbit_right_079.json,120,1.0500,3.6662,2.6162,2.6247,0.0800,0.8298,0.7498,0.8636,0.8600,0.9990,0.1390,0.1902,2.7250,2.9485,True,2.7215
384,unknown,orbit_right_000,trajectoryToLearn\world_json\cinematic_db\orbit_right\orbit_right_000.json,120,1.0500,3.7072,2.6572,2.6572,0.0800,0.6376,0.5576,0.6519,0.8600,0.9062,0.0462,0.2031,2.7155,3.0973,True,2.7151
385,unknown,orbit_right_066,trajectoryToLearn\world_json\cinematic_db\orbit_right\orbit_right_066.json,120,1.0500,3.5863,2.5363,2.5363,0.0800,1.0381,0.9581,1.2034,0.8600,0.8663,0.0063,0.1799,2.7112,3.2451,True,2.7112
386,unknown,orbit_right_025,trajectoryToLearn\world_json\cinematic_db\orbit_right\orbit_right_025.json,120,1.0500,3.6432,2.5932,2.5932,0.0800,0.8641,0.7841,0.7844,0.8600,0.8026,0.0574,0.2051,2.7098,2.8090,True,2.7092
387,unknown,tracking_zigzag_001,trajectoryToLearn\world_json\cinematic_db\tracking_zigzag\tracking_zigzag_001.json,120,1.0500,3.7557,2.7057,2.7057,0.0800,0.2014,0.1214,0.5133,0.8600,0.9797,0.1197,0.2394,2.7110,3.0276,True,2.7084
388,unknown,orbit_left_081,trajectoryToLearn\world_json\cinematic_db\orbit_left\orbit_left_081.json,120,1.0500,3.7314,2.6814,2.6814,0.0800,-0.2699,0.3499,0.8075,0.8600,0.6855,0.1745,0.2946,2.7098,3.6351,True,2.7042
389,unknown,dolly_push_in_014,trajectoryToLearn\world_json\cinematic_db\dolly_push_in\dolly_push_in_014.json,120,1.0500,3.7521,2.7021,2.7023,0.0800,0.1771,0.0971,0.2856,0.8600,0.8885,0.0285,0.0364,2.7040,2.8034,True,2.7039
390,unknown,arc_left_push_076,trajectoryToLearn\world_json\cinematic_db\arc_left_push\arc_left_push_076.json,120,1.0500,3.6948,2.6448,2.8482,0.0800,-0.4662,0.5462,0.5484,0.8600,0.9060,0.0460,0.0460,2.7010,3.2042,True,2.7006
391,unknown,arc_left_push_028,trajectoryToLearn\world_json\cinematic_db\arc_left_push\arc_left_push_028.json,120,1.0500,3.7033,2.6533,2.8579,0.0800,-0.4023,0.4823,0.5006,0.8600,0.8999,0.0399,0.1317,2.6971,3.2693,True,2.6968
392,unknown,orbit_right_033,trajectoryToLearn\world_json\cinematic_db\orbit_right\orbit_right_033.json,120,1.0500,3.6936,2.6436,2.6436,0.0800,0.6050,0.5250,0.8189,0.8600,0.9285,0.0685,0.1916,2.6961,3.1292,True,2.6952
393,unknown,arc_left_push_049,trajectoryToLearn\world_json\cinematic_db\arc_left_push\arc_left_push_049.json,120,1.0500,3.5507,2.5007,2.6423,0.0800,-0.9200,1.0000,1.0000,0.8600,0.7007,0.1593,0.1669,2.6980,3.1651,True,2.6933
394,unknown,orbit_left_028,trajectoryToLearn\world_json\cinematic_db\orbit_left\orbit_left_028.json,120,1.0500,3.6341,2.5841,2.5841,0.0800,-0.6696,0.7496,0.8673,0.8600,0.9171,0.0571,0.1878,2.6912,3.4096,True,2.6906
395,unknown,dolly_push_in_063,trajectoryToLearn\world_json\cinematic_db\dolly_push_in\dolly_push_in_063.json,120,1.0500,3.7355,2.6855,2.6855,0.0800,0.1085,0.0285,0.1701,0.8600,0.9888,0.1288,0.1716,2.6888,2.7545,True,2.6857
396,unknown,orbit_right_046,trajectoryToLearn\world_json\cinematic_db\orbit_right\orbit_right_046.json,120,1.0500,3.6481,2.5981,2.5981,0.0800,0.7592,0.6792,0.8727,0.8600,0.7867,0.0733,0.1379,2.6864,3.7015,True,2.6854
397,unknown,tracking_zigzag_021,trajectoryToLearn\world_json\cinematic_db\tracking_zigzag\tracking_zigzag_021.json,120,1.0500,3.7200,2.6700,2.6700,0.0800,0.3417,0.2617,0.6462,0.8600,1.0112,0.1512,0.3023,2.6870,3.0957,True,2.6828
398,unknown,dolly_push_in_048,trajectoryToLearn\world_json\cinematic_db\dolly_push_in\dolly_push_in_048.json,120,1.0500,3.7210,2.6710,2.6710,0.0800,0.2434,0.1634,0.1634,0.8600,0.7253,0.1347,0.1454,2.6794,2.7470,True,2.6760
399,scene_2,round_traj_10,trajectoryToLearn\world_json\scene_2\round_traj_10.json,300,1.0147,3.6898,2.6751,4.5000,1.0800,1.0800,0.0000,2.0000,0.8600,0.8600,0.0000,0.4000,2.6751,9.9565,True,2.6751
400,unknown,arc_left_push_006,trajectoryToLearn\world_json\cinematic_db\arc_left_push\arc_left_push_006.json,120,1.0500,3.6929,2.6429,2.8272,0.0800,-0.3268,0.4068,0.5959,0.8600,0.6640,0.1960,0.2526,2.6812,3.2924,True,2.6740
401,unknown,dolly_push_in_072,trajectoryToLearn\world_json\cinematic_db\dolly_push_in\dolly_push_in_072.json,120,1.0500,3.7193,2.6693,2.6718,0.0800,0.0216,0.0584,0.1902,0.8600,0.8663,0.0063,0.0902,2.6699,2.7810,True,2.6699
402,unknown,orbit_right_039,trajectoryToLearn\world_json\cinematic_db\orbit_right\orbit_right_039.json,120,1.0500,3.5250,2.4750,2.4750,0.0800,1.0800,1.0000,1.8135,0.8600,0.8366,0.0234,0.2208,2.6695,4.9450,True,2.6694
403,unknown,tracking_zigzag_053,trajectoryToLearn\world_json\cinematic_db\tracking_zigzag\tracking_zigzag_053.json,120,1.0500,3.7187,2.6687,2.6687,0.0800,0.1231,0.0431,0.3850,0.8600,0.9445,0.0845,0.1689,2.6704,2.8953,True,2.6690
404,unknown,tracking_zigzag_023,trajectoryToLearn\world_json\cinematic_db\tracking_zigzag\tracking_zigzag_023.json,120,1.0500,3.6938,2.6438,2.6438,0.0800,0.3230,0.2430,0.4861,0.8600,1.0120,0.1520,0.3039,2.6592,2.9215,True,2.6549
405,unknown,tracking_zigzag_038,trajectoryToLearn\world_json\cinematic_db\tracking_zigzag\tracking_zigzag_038.json,120,1.0500,3.6843,2.6343,2.6343,0.0800,0.3715,0.2915,0.4318,0.8600,0.9125,0.0525,0.1049,2.6509,2.7690,True,2.6504
406,unknown,tracking_zigzag_094,trajectoryToLearn\world_json\cinematic_db\tracking_zigzag\tracking_zigzag_094.json,120,1.0500,3.6433,2.5933,2.5933,0.0800,0.6053,0.5253,0.9557,0.8600,0.9271,0.0671,0.1342,2.6468,3.1071,True,2.6459
407,unknown,orbit_right_009,trajectoryToLearn\world_json\cinematic_db\orbit_right\orbit_right_009.json,120,1.0500,3.5012,2.4512,2.4512,0.0800,1.0733,0.9933,1.5583,0.8600,0.7899,0.0701,0.1674,2.6457,3.7524,True,2.6448
408,unknown,orbit_right_072,trajectoryToLearn\world_json\cinematic_db\orbit_right\orbit_right_072.json,120,1.0500,3.6354,2.5854,2.5854,0.0800,0.6325,0.5525,0.9140,0.8600,0.8991,0.0391,0.1648,2.6441,3.2202,True,2.6438
409,unknown,tracking_zigzag_083,trajectoryToLearn\world_json\cinematic_db\tracking_zigzag\tracking_zigzag_083.json,120,1.0500,3.5814,2.5314,2.5314,0.0800,0.8329,0.7529,1.0402,0.8600,0.9904,0.1304,0.2607,2.6442,3.0273,True,2.6410
410,unknown,orbit_right_069,trajectoryToLearn\world_json\cinematic_db\orbit_right\orbit_right_069.json,120,1.0500,3.6255,2.5755,2.5773,0.0800,0.6454,0.5654,0.5660,0.8600,0.9304,0.0704,0.2431,2.6378,2.8568,True,2.6369
411,unknown,dolly_push_in_085,trajectoryToLearn\world_json\cinematic_db\dolly_push_in\dolly_push_in_085.json,120,1.0500,3.6863,2.6363,2.6363,0.0800,0.1017,0.0217,0.1572,0.8600,0.8743,0.0143,0.0395,2.6365,2.6953,True,2.6364
412,unknown,tracking_zigzag_086,trajectoryToLearn\world_json\cinematic_db\tracking_zigzag\tracking_zigzag_086.json,120,1.0500,3.6814,2.6314,2.6314,0.0800,0.1441,0.0641,0.8093,0.8600,0.9307,0.0707,0.1414,2.6331,3.3150,True,2.6322
413,unknown,tracking_zigzag_065,trajectoryToLearn\world_json\cinematic_db\tracking_zigzag\tracking_zigzag_065.json,120,1.0500,3.6801,2.6301,2.6301,0.0800,0.0090,0.0710,0.4409,0.8600,0.9110,0.0510,0.1021,2.6316,2.9761,True,2.6311
414,unknown,arc_left_push_020,trajectoryToLearn\world_json\cinematic_db\arc_left_push\arc_left_push_020.json,120,1.0500,3.6678,2.6178,2.8949,0.0800,-0.1729,0.2529,0.3680,0.8600,0.7277,0.1323,0.1323,2.6333,3.3212,True,2.6300
415,unknown,orbit_left_076,trajectoryToLearn\world_json\cinematic_db\orbit_left\orbit_left_076.json,120,1.0500,3.6144,2.5644,2.5672,0.0800,-0.4944,0.5744,0.6960,0.8600,0.8778,0.0178,0.1328,2.6280,2.8006,True,2.6280
416,unknown,dolly_push_in_007,trajectoryToLearn\world_json\cinematic_db\dolly_push_in\dolly_push_in_007.json,120,1.0500,3.6777,2.6277,2.6277,0.0800,0.1108,0.0308,0.2784,0.8600,0.8390,0.0210,0.0586,2.6280,2.7343,True,2.6279
417,unknown,tracking_zigzag_015,trajectoryToLearn\world_json\cinematic_db\tracking_zigzag\tracking_zigzag_015.json,120,1.0500,3.6569,2.6069,2.6069,0.0800,0.3914,0.3114,0.4935,0.8600,0.9383,0.0783,0.1567,2.6266,2.7677,True,2.6255
418,unknown,dolly_push_in_018,trajectoryToLearn\world_json\cinematic_db\dolly_push_in\dolly_push_in_018.json,120,1.0500,3.6640,2.6140,2.6194,0.0800,0.0259,0.0541,0.1503,0.8600,0.7424,0.1176,0.1367,2.6172,2.6622,True,2.6146
419,unknown,orbit_right_016,trajectoryToLearn\world_json\cinematic_db\orbit_right\orbit_right_016.json,120,1.0500,3.5512,2.5012,2.5012,0.0800,0.8161,0.7361,0.7366,0.8600,0.8868,0.0268,0.1512,2.6075,2.8190,True,2.6073
420,unknown,tracking_zigzag_063,trajectoryToLearn\world_json\cinematic_db\tracking_zigzag\tracking_zigzag_063.json,120,1.0500,3.6408,2.5908,2.5908,0.0800,-0.1311,0.2111,0.8854,0.8600,0.9132,0.0532,0.1064,2.5999,3.5383,True,2.5994
421,unknown,arc_left_push_034,trajectoryToLearn\world_json\cinematic_db\arc_left_push\arc_left_push_034.json,120,1.0500,3.4921,2.4421,2.4421,0.0800,-0.8100,0.8900,1.0000,0.8600,0.7997,0.0603,0.1186,2.5999,2.7943,True,2.5992
422,unknown,dolly_push_in_050,trajectoryToLearn\world_json\cinematic_db\dolly_push_in\dolly_push_in_050.json,120,1.0500,3.6405,2.5905,2.5942,0.0800,-0.1304,0.2104,0.2921,0.8600,0.7453,0.1147,0.1282,2.6015,2.6950,True,2.5990
423,unknown,arc_left_push_045,trajectoryToLearn\world_json\cinematic_db\arc_left_push\arc_left_push_045.json,120,1.0500,3.5478,2.4978,2.5059,0.0800,-0.6131,0.6931,0.7541,0.8600,0.9978,0.1378,0.1451,2.5959,2.7629,True,2.5922
424,unknown,orbit_right_035,trajectoryToLearn\world_json\cinematic_db\orbit_right\orbit_right_035.json,120,1.0500,3.5271,2.4771,2.4771,0.0800,0.8321,0.7521,0.7697,0.8600,0.6565,0.2035,0.3102,2.5967,2.8389,True,2.5887
425,unknown,orbit_right_089,trajectoryToLearn\world_json\cinematic_db\orbit_right\orbit_right_089.json,120,1.0500,3.5782,2.5282,2.5282,0.0800,0.6285,0.5485,0.6340,0.8600,0.8625,0.0025,0.1956,2.5870,2.7995,True,2.5870
426,unknown,orbit_left_017,trajectoryToLearn\world_json\cinematic_db\orbit_left\orbit_left_017.json,120,1.0500,3.4556,2.4056,2.4056,0.0800,-0.8585,0.9385,1.2477,0.8600,0.6669,0.1931,0.2400,2.5894,3.2949,True,2.5822
427,unknown,orbit_left_044,trajectoryToLearn\world_json\cinematic_db\orbit_left\orbit_left_044.json,120,1.0500,3.4451,2.3951,2.3951,0.0800,-0.8838,0.9638,1.5089,0.8600,0.7420,0.1180,0.1939,2.5844,3.7610,True,2.5817
428,unknown,orbit_left_009,trajectoryToLearn\world_json\cinematic_db\orbit_left\orbit_left_009.json,120,1.0500,3.5231,2.4731,2.4731,0.0800,-0.6333,0.7133,1.1709,0.8600,1.0640,0.2040,0.2169,2.5820,3.5350,True,2.5739
429,unknown,orbit_left_095,trajectoryToLearn\world_json\cinematic_db\orbit_left\orbit_left_095.json,120,1.0500,3.4984,2.4484,2.4484,0.0800,-0.7068,0.7868,0.8436,0.8600,0.9270,0.0670,0.1088,2.5726,2.7896,True,2.5718
430,unknown,orbit_left_067,trajectoryToLearn\world_json\cinematic_db\orbit_left\orbit_left_067.json,120,1.0500,3.4311,2.3811,2.3988,0.0800,-0.8768,0.9568,1.5836,0.8600,0.6469,0.2131,0.2287,2.5750,3.6711,True,2.5662
431,unknown,tracking_zigzag_045,trajectoryToLearn\world_json\cinematic_db\tracking_zigzag\tracking_zigzag_045.json,120,1.0500,3.6003,2.5503,2.5503,0.0800,-0.1930,0.2730,0.8273,0.8600,1.0145,0.1545,0.3090,2.5695,3.4010,True,2.5648
432,unknown,orbit_left_075,trajectoryToLearn\world_json\cinematic_db\orbit_left\orbit_left_075.json,120,1.0500,3.5818,2.5318,2.5325,0.0800,-0.3261,0.4061,0.4807,0.8600,0.8143,0.0457,0.1160,2.5645,2.7088,True,2.5641
433,unknown,orbit_right_026,trajectoryToLearn\world_json\cinematic_db\orbit_right\orbit_right_026.json,120,1.0500,3.5801,2.5301,2.5390,0.0800,0.4925,0.4125,0.4921,0.8600,0.9022,0.0422,0.1259,2.5638,2.6666,True,2.5635
434,unknown,tracking_zigzag_054,trajectoryToLearn\world_json\cinematic_db\tracking_zigzag\tracking_zigzag_054.json,120,1.0500,3.5459,2.4959,2.4959,0.0800,0.6518,0.5718,0.8245,0.8600,0.9487,0.0887,0.1774,2.5621,2.8887,True,2.5605
435,unknown,dolly_push_in_001,trajectoryToLearn\world_json\cinematic_db\dolly_push_in\dolly_push_in_001.json,120,1.0500,3.6022,2.5522,2.5522,0.0800,-0.1246,0.2046,0.2469,0.8600,0.9185,0.0585,0.0585,2.5610,2.6071,True,2.5604
436,unknown,arc_left_push_046,trajectoryToLearn\world_json\cinematic_db\arc_left_push\arc_left_push_046.json,120,1.0500,3.4957,2.4457,2.4469,0.0800,-0.6727,0.7527,0.7669,0.8600,0.9240,0.0640,0.0892,2.5597,2.6186,True,2.5589
437,unknown,tracking_zigzag_072,trajectoryToLearn\world_json\cinematic_db\tracking_zigzag\tracking_zigzag_072.json,120,1.0500,3.5468,2.4968,2.4968,0.0800,0.6300,0.5500,0.7485,0.8600,0.9454,0.0854,0.1708,2.5581,2.7722,True,2.5567
438,unknown,tracking_zigzag_099,trajectoryToLearn\world_json\cinematic_db\tracking_zigzag\tracking_zigzag_099.json,120,1.0500,3.5739,2.5239,2.5239,0.0800,0.4608,0.3808,0.7088,0.8600,0.9127,0.0527,0.1054,2.5530,2.9099,True,2.5525
439,unknown,tracking_zigzag_025,trajectoryToLearn\world_json\cinematic_db\tracking_zigzag\tracking_zigzag_025.json,120,1.0500,3.4569,2.4069,2.4069,0.0800,0.8979,0.8179,1.1490,0.8600,0.9485,0.0885,0.1770,2.5436,3.0398,True,2.5421
440,unknown,orbit_left_015,trajectoryToLearn\world_json\cinematic_db\orbit_left\orbit_left_015.json,120,1.0500,3.4628,2.4128,2.4132,0.0800,-0.7196,0.7996,0.8053,0.8600,0.8274,0.0326,0.0891,2.5421,2.6695,True,2.5419
441,unknown,orbit_left_082,trajectoryToLearn\world_json\cinematic_db\orbit_left\orbit_left_082.json,120,1.0500,3.5275,2.4775,2.5362,0.0800,-0.4814,0.5614,0.9090,0.8600,0.8636,0.0036,0.1401,2.5403,4.0267,True,2.5403
442,unknown,tracking_zigzag_048,trajectoryToLearn\world_json\cinematic_db\tracking_zigzag\tracking_zigzag_048.json,120,1.0500,3.5900,2.5400,2.5400,0.0800,0.1109,0.0309,0.5826,0.8600,0.9899,0.1299,0.2598,2.5435,3.0012,True,2.5402
443,unknown,orbit_left_006,trajectoryToLearn\world_json\cinematic_db\orbit_left\orbit_left_006.json,120,1.0500,3.5163,2.4663,2.4687,0.0800,-0.5240,0.6040,0.6668,0.8600,0.8271,0.0329,0.0701,2.5394,2.6589,True,2.5392
444,unknown,orbit_right_071,trajectoryToLearn\world_json\cinematic_db\orbit_right\orbit_right_071.json,120,1.0500,3.5263,2.4763,2.4835,0.0800,0.6341,0.5541,0.7596,0.8600,0.8194,0.0406,0.1277,2.5379,3.6151,True,2.5376
445,unknown,tracking_zigzag_077,trajectoryToLearn\world_json\cinematic_db\tracking_zigzag\tracking_zigzag_077.json,120,1.0500,3.4721,2.4221,2.4221,0.0800,0.8359,0.7559,1.1411,0.8600,1.0172,0.1572,0.3145,2.5422,3.1586,True,2.5373
446,unknown,orbit_right_098,trajectoryToLearn\world_json\cinematic_db\orbit_right\orbit_right_098.json,120,1.0500,3.4628,2.4128,2.4128,0.0800,0.8572,0.7772,0.7810,0.8600,1.0316,0.1716,0.2034,2.5407,2.6438,True,2.5349
447,unknown,orbit_right_037,trajectoryToLearn\world_json\cinematic_db\orbit_right\orbit_right_037.json,120,1.0500,3.5499,2.4999,2.5003,0.0800,0.4560,0.3760,0.4637,0.8600,0.9228,0.0628,0.1964,2.5288,3.0539,True,2.5280
448,unknown,orbit_right_042,trajectoryToLearn\world_json\cinematic_db\orbit_right\orbit_right_042.json,120,1.0500,3.5135,2.4635,2.4635,0.0800,0.6460,0.5660,1.1310,0.8600,0.8402,0.0198,0.2141,2.5277,3.7450,True,2.5277
449,unknown,arc_left_push_001,trajectoryToLearn\world_json\cinematic_db\arc_left_push\arc_left_push_001.json,120,1.0500,3.3703,2.3203,2.3352,0.0800,-0.9200,1.0000,1.0000,0.8600,0.9155,0.0555,0.0668,2.5272,2.7467,True,2.5266
450,unknown,orbit_left_036,trajectoryToLearn\world_json\cinematic_db\orbit_left\orbit_left_036.json,120,1.0500,3.5360,2.4860,2.4860,0.0800,-0.3713,0.4513,0.7281,0.8600,1.0406,0.1806,0.2474,2.5331,2.9617,True,2.5266
451,unknown,tracking_zigzag_046,trajectoryToLearn\world_json\cinematic_db\tracking_zigzag\tracking_zigzag_046.json,120,1.0500,3.5716,2.5216,2.5216,0.0800,0.2000,0.1200,0.4123,0.8600,0.9447,0.0847,0.1695,2.5259,2.7511,True,2.5244
452,unknown,tracking_zigzag_010,trajectoryToLearn\world_json\cinematic_db\tracking_zigzag\tracking_zigzag_010.json,120,1.0500,3.5461,2.4961,2.4961,0.0800,0.3858,0.3058,0.4908,0.8600,0.9505,0.0905,0.1810,2.5164,2.7084,True,2.5148
453,unknown,arc_left_push_035,trajectoryToLearn\world_json\cinematic_db\arc_left_push\arc_left_push_035.json,120,1.0500,3.4098,2.3598,2.3598,0.0800,-0.7844,0.8644,0.8644,0.8600,0.9156,0.0556,0.0976,2.5137,2.6474,True,2.5131
454,unknown,orbit_right_054,trajectoryToLearn\world_json\cinematic_db\orbit_right\orbit_right_054.json,120,1.0500,3.4787,2.4287,2.4395,0.0800,0.6807,0.6007,1.0922,0.8600,1.0536,0.1936,0.2608,2.5094,3.6835,True,2.5019
455,unknown,orbit_left_038,trajectoryToLearn\world_json\cinematic_db\orbit_left\orbit_left_038.json,120,1.0500,3.4706,2.4206,2.4206,0.0800,-0.5253,0.6053,0.8087,0.8600,0.9164,0.0564,0.1544,2.4958,2.8913,True,2.4952
456,unknown,tracking_zigzag_034,trajectoryToLearn\world_json\cinematic_db\tracking_zigzag\tracking_zigzag_034.json,120,1.0500,3.5260,2.4760,2.4760,0.0800,0.3546,0.2746,0.6577,0.8600,1.0057,0.1457,0.2915,2.4954,2.8802,True,2.4912
457,unknown,orbit_right_036,trajectoryToLearn\world_json\cinematic_db\orbit_right\orbit_right_036.json,120,1.0500,3.5230,2.4730,2.4773,0.0800,0.3481,0.2681,0.4685,0.8600,0.9417,0.0817,0.1723,2.4888,2.9873,True,2.4875
458,unknown,tracking_zigzag_066,trajectoryToLearn\world_json\cinematic_db\tracking_zigzag\tracking_zigzag_066.json,120,1.0500,3.4799,2.4299,2.4299,0.0800,0.5911,0.5111,0.9658,0.8600,0.9329,0.0729,0.1458,2.4841,2.9916,True,2.4831
459,unknown,tracking_zigzag_098,trajectoryToLearn\world_json\cinematic_db\tracking_zigzag\tracking_zigzag_098.json,120,1.0500,3.4962,2.4462,2.4462,0.0800,0.4720,0.3920,0.5498,0.8600,1.0197,0.1597,0.3194,2.4825,2.6946,True,2.4774
460,unknown,orbit_right_014,trajectoryToLearn\world_json\cinematic_db\orbit_right\orbit_right_014.json,120,1.0500,3.4581,2.4081,2.4081,0.0800,0.6394,0.5594,0.6101,0.8600,0.7058,0.1542,0.3071,2.4770,3.0201,True,2.4722
461,unknown,orbit_left_016,trajectoryToLearn\world_json\cinematic_db\orbit_left\orbit_left_016.json,120,1.0500,3.4793,2.4293,2.4306,0.0800,-0.3640,0.4440,0.4972,0.8600,0.9592,0.0992,0.2930,2.4715,2.6647,True,2.4695
462,unknown,orbit_left_086,trajectoryToLearn\world_json\cinematic_db\orbit_left\orbit_left_086.json,120,1.0500,3.4337,2.3837,2.3867,0.0800,-0.5564,0.6364,0.6673,0.8600,0.7377,0.1223,0.2402,2.4702,2.7235,True,2.4672
463,unknown,tracking_zigzag_084,trajectoryToLearn\world_json\cinematic_db\tracking_zigzag\tracking_zigzag_084.json,120,1.0500,3.4777,2.4277,2.4277,0.0800,-0.2858,0.3658,1.0829,0.8600,0.9776,0.1176,0.2352,2.4579,3.6275,True,2.4551
464,unknown,tracking_zigzag_073,trajectoryToLearn\world_json\cinematic_db\tracking_zigzag\tracking_zigzag_073.json,120,1.0500,3.4725,2.4225,2.4225,0.0800,-0.0493,0.1293,0.9412,0.8600,0.9781,0.1181,0.2363,2.4288,3.4945,True,2.4260
465,unknown,tracking_zigzag_020,trajectoryToLearn\world_json\cinematic_db\tracking_zigzag\tracking_zigzag_020.json,120,1.0500,3.4636,2.4136,2.4136,0.0800,0.2787,0.1987,0.4229,0.8600,1.0137,0.1537,0.3074,2.4267,2.6428,True,2.4218
466,unknown,orbit_left_093,trajectoryToLearn\world_json\cinematic_db\orbit_left\orbit_left_093.json,120,1.0500,3.4241,2.3741,2.3741,0.0800,-0.3883,0.4683,0.8554,0.8600,0.7928,0.0672,0.1925,2.4208,2.9825,True,2.4199
467,unknown,orbit_left_014,trajectoryToLearn\world_json\cinematic_db\orbit_left\orbit_left_014.json,120,1.0500,3.4052,2.3552,2.3552,0.0800,-0.4614,0.5414,0.8182,0.8600,0.7721,0.0879,0.1288,2.4182,2.8040,True,2.4166
468,unknown,arc_left_push_063,trajectoryToLearn\world_json\cinematic_db\arc_left_push\arc_left_push_063.json,120,1.0500,3.2434,2.1934,2.2067,0.0800,-0.9200,1.0000,1.0000,0.8600,0.7245,0.1355,0.1442,2.4144,2.6052,True,2.4106
469,unknown,tracking_zigzag_032,trajectoryToLearn\world_json\cinematic_db\tracking_zigzag\tracking_zigzag_032.json,120,1.0500,3.4562,2.4062,2.4062,0.0800,-0.0174,0.0974,0.5256,0.8600,0.9257,0.0657,0.1313,2.4091,2.8859,True,2.4082
470,unknown,orbit_left_035,trajectoryToLearn\world_json\cinematic_db\orbit_left\orbit_left_035.json,120,1.0500,3.3883,2.3383,2.3383,0.0800,-0.4839,0.5639,0.5639,0.8600,1.0649,0.2049,0.2584,2.4140,2.5069,True,2.4053
471,unknown,orbit_left_008,trajectoryToLearn\world_json\cinematic_db\orbit_left\orbit_left_008.json,120,1.0500,3.2995,2.2495,2.2495,0.0800,-0.7314,0.8114,1.2690,0.8600,0.9376,0.0776,0.1541,2.3926,3.3609,True,2.3914
472,unknown,orbit_right_003,trajectoryToLearn\world_json\cinematic_db\orbit_right\orbit_right_003.json,120,1.0500,3.3467,2.2967,2.3056,0.0800,0.5730,0.4930,0.6775,0.8600,0.7307,0.1293,0.1797,2.3526,2.9400,True,2.3490
473,unknown,orbit_left_046,trajectoryToLearn\world_json\cinematic_db\orbit_left\orbit_left_046.json,120,1.0500,3.2972,2.2472,2.2472,0.0800,-0.5873,0.6673,1.3084,0.8600,0.7623,0.0977,0.1078,2.3462,3.7220,True,2.3442
474,unknown,orbit_right_017,trajectoryToLearn\world_json\cinematic_db\orbit_right\orbit_right_017.json,120,1.0500,3.3266,2.2766,2.2769,0.0800,0.6131,0.5331,0.5346,0.8600,0.9108,0.0508,0.1149,2.3388,2.5880,True,2.3382
475,unknown,orbit_right_038,trajectoryToLearn\world_json\cinematic_db\orbit_right\orbit_right_038.json,120,1.0500,3.2667,2.2167,2.2229,0.0800,0.8028,0.7228,1.1783,0.8600,0.7364,0.1236,0.1388,2.3348,3.1678,True,2.3316
476,unknown,orbit_right_034,trajectoryToLearn\world_json\cinematic_db\orbit_right\orbit_right_034.json,120,1.0500,3.3361,2.2861,2.2861,0.0800,0.4263,0.3463,0.4999,0.8600,0.8532,0.0068,0.0953,2.3122,2.7385,True,2.3122
477,unknown,orbit_right_088,trajectoryToLearn\world_json\cinematic_db\orbit_right\orbit_right_088.json,120,1.0500,3.2949,2.2449,2.2449,0.0800,0.6333,0.5533,0.5533,0.8600,0.9852,0.1252,0.1917,2.3154,2.5530,True,2.3120
478,scene_2,round_traj_5,trajectoryToLearn\world_json\scene_2\round_traj_5.json,300,0.1727,2.4783,2.3056,4.5000,1.0800,0.9869,0.0931,2.0000,0.8600,0.8600,0.0000,0.4000,2.3074,10.4054,True,2.3074
479,unknown,orbit_left_049,trajectoryToLearn\world_json\cinematic_db\orbit_left\orbit_left_049.json,120,1.0500,3.1978,2.1478,2.1478,0.0800,-0.7425,0.8225,1.3054,0.8600,0.9095,0.0495,0.2127,2.3004,3.3234,True,2.2999
480,unknown,orbit_right_080,trajectoryToLearn\world_json\cinematic_db\orbit_right\orbit_right_080.json,120,1.0500,3.2588,2.2088,2.2088,0.0800,0.6347,0.5547,0.5547,0.8600,0.8752,0.0152,0.0912,2.2774,2.4871,True,2.2774
481,unknown,orbit_left_052,trajectoryToLearn\world_json\cinematic_db\orbit_left\orbit_left_052.json,120,1.0500,3.1959,2.1459,2.1459,0.0800,-0.6723,0.7523,1.0293,0.8600,0.9564,0.0964,0.1566,2.2760,2.7404,True,2.2740
482,unknown,orbit_right_091,trajectoryToLearn\world_json\cinematic_db\orbit_right\orbit_right_091.json,120,1.0500,3.2409,2.1909,2.1909,0.0800,0.6388,0.5588,0.5842,0.8600,0.9286,0.0686,0.2141,2.2620,2.4137,True,2.2610
483,unknown,orbit_right_031,trajectoryToLearn\world_json\cinematic_db\orbit_right\orbit_right_031.json,120,1.0500,3.2727,2.2227,2.2340,0.0800,0.4534,0.3734,0.4838,0.8600,0.9713,0.1113,0.2221,2.2566,2.8869,True,2.2538
484,unknown,crane_up_042,trajectoryToLearn\world_json\cinematic_db\crane_up\crane_up_042.json,120,1.0500,3.2912,2.2412,2.2412,0.0800,-0.0675,0.1475,0.1554,0.8600,0.5351,0.3249,0.3538,2.2694,2.3289,True,2.2460
485,unknown,orbit_left_018,trajectoryToLearn\world_json\cinematic_db\orbit_left\orbit_left_018.json,120,1.0500,3.1194,2.0694,2.0704,0.0800,-0.7776,0.8576,1.5726,0.8600,0.6252,0.2348,0.2846,2.2524,3.7366,True,2.2401
486,unknown,orbit_left_061,trajectoryToLearn\world_json\cinematic_db\orbit_left\orbit_left_061.json,120,1.0500,3.2405,2.1905,2.1916,0.0800,-0.3726,0.4526,0.9106,0.8600,0.9023,0.0423,0.2276,2.2371,3.0002,True,2.2367
487,unknown,orbit_left_063,trajectoryToLearn\world_json\cinematic_db\orbit_left\orbit_left_063.json,120,1.0500,3.1937,2.1437,2.1437,0.0800,-0.5048,0.5848,1.0076,0.8600,0.9722,0.1122,0.2189,2.2249,3.0889,True,2.2221
488,unknown,orbit_right_027,trajectoryToLearn\world_json\cinematic_db\orbit_right\orbit_right_027.json,120,1.0500,3.2044,2.1544,2.1544,0.0800,0.6196,0.5396,0.5580,0.8600,0.7350,0.1250,0.1336,2.2244,2.4989,True,2.2209
489,unknown,orbit_right_001,trajectoryToLearn\world_json\cinematic_db\orbit_right\orbit_right_001.json,120,1.0500,3.1758,2.1258,2.1351,0.0800,0.7046,0.6246,0.8845,0.8600,0.7276,0.1324,0.2585,2.2196,2.7268,True,2.2157
490,unknown,crane_up_023,trajectoryToLearn\world_json\cinematic_db\crane_up\crane_up_023.json,120,1.0500,3.2574,2.2074,2.2074,0.0800,-0.1043,0.1843,0.1843,0.8600,0.5220,0.3380,0.3380,2.2407,2.2735,True,2.2151
491,unknown,orbit_right_015,trajectoryToLearn\world_json\cinematic_db\orbit_right\orbit_right_015.json,120,1.0500,3.1415,2.0915,2.0918,0.0800,0.7611,0.6811,1.3805,0.8600,0.9419,0.0819,0.1592,2.2012,3.7125,True,2.1996
492,unknown,orbit_left_098,trajectoryToLearn\world_json\cinematic_db\orbit_left\orbit_left_098.json,120,1.0500,3.2115,2.1615,2.1615,0.0800,-0.3050,0.3850,0.7466,0.8600,0.9052,0.0452,0.1876,2.1960,2.8623,True,2.1955
493,unknown,orbit_left_088,trajectoryToLearn\world_json\cinematic_db\orbit_left\orbit_left_088.json,120,1.0500,3.1452,2.0952,2.0977,0.0800,-0.5084,0.5884,0.6267,0.8600,0.8176,0.0424,0.1650,2.1766,2.3220,True,2.1762
494,unknown,crane_up_093,trajectoryToLearn\world_json\cinematic_db\crane_up\crane_up_093.json,120,1.0500,3.2009,2.1509,2.1509,0.0800,0.3536,0.2736,0.3106,0.8600,0.4842,0.3758,0.3758,2.2006,2.2302,True,2.1682
495,unknown,crane_up_004,trajectoryToLearn\world_json\cinematic_db\crane_up\crane_up_004.json,120,1.0500,3.2057,2.1557,2.1557,0.0800,0.3080,0.2280,0.2366,0.8600,0.4846,0.3754,0.3761,2.1999,2.2235,True,2.1677
496,unknown,crane_up_084,trajectoryToLearn\world_json\cinematic_db\crane_up\crane_up_084.json,120,1.0500,3.2125,2.1625,2.1625,0.0800,0.1195,0.0395,0.1202,0.8600,0.3709,0.4891,0.4892,2.2175,2.2537,True,2.1629
497,unknown,crane_up_024,trajectoryToLearn\world_json\cinematic_db\crane_up\crane_up_024.json,120,1.0500,3.2081,2.1581,2.1581,0.0800,0.1230,0.0430,0.2397,0.8600,0.4536,0.4064,0.4064,2.1965,2.3029,True,2.1585
498,unknown,orbit_left_048,trajectoryToLearn\world_json\cinematic_db\orbit_left\orbit_left_048.json,120,1.0500,3.1418,2.0918,2.0918,0.0800,-0.4290,0.5090,0.5599,0.8600,0.8857,0.0257,0.1535,2.1529,2.3152,True,2.1528
499,unknown,crane_up_060,trajectoryToLearn\world_json\cinematic_db\crane_up\crane_up_060.json,120,1.0500,3.1902,2.1402,2.1408,0.0800,0.2973,0.2173,0.2532,0.8600,0.5174,0.3426,0.3426,2.1783,2.2172,True,2.1512
500,unknown,crane_up_025,trajectoryToLearn\world_json\cinematic_db\crane_up\crane_up_025.json,120,1.0500,3.1796,2.1296,2.1324,0.0800,0.3508,0.2708,0.3605,0.8600,0.6220,0.2380,0.2380,2.1599,2.2515,True,2.1467
501,scene_2,round_traj_4,trajectoryToLearn\world_json\scene_2\round_traj_4.json,300,-0.4500,1.5855,2.0355,4.5000,0.8598,0.2391,0.6207,2.0000,0.8600,0.8600,0.0000,0.4000,2.1280,10.6571,True,2.1280
502,unknown,orbit_right_018,trajectoryToLearn\world_json\cinematic_db\orbit_right\orbit_right_018.json,120,1.0500,3.0905,2.0405,2.0408,0.0800,0.6508,0.5708,0.6006,0.8600,0.8050,0.0550,0.1413,2.1196,2.3893,True,2.1188
503,unknown,orbit_left_041,trajectoryToLearn\world_json\cinematic_db\orbit_left\orbit_left_041.json,120,1.0500,3.1266,2.0766,2.0817,0.0800,-0.3259,0.4059,0.7912,0.8600,0.7683,0.0917,0.1682,2.1179,2.7377,True,2.1159
504,unknown,crane_up_064,trajectoryToLearn\world_json\cinematic_db\crane_up\crane_up_064.json,120,1.0500,3.1567,2.1067,2.1067,0.0800,0.1760,0.0960,0.1191,0.8600,0.4555,0.4045,0.4045,2.1473,2.2178,True,2.1089
505,unknown,crane_up_035,trajectoryToLearn\world_json\cinematic_db\crane_up\crane_up_035.json,120,1.0500,3.1549,2.1049,2.1058,0.0800,0.0907,0.0107,0.1195,0.8600,0.4993,0.3607,0.3635,2.1356,2.1891,True,2.1049
506,unknown,crane_up_080,trajectoryToLearn\world_json\cinematic_db\crane_up\crane_up_080.json,120,1.0500,3.1174,2.0674,2.0674,0.0800,0.4558,0.3758,0.3957,0.8600,0.6089,0.2511,0.2511,2.1162,2.1419,True,2.1013
507,unknown,orbit_left_060,trajectoryToLearn\world_json\cinematic_db\orbit_left\orbit_left_060.json,120,1.0500,3.0741,2.0241,2.0241,0.0800,-0.4804,0.5604,0.6113,0.8600,0.9406,0.0806,0.1105,2.1018,2.2176,True,2.1003
508,unknown,orbit_right_045,trajectoryToLearn\world_json\cinematic_db\orbit_right\orbit_right_045.json,120,1.0500,3.0982,2.0482,2.0482,0.0800,0.5446,0.4646,0.4648,0.8600,0.8837,0.0237,0.1876,2.1004,2.2202,True,2.1003
509,unknown,crane_up_066,trajectoryToLearn\world_json\cinematic_db\crane_up\crane_up_066.json,120,1.0500,3.1375,2.0875,2.0880,0.0800,-0.1249,0.2049,0.3141,0.8600,0.3603,0.4997,0.5000,2.1563,2.2326,True,2.0976
510,unknown,orbit_right_008,trajectoryToLearn\world_json\cinematic_db\orbit_right\orbit_right_008.json,120,1.0500,3.0422,1.9922,1.9922,0.0800,0.7346,0.6546,1.0162,0.8600,0.7464,0.1136,0.2617,2.1001,2.8061,False,2.0970
511,unknown,orbit_right_053,trajectoryToLearn\world_json\cinematic_db\orbit_right\orbit_right_053.json,120,1.0500,3.0758,2.0258,2.0267,0.0800,0.5964,0.5164,0.8845,0.8600,0.5916,0.2684,0.3383,2.1078,2.8387,True,2.0906
512,scene_2,round_traj_1,trajectoryToLearn\world_json\scene_2\round_traj_1.json,300,-0.4500,1.5188,1.9688,4.5000,0.7309,0.0773,0.6536,2.0000,0.8600,0.8600,0.0000,0.4000,2.0745,10.6133,False,2.0745
513,unknown,orbit_right_029,trajectoryToLearn\world_json\cinematic_db\orbit_right\orbit_right_029.json,120,1.0500,3.0796,2.0296,2.0388,0.0800,0.4835,0.4035,0.6629,0.8600,0.9376,0.0776,0.2381,2.0708,2.5028,True,2.0693
514,unknown,orbit_right_007,trajectoryToLearn\world_json\cinematic_db\orbit_right\orbit_right_007.json,120,1.0500,3.0610,2.0110,2.0110,0.0800,0.5593,0.4793,0.6719,0.8600,1.0719,0.2119,0.3046,2.0782,2.7726,True,2.0674
515,unknown,crane_up_088,trajectoryToLearn\world_json\cinematic_db\crane_up\crane_up_088.json,120,1.0500,3.0836,2.0336,2.0341,0.0800,0.4277,0.3477,0.3477,0.8600,0.4794,0.3806,0.3918,2.0979,2.1313,True,2.0631
516,unknown,crane_up_077,trajectoryToLearn\world_json\cinematic_db\crane_up\crane_up_077.json,120,1.0500,3.0843,2.0343,2.0348,0.0800,-0.1955,0.2755,0.2757,0.8600,0.3600,0.5000,0.5000,2.1129,2.1665,True,2.0528
517,unknown,crane_down_061,trajectoryToLearn\world_json\cinematic_db\crane_down\crane_down_061.json,120,1.0500,3.0620,2.0120,2.0120,0.0800,0.4441,0.3641,0.3641,0.8600,1.2879,0.4279,0.4279,2.0889,2.1467,True,2.0446
518,unknown,crane_up_079,trajectoryToLearn\world_json\cinematic_db\crane_up\crane_up_079.json,120,1.0500,3.0934,2.0434,2.0434,0.0800,0.1205,0.0405,0.1698,0.8600,0.3840,0.4760,0.4760,2.0985,2.1614,True,2.0438
519,unknown,crane_up_097,trajectoryToLearn\world_json\cinematic_db\crane_up\crane_up_097.json,120,1.0500,3.0905,2.0405,2.0419,0.0800,0.0076,0.0724,0.1550,0.8600,0.4975,0.3625,0.3820,2.0737,2.1156,True,2.0418
520,unknown,crane_down_084,trajectoryToLearn\world_json\cinematic_db\crane_down\crane_down_084.json,120,1.0500,3.0669,2.0169,2.0169,0.0800,-0.0220,0.1020,0.1020,0.8600,1.3236,0.4636,0.4652,2.0720,2.1285,True,2.0195
521,unknown,orbit_right_061,trajectoryToLearn\world_json\cinematic_db\orbit_right\orbit_right_061.json,120,1.0500,2.9119,1.8619,1.8619,0.0800,0.8216,0.7416,1.2718,0.8600,1.0323,0.1723,0.2817,2.0116,3.4171,False,2.0042
522,unknown,orbit_left_024,trajectoryToLearn\world_json\cinematic_db\orbit_left\orbit_left_024.json,120,1.0500,2.9878,1.9378,1.9378,0.0800,-0.4088,0.4888,0.4921,0.8600,0.8618,0.0018,0.1138,1.9985,2.1537,False,1.9985
523,scene_2,round_traj_3,trajectoryToLearn\world_json\scene_2\round_traj_3.json,300,1.5365,-0.4500,1.9865,4.5000,-0.9200,-0.9200,0.0000,2.0000,0.8600,0.8600,0.0000,0.4000,1.9865,9.4948,False,1.9865
524,unknown,crane_up_008,trajectoryToLearn\world_json\cinematic_db\crane_up\crane_up_008.json,120,1.0500,3.0356,1.9856,1.9859,0.0800,0.0944,0.0144,0.1094,0.8600,0.4916,0.3684,0.4381,2.0195,2.1028,False,1.9856
525,unknown,crane_up_017,trajectoryToLearn\world_json\cinematic_db\crane_up\crane_up_017.json,120,1.0500,3.0171,1.9671,1.9672,0.0800,0.3029,0.2229,0.2229,0.8600,0.6018,0.2582,0.2582,1.9965,2.0589,False,1.9797
526,unknown,crane_up_037,trajectoryToLearn\world_json\cinematic_db\crane_up\crane_up_037.json,120,1.0500,3.0160,1.9660,1.9660,0.0800,0.3105,0.2305,0.2305,0.8600,0.5899,0.2701,0.2723,1.9978,2.0346,False,1.9795
527,unknown,crane_down_003,trajectoryToLearn\world_json\cinematic_db\crane_down\crane_down_003.json,120,1.0500,3.0098,1.9598,1.9598,0.0800,-0.1814,0.2614,0.3366,0.8600,1.2272,0.3672,0.4029,2.0110,2.0872,False,1.9772
528,unknown,crane_up_029,trajectoryToLearn\world_json\cinematic_db\crane_up\crane_up_029.json,120,1.0500,3.0152,1.9652,1.9652,0.0800,0.2745,0.1945,0.2453,0.8600,0.4663,0.3937,0.4181,2.0136,2.0514,False,1.9748
529,unknown,crane_down_034,trajectoryToLearn\world_json\cinematic_db\crane_down\crane_down_034.json,120,1.0500,3.0152,1.9652,1.9652,0.0800,0.1703,0.0903,0.2173,0.8600,1.1749,0.3149,0.3149,1.9923,2.0450,False,1.9673
530,unknown,crane_down_041,trajectoryToLearn\world_json\cinematic_db\crane_down\crane_down_041.json,120,1.0500,3.0039,1.9539,1.9539,0.0800,0.2773,0.1973,0.2128,0.8600,1.2492,0.3892,0.4127,2.0020,2.0404,False,1.9638
531,unknown,crane_down_098,trajectoryToLearn\world_json\cinematic_db\crane_down\crane_down_098.json,120,1.0500,2.9950,1.9450,1.9453,0.0800,-0.0123,0.0923,0.1497,0.8600,1.3594,0.4994,0.5000,2.0102,2.0555,False,1.9472
532,unknown,crane_up_056,trajectoryToLearn\world_json\cinematic_db\crane_up\crane_up_056.json,120,1.0500,2.9940,1.9440,1.9453,0.0800,0.0014,0.0786,0.1681,0.8600,0.4541,0.4059,0.4059,1.9875,2.0546,False,1.9456
533,unknown,orbit_left_087,trajectoryToLearn\world_json\cinematic_db\orbit_left\orbit_left_087.json,120,1.0500,2.8713,1.8213,1.8213,0.0800,-0.6003,0.6803,1.0418,0.8600,0.8152,0.0448,0.2107,1.9447,2.7565,False,1.9442
534,unknown,crane_down_001,trajectoryToLearn\world_json\cinematic_db\crane_down\crane_down_001.json,120,1.0500,2.9910,1.9410,1.9410,0.0800,0.0621,0.0179,0.1424,0.8600,1.2908,0.4308,0.4308,1.9883,2.0437,False,1.9411
535,unknown,orbit_right_020,trajectoryToLearn\world_json\cinematic_db\orbit_right\orbit_right_020.json,120,1.0500,2.8202,1.7702,1.7702,0.0800,0.8602,0.7802,1.3451,0.8600,0.7207,0.1393,0.1660,1.9395,3.5043,False,1.9345
536,unknown,orbit_right_051,trajectoryToLearn\world_json\cinematic_db\orbit_right\orbit_right_051.json,120,1.0500,2.8792,1.8292,1.8298,0.0800,0.7047,0.6247,0.9959,0.8600,0.8439,0.0161,0.1307,1.9330,2.6014,False,1.9329
537,unknown,crane_down_026,trajectoryToLearn\world_json\cinematic_db\crane_down\crane_down_026.json,120,1.0500,2.9763,1.9263,1.9263,0.0800,0.0909,0.0109,0.1079,0.8600,1.3600,0.5000,0.5000,1.9901,2.0133,False,1.9263
538,unknown,crane_up_026,trajectoryToLearn\world_json\cinematic_db\crane_up\crane_up_026.json,120,1.0500,2.9592,1.9092,1.9092,0.0800,-0.1615,0.2415,0.2415,0.8600,0.4503,0.4097,0.4097,1.9675,1.9903,False,1.9244
539,unknown,crane_down_046,trajectoryToLearn\world_json\cinematic_db\crane_down\crane_down_046.json,120,1.0500,2.9599,1.9099,1.9099,0.0800,0.3073,0.2273,0.2273,0.8600,1.1853,0.3253,0.3253,1.9507,1.9861,False,1.9233
540,unknown,orbit_left_084,trajectoryToLearn\world_json\cinematic_db\orbit_left\orbit_left_084.json,120,1.0500,2.9061,1.8561,1.8598,0.0800,-0.3993,0.4793,0.9377,0.8600,0.8391,0.0209,0.1891,1.9171,3.1336,False,1.9170
541,unknown,crane_down_075,trajectoryToLearn\world_json\cinematic_db\crane_down\crane_down_075.json,120,1.0500,2.9343,1.8843,1.8843,0.0800,-0.2629,0.3429,0.3451,0.8600,1.3364,0.4764,0.5000,1.9736,2.0194,False,1.9152
542,unknown,crane_up_094,trajectoryToLearn\world_json\cinematic_db\crane_up\crane_up_094.json,120,1.0500,2.9503,1.9003,1.9003,0.0800,-0.1530,0.2330,0.3214,0.8600,0.5372,0.3228,0.3359,1.9416,2.0509,False,1.9145
543,unknown,orbit_right_022,trajectoryToLearn\world_json\cinematic_db\orbit_right\orbit_right_022.json,120,1.0500,2.8834,1.8334,1.8334,0.0800,0.6122,0.5322,0.9156,0.8600,0.9334,0.0734,0.1132,1.9105,2.7082,False,1.9091
544,unknown,crane_up_090,trajectoryToLearn\world_json\cinematic_db\crane_up\crane_up_090.json,120,1.0500,2.9562,1.9062,1.9062,0.0800,0.1783,0.0983,0.1419,0.8600,0.4806,0.3794,0.3794,1.9461,2.0237,False,1.9088
545,unknown,crane_down_055,trajectoryToLearn\world_json\cinematic_db\crane_down\crane_down_055.json,120,1.0500,2.9373,1.8873,1.8876,0.0800,-0.2001,0.2801,0.2801,0.8600,1.0768,0.2168,0.2168,1.9202,1.9483,False,1.9080
546,unknown,crane_down_071,trajectoryToLearn\world_json\cinematic_db\crane_down\crane_down_071.json,120,1.0500,2.9371,1.8871,1.8871,0.0800,-0.1950,0.2750,0.2750,0.8600,1.2879,0.4279,0.4886,1.9544,2.0777,False,1.9070
547,unknown,crane_down_002,trajectoryToLearn\world_json\cinematic_db\crane_down\crane_down_002.json,120,1.0500,2.9428,1.8928,1.8928,0.0800,-0.1101,0.1901,0.3650,0.8600,1.2329,0.3729,0.3729,1.9386,2.0722,False,1.9024
548,unknown,crane_up_089,trajectoryToLearn\world_json\cinematic_db\crane_up\crane_up_089.json,120,1.0500,2.9468,1.8968,1.8968,0.0800,0.1778,0.0978,0.1504,0.8600,0.4652,0.3948,0.3948,1.9399,1.9688,False,1.8993
549,unknown,crane_up_055,trajectoryToLearn\world_json\cinematic_db\crane_up\crane_up_055.json,120,1.0500,2.9479,1.8979,1.8979,0.0800,0.0903,0.0103,0.2022,0.8600,0.6100,0.2500,0.2556,1.9143,2.0392,False,1.8979
550,unknown,crane_up_054,trajectoryToLearn\world_json\cinematic_db\crane_up\crane_up_054.json,120,1.0500,2.9369,1.8869,1.8875,0.0800,0.2777,0.1977,0.2037,0.8600,0.5713,0.2887,0.3480,1.9191,1.9662,False,1.8973
551,unknown,crane_up_074,trajectoryToLearn\world_json\cinematic_db\crane_up\crane_up_074.json,120,1.0500,2.9445,1.8945,1.8952,0.0800,0.1344,0.0544,0.0886,0.8600,0.3999,0.4601,0.4632,1.9503,1.9849,False,1.8953
552,unknown,orbit_left_070,trajectoryToLearn\world_json\cinematic_db\orbit_left\orbit_left_070.json,120,1.0500,2.9003,1.8503,1.8515,0.0800,-0.2959,0.3759,0.5397,0.8600,0.8794,0.0194,0.1824,1.8882,2.1685,False,1.8881
553,unknown,crane_down_092,trajectoryToLearn\world_json\cinematic_db\crane_down\crane_down_092.json,120,1.0500,2.9244,1.8744,1.8744,0.0800,0.3036,0.2236,0.2236,0.8600,1.2025,0.3425,0.3425,1.9185,1.9384,False,1.8877
554,unknown,crane_down_032,trajectoryToLearn\world_json\cinematic_db\crane_down\crane_down_032.json,120,1.0500,2.9042,1.8542,1.8550,0.0800,0.4011,0.3211,0.3211,0.8600,1.3600,0.5000,0.5000,1.9471,2.0290,False,1.8818
555,unknown,crane_up_082,trajectoryToLearn\world_json\cinematic_db\crane_up\crane_up_082.json,120,1.0500,2.9208,1.8708,1.8708,0.0800,0.2491,0.1691,0.2244,0.8600,0.3674,0.4926,0.5000,1.9419,2.0244,False,1.8784
556,unknown,crane_up_046,trajectoryToLearn\world_json\cinematic_db\crane_up\crane_up_046.json,120,1.0500,2.9085,1.8585,1.8585,0.0800,-0.1787,0.2587,0.2587,0.8600,0.4594,0.4006,0.4010,1.9187,1.9325,False,1.8764
557,unknown,crane_up_018,trajectoryToLearn\world_json\cinematic_db\crane_up\crane_up_018.json,120,1.0500,2.8820,1.8320,1.8320,0.0800,-0.2288,0.3088,0.3296,0.8600,0.4269,0.4331,0.4792,1.9076,1.9639,False,1.8578
558,unknown,crane_down_054,trajectoryToLearn\world_json\cinematic_db\crane_down\crane_down_054.json,120,1.0500,2.9023,1.8523,1.8523,0.0800,0.0370,0.0430,0.1937,0.8600,1.2115,0.3515,0.3631,1.8858,1.9977,False,1.8528
559,unknown,crane_down_089,trajectoryToLearn\world_json\cinematic_db\crane_down\crane_down_089.json,120,1.0500,2.8835,1.8335,1.8335,0.0800,0.0449,0.0351,0.0741,0.8600,1.0999,0.2399,0.2399,1.8495,1.8763,False,1.8338
560,unknown,crane_up_059,trajectoryToLearn\world_json\cinematic_db\crane_up\crane_up_059.json,120,1.0500,2.8417,1.7917,1.7954,0.0800,0.4017,0.3217,0.3980,0.8600,0.4301,0.4299,0.4322,1.8704,1.9924,False,1.8203
561,unknown,crane_down_053,trajectoryToLearn\world_json\cinematic_db\crane_down\crane_down_053.json,120,1.0500,2.8660,1.8160,1.8160,0.0800,0.0295,0.0505,0.2506,0.8600,1.3600,0.5000,0.5000,1.8843,2.0344,False,1.8167
562,unknown,arc_right_pull_011,trajectoryToLearn\world_json\cinematic_db\arc_right_pull\arc_right_pull_011.json,120,1.0500,-0.4500,1.5000,1.5000,0.0800,1.0800,1.0000,1.0000,0.8600,0.9279,0.0679,0.0679,1.8041,2.3587,False,1.8028
563,unknown,arc_right_pull_013,trajectoryToLearn\world_json\cinematic_db\arc_right_pull\arc_right_pull_013.json,120,1.0500,-0.4500,1.5000,1.5000,0.0800,1.0800,1.0000,1.0000,0.8600,0.8912,0.0312,0.0618,1.8030,2.2621,False,1.8028
564,unknown,arc_right_pull_032,trajectoryToLearn\world_json\cinematic_db\arc_right_pull\arc_right_pull_032.json,120,1.0500,-0.4500,1.5000,1.8616,0.0800,1.0800,1.0000,1.0034,0.8600,0.7059,0.1541,0.1541,1.8094,3.1676,False,1.8028
565,unknown,arc_right_pull_046,trajectoryToLearn\world_json\cinematic_db\arc_right_pull\arc_right_pull_046.json,120,1.0500,-0.4500,1.5000,1.5000,0.0800,1.0800,1.0000,1.0000,0.8600,0.7557,0.1043,0.1043,1.8058,2.3631,False,1.8028
566,unknown,arc_right_pull_056,trajectoryToLearn\world_json\cinematic_db\arc_right_pull\arc_right_pull_056.json,120,1.0500,-0.4500,1.5000,1.5000,0.0800,1.0800,1.0000,1.0000,0.8600,0.7715,0.0885,0.0885,1.8049,2.3453,False,1.8028
567,unknown,arc_right_pull_057,trajectoryToLearn\world_json\cinematic_db\arc_right_pull\arc_right_pull_057.json,120,1.0500,-0.4500,1.5000,1.5000,0.0800,1.0800,1.0000,1.0000,0.8600,0.9072,0.0472,0.0575,1.8034,2.3749,False,1.8028
568,unknown,arc_right_pull_065,trajectoryToLearn\world_json\cinematic_db\arc_right_pull\arc_right_pull_065.json,120,1.0500,-0.4500,1.5000,1.5508,0.0800,1.0800,1.0000,1.0009,0.8600,0.7839,0.0761,0.0880,1.8044,2.4815,False,1.8028
569,unknown,arc_right_pull_094,trajectoryToLearn\world_json\cinematic_db\arc_right_pull\arc_right_pull_094.json,120,1.0500,-0.4500,1.5000,1.5000,0.0800,1.0800,1.0000,1.0000,0.8600,0.7383,0.1217,0.1438,1.8069,2.2820,False,1.8028
570,unknown,crane_up_020,trajectoryToLearn\world_json\cinematic_db\crane_up\crane_up_020.json,120,1.0500,2.8278,1.7778,1.7778,0.0800,0.3773,0.2973,0.2974,0.8600,0.4907,0.3693,0.3693,1.8399,1.8478,False,1.8025
571,unknown,arc_right_pull_034,trajectoryToLearn\world_json\cinematic_db\arc_right_pull\arc_right_pull_034.json,120,1.0500,-0.4500,1.5000,1.7156,0.0800,1.0790,0.9990,1.0030,0.8600,0.7699,0.0901,0.0903,1.8045,2.8477,False,1.8022
572,unknown,arc_right_pull_031,trajectoryToLearn\world_json\cinematic_db\arc_right_pull\arc_right_pull_031.json,120,1.0500,-0.4500,1.5000,1.5000,0.0800,1.0785,0.9985,1.0000,0.8600,0.8195,0.0405,0.0461,1.8024,2.3596,False,1.8020
573,unknown,arc_right_pull_085,trajectoryToLearn\world_json\cinematic_db\arc_right_pull\arc_right_pull_085.json,120,1.0500,-0.4500,1.5000,1.5000,0.0800,1.0784,0.9984,1.0000,0.8600,0.7924,0.0676,0.0959,1.8032,2.2586,False,1.8019
574,unknown,arc_right_pull_058,trajectoryToLearn\world_json\cinematic_db\arc_right_pull\arc_right_pull_058.json,120,1.0500,-0.4500,1.5000,1.5000,0.0800,1.0784,0.9984,1.0000,0.8600,0.6380,0.2220,0.2220,1.8155,2.3597,False,1.8019
575,unknown,arc_right_pull_052,trajectoryToLearn\world_json\cinematic_db\arc_right_pull\arc_right_pull_052.json,120,1.0500,-0.4500,1.5000,1.5000,0.0800,1.0775,0.9975,1.0000,0.8600,0.9826,0.1226,0.1227,1.8056,2.3109,False,1.8014
576,unknown,crane_down_086,trajectoryToLearn\world_json\cinematic_db\crane_down\crane_down_086.json,120,1.0500,2.8398,1.7898,1.7911,0.0800,0.2763,0.1963,0.1963,0.8600,1.2934,0.4334,0.4334,1.8519,1.9251,False,1.8005
577,unknown,arc_right_pull_038,trajectoryToLearn\world_json\cinematic_db\arc_right_pull\arc_right_pull_038.json,120,1.0500,-0.4500,1.5000,1.5000,0.0800,1.0692,0.9892,1.0000,0.8600,0.9364,0.0764,0.0880,1.7984,2.3052,False,1.7968
578,unknown,arc_right_pull_037,trajectoryToLearn\world_json\cinematic_db\arc_right_pull\arc_right_pull_037.json,120,1.0500,-0.4500,1.5000,1.5000,0.0800,1.0675,0.9875,1.0000,0.8600,0.9393,0.0793,0.0832,1.7976,2.3981,False,1.7959
579,unknown,crane_down_082,trajectoryToLearn\world_json\cinematic_db\crane_down\crane_down_082.json,120,1.0500,2.8444,1.7944,1.7948,0.0800,0.1481,0.0681,0.2036,0.8600,1.1394,0.2794,0.2794,1.8173,1.9254,False,1.7957
580,unknown,arc_right_pull_009,trajectoryToLearn\world_json\cinematic_db\arc_right_pull\arc_right_pull_009.json,120,1.0500,-0.4500,1.5000,1.5000,0.0800,1.0668,0.9868,1.0000,0.8600,0.9625,0.1025,0.1091,1.7984,2.4561,False,1.7955
581,unknown,arc_right_pull_017,trajectoryToLearn\world_json\cinematic_db\arc_right_pull\arc_right_pull_017.json,120,1.0500,-0.4500,1.5000,1.7034,0.0800,1.0661,0.9861,1.0039,0.8600,0.8628,0.0028,0.0141,1.7951,2.8359,False,1.7951
582,unknown,arc_right_pull_072,trajectoryToLearn\world_json\cinematic_db\arc_right_pull\arc_right_pull_072.json,120,1.0500,-0.4500,1.5000,1.5000,0.0800,1.0644,0.9844,1.0000,0.8600,0.8074,0.0526,0.0978,1.7950,2.3914,False,1.7942
583,unknown,arc_right_pull_040,trajectoryToLearn\world_json\cinematic_db\arc_right_pull\arc_right_pull_040.json,120,1.0500,-0.4500,1.5000,2.0650,0.0800,1.0644,0.9844,1.0181,0.8600,0.8009,0.0591,0.0828,1.7951,3.5408,False,1.7942
584,unknown,crane_down_060,trajectoryToLearn\world_json\cinematic_db\crane_down\crane_down_060.json,120,1.0500,2.8325,1.7825,1.7825,0.0800,-0.1178,0.1978,0.2206,0.8600,1.1279,0.2679,0.2679,1.8133,1.8784,False,1.7934
585,unknown,arc_right_pull_059,trajectoryToLearn\world_json\cinematic_db\arc_right_pull\arc_right_pull_059.json,120,1.0500,-0.4500,1.5000,1.5508,0.0800,1.0586,0.9786,1.0006,0.8600,0.7737,0.0863,0.0948,1.7931,2.3848,False,1.7910
586,unknown,arc_right_pull_055,trajectoryToLearn\world_json\cinematic_db\arc_right_pull\arc_right_pull_055.json,120,1.0500,-0.4500,1.5000,1.5000,0.0800,1.0529,0.9729,1.0000,0.8600,0.8516,0.0084,0.0439,1.7879,2.3258,False,1.7879
587,unknown,arc_right_pull_098,trajectoryToLearn\world_json\cinematic_db\arc_right_pull\arc_right_pull_098.json,120,1.0500,-0.4500,1.5000,1.5000,0.0800,1.0527,0.9727,1.0000,0.8600,0.8354,0.0246,0.0535,1.7879,2.3713,False,1.7878
588,unknown,arc_right_pull_012,trajectoryToLearn\world_json\cinematic_db\arc_right_pull\arc_right_pull_012.json,120,1.0500,-0.4500,1.5000,1.5000,0.0800,1.0512,0.9712,1.0000,0.8600,1.0147,0.1547,0.1589,1.7936,2.3274,False,1.7869
589,unknown,arc_right_pull_016,trajectoryToLearn\world_json\cinematic_db\arc_right_pull\arc_right_pull_016.json,120,1.0500,-0.4500,1.5000,1.7034,0.0800,1.0510,0.9710,1.0059,0.8600,0.8790,0.0190,0.0572,1.7869,2.8386,False,1.7868
590,unknown,arc_right_pull_061,trajectoryToLearn\world_json\cinematic_db\arc_right_pull\arc_right_pull_061.json,120,1.0500,-0.4500,1.5000,1.7768,0.0800,1.0381,0.9581,1.0064,0.8600,0.9302,0.0702,0.0759,1.7813,2.9747,False,1.7799
591,unknown,crane_down_077,trajectoryToLearn\world_json\cinematic_db\crane_down\crane_down_077.json,120,1.0500,2.8169,1.7669,1.7669,0.0800,0.2933,0.2133,0.2767,0.8600,1.2192,0.3592,0.3592,1.8156,1.8686,False,1.7797
592,unknown,crane_down_080,trajectoryToLearn\world_json\cinematic_db\crane_down\crane_down_080.json,120,1.0500,2.8233,1.7733,1.7733,0.0800,-0.0579,0.1379,0.2168,0.8600,1.1347,0.2747,0.2747,1.7998,1.8704,False,1.7787
593,unknown,arc_right_pull_021,trajectoryToLearn\world_json\cinematic_db\arc_right_pull\arc_right_pull_021.json,120,1.0500,-0.4500,1.5000,1.8616,0.0800,1.0356,0.9556,1.0000,0.8600,0.9476,0.0876,0.0975,1.7807,3.2368,False,1.7785
594,unknown,crane_down_059,trajectoryToLearn\world_json\cinematic_db\crane_down\crane_down_059.json,120,1.0500,2.8043,1.7543,1.7548,0.0800,-0.1964,0.2764,0.2764,0.8600,1.1669,0.3069,0.3069,1.8023,1.9616,False,1.7759
595,unknown,crane_down_052,trajectoryToLearn\world_json\cinematic_db\crane_down\crane_down_052.json,120,1.0500,2.7938,1.7438,1.7443,0.0800,0.4135,0.3335,0.3335,0.8600,1.0893,0.2293,0.2293,1.7902,1.7965,False,1.7754
596,unknown,arc_right_pull_086,trajectoryToLearn\world_json\cinematic_db\arc_right_pull\arc_right_pull_086.json,120,1.0500,-0.4500,1.5000,1.5000,0.0800,1.0252,0.9452,0.9452,0.8600,0.8712,0.0112,0.0574,1.7730,2.2025,False,1.7729
597,unknown,arc_right_pull_047,trajectoryToLearn\world_json\cinematic_db\arc_right_pull\arc_right_pull_047.json,120,1.0500,-0.4500,1.5000,1.5000,0.0800,1.0251,0.9451,0.9972,0.8600,0.8091,0.0509,0.0778,1.7736,2.3170,False,1.7729
598,unknown,arc_right_pull_025,trajectoryToLearn\world_json\cinematic_db\arc_right_pull\arc_right_pull_025.json,120,1.0500,-0.4500,1.5000,1.5000,0.0800,1.0232,0.9432,0.9432,0.8600,0.8166,0.0434,0.0942,1.7725,2.2223,False,1.7719
599,unknown,crane_down_015,trajectoryToLearn\world_json\cinematic_db\crane_down\crane_down_015.json,120,1.0500,2.7815,1.7315,1.7358,0.0800,-0.2963,0.3763,0.3930,0.8600,1.2345,0.3745,0.3899,1.8111,1.8902,False,1.7719
600,unknown,arc_right_pull_093,trajectoryToLearn\world_json\cinematic_db\arc_right_pull\arc_right_pull_093.json,120,1.0500,-0.4500,1.5000,1.5000,0.0800,1.0210,0.9410,1.0000,0.8600,0.9642,0.1042,0.1210,1.7738,2.4073,False,1.7707
601,unknown,crane_down_022,trajectoryToLearn\world_json\cinematic_db\crane_down\crane_down_022.json,120,1.0500,2.8102,1.7602,1.7602,0.0800,0.2364,0.1564,0.2169,0.8600,1.3413,0.4813,0.4825,1.8315,1.8802,False,1.7671
602,unknown,crane_up_070,trajectoryToLearn\world_json\cinematic_db\crane_up\crane_up_070.json,120,1.0500,2.8165,1.7665,1.7665,0.0800,0.0668,0.0132,0.1739,0.8600,0.3692,0.4908,0.4933,1.8335,1.9695,False,1.7666
603,unknown,orbit_left_033,trajectoryToLearn\world_json\cinematic_db\orbit_left\orbit_left_033.json,120,1.0500,2.7613,1.7113,1.7113,0.0800,-0.3543,0.4343,0.5927,0.8600,0.7717,0.0883,0.2638,1.7678,2.1108,False,1.7656
604,unknown,crane_down_083,trajectoryToLearn\world_json\cinematic_db\crane_down\crane_down_083.json,120,1.0500,2.8004,1.7504,1.7544,0.0800,-0.1461,0.2261,0.3278,0.8600,1.1752,0.3152,0.3388,1.7929,1.8741,False,1.7649
605,unknown,arc_right_pull_079,trajectoryToLearn\world_json\cinematic_db\arc_right_pull\arc_right_pull_079.json,120,1.0500,-0.4500,1.5000,1.5000,0.0800,1.0059,0.9259,1.0000,0.8600,0.9371,0.0771,0.1100,1.7644,2.3727,False,1.7628
606,unknown,crane_down_076,trajectoryToLearn\world_json\cinematic_db\crane_down\crane_down_076.json,120,1.0500,2.8085,1.7585,1.7585,0.0800,0.1954,0.1154,0.1699,0.8600,1.1572,0.2972,0.3078,1.7871,1.8238,False,1.7623
607,unknown,arc_right_pull_049,trajectoryToLearn\world_json\cinematic_db\arc_right_pull\arc_right_pull_049.json,120,1.0500,-0.4500,1.5000,1.5000,0.0800,1.0028,0.9228,1.0009,0.8600,0.8040,0.0560,0.0560,1.7620,2.4116,False,1.7611
608,unknown,crane_down_020,trajectoryToLearn\world_json\cinematic_db\crane_down\crane_down_020.json,120,1.0500,2.8102,1.7602,1.7602,0.0800,0.1201,0.0401,0.1180,0.8600,1.1623,0.3023,0.3023,1.7865,1.8582,False,1.7607
609,unknown,crane_up_052,trajectoryToLearn\world_json\cinematic_db\crane_up\crane_up_052.json,120,1.0500,2.8088,1.7588,1.7635,0.0800,0.1492,0.0692,0.1998,0.8600,0.4894,0.3706,0.3788,1.7988,1.8875,False,1.7602
610,unknown,arc_right_pull_018,trajectoryToLearn\world_json\cinematic_db\arc_right_pull\arc_right_pull_018.json,120,1.0500,-0.4500,1.5000,1.5000,0.0800,1.0007,0.9207,1.0000,0.8600,0.8543,0.0057,0.0675,1.7600,2.3493,False,1.7600
611,unknown,arc_right_pull_043,trajectoryToLearn\world_json\cinematic_db\arc_right_pull\arc_right_pull_043.json,120,1.0500,-0.4500,1.5000,1.7768,0.0800,0.9986,0.9186,1.0002,0.8600,0.9141,0.0541,0.0541,1.7598,2.9948,False,1.7589
612,unknown,arc_right_pull_044,trajectoryToLearn\world_json\cinematic_db\arc_right_pull\arc_right_pull_044.json,120,1.0500,-0.4500,1.5000,1.5000,0.0800,0.9894,0.9094,1.0000,0.8600,0.8002,0.0598,0.0631,1.7552,2.3194,False,1.7542
613,unknown,crane_down_005,trajectoryToLearn\world_json\cinematic_db\crane_down\crane_down_005.json,120,1.0500,2.8016,1.7516,1.7516,0.0800,0.1648,0.0848,0.1227,0.8600,1.2614,0.4014,0.4351,1.7990,1.8590,False,1.7537
614,unknown,arc_right_pull_062,trajectoryToLearn\world_json\cinematic_db\arc_right_pull\arc_right_pull_062.json,120,1.0500,-0.4500,1.5000,1.5000,0.0800,0.9845,0.9045,1.0000,0.8600,0.9616,0.1016,0.1016,1.7546,2.3473,False,1.7516
615,unknown,crane_down_090,trajectoryToLearn\world_json\cinematic_db\crane_down\crane_down_090.json,120,1.0500,2.7655,1.7155,1.7160,0.0800,-0.2677,0.3477,0.3477,0.8600,1.3245,0.4645,0.5000,1.8110,1.8713,False,1.7504
616,unknown,crane_up_041,trajectoryToLearn\world_json\cinematic_db\crane_up\crane_up_041.json,120,1.0500,2.7612,1.7112,1.7115,0.0800,0.4398,0.3598,0.3598,0.8600,0.5100,0.3500,0.3862,1.7833,1.8262,False,1.7486
617,unknown,arc_right_pull_066,trajectoryToLearn\world_json\cinematic_db\arc_right_pull\arc_right_pull_066.json,120,1.0500,-0.4500,1.5000,1.8616,0.0800,0.9746,0.8946,0.8946,0.8600,0.7366,0.1234,0.1300,1.7509,3.1177,False,1.7465
618,unknown,arc_right_pull_002,trajectoryToLearn\world_json\cinematic_db\arc_right_pull\arc_right_pull_002.json,120,1.0500,-0.4500,1.5000,1.5000,0.0800,0.9593,0.8793,0.8793,0.8600,0.7862,0.0738,0.1353,1.7403,2.2362,False,1.7387
619,unknown,crane_up_057,trajectoryToLearn\world_json\cinematic_db\crane_up\crane_up_057.json,120,1.0500,2.7497,1.6997,1.6997,0.0800,-0.2811,0.3611,0.3611,0.8600,0.4454,0.4146,0.4146,1.7864,1.8725,False,1.7376
620,unknown,arc_right_pull_026,trajectoryToLearn\world_json\cinematic_db\arc_right_pull\arc_right_pull_026.json,120,1.0500,-0.4500,1.5000,1.5000,0.0800,0.9549,0.8749,0.9007,0.8600,0.7690,0.0910,0.1196,1.7389,2.2389,False,1.7365
621,unknown,orbit_right_096,trajectoryToLearn\world_json\cinematic_db\orbit_right\orbit_right_096.json,120,1.0500,2.7216,1.6716,1.6720,0.0800,0.5415,0.4615,0.6509,0.8600,1.0889,0.2289,0.2648,1.7492,2.1148,False,1.7341
622,unknown,arc_right_pull_045,trajectoryToLearn\world_json\cinematic_db\arc_right_pull\arc_right_pull_045.json,120,1.0500,-0.4500,1.5000,1.5000,0.0800,0.9418,0.8619,0.9026,0.8600,0.9390,0.0790,0.0794,1.7318,2.2411,False,1.7300
623,unknown,arc_right_pull_054,trajectoryToLearn\world_json\cinematic_db\arc_right_pull\arc_right_pull_054.json,120,1.0500,-0.4500,1.5000,1.5000,0.0800,0.9416,0.8616,0.9037,0.8600,0.9441,0.0841,0.0841,1.7319,2.2452,False,1.7299
624,unknown,orbit_right_075,trajectoryToLearn\world_json\cinematic_db\orbit_right\orbit_right_075.json,120,1.0500,2.5975,1.5475,1.5475,0.0800,0.8474,0.7674,1.4695,0.8600,0.8675,0.0075,0.1087,1.7273,3.1105,False,1.7273
625,unknown,orbit_left_066,trajectoryToLearn\world_json\cinematic_db\orbit_left\orbit_left_066.json,120,1.0500,2.7114,1.6614,1.6614,0.0800,-0.3848,0.4648,0.8263,0.8600,1.0242,0.1642,0.2529,1.7330,2.3882,False,1.7252
626,unknown,arc_right_pull_030,trajectoryToLearn\world_json\cinematic_db\arc_right_pull\arc_right_pull_030.json,120,1.0500,-0.4500,1.5000,1.8616,0.0800,0.9303,0.8503,0.8640,0.8600,0.8076,0.0524,0.0811,1.7250,3.1052,False,1.7242
627,unknown,arc_right_pull_010,trajectoryToLearn\world_json\cinematic_db\arc_right_pull\arc_right_pull_010.json,120,1.0500,-0.4500,1.5000,1.6412,0.0800,0.9137,0.8337,0.8341,0.8600,0.9691,0.1091,0.1091,1.7196,2.5003,False,1.7161
628,unknown,crane_up_083,trajectoryToLearn\world_json\cinematic_db\crane_up\crane_up_083.json,120,1.0500,2.7626,1.7126,1.7126,0.0800,0.0382,0.0418,0.1682,0.8600,0.4661,0.3939,0.3952,1.7578,1.8069,False,1.7131
629,unknown,arc_right_pull_067,trajectoryToLearn\world_json\cinematic_db\arc_right_pull\arc_right_pull_067.json,120,1.0500,-0.4500,1.5000,1.5000,0.0800,0.9052,0.8252,0.8252,0.8600,0.8433,0.0167,0.0838,1.7121,2.4496,False,1.7120
630,unknown,crane_up_033,trajectoryToLearn\world_json\cinematic_db\crane_up\crane_up_033.json,120,1.0500,2.7099,1.6599,1.6600,0.0800,-0.3370,0.4170,0.4375,0.8600,0.5131,0.3469,0.3486,1.7463,1.8005,False,1.7115
631,unknown,arc_right_pull_070,trajectoryToLearn\world_json\cinematic_db\arc_right_pull\arc_right_pull_070.json,120,1.0500,-0.4500,1.5000,1.6412,0.0800,0.9030,0.8230,0.9037,0.8600,0.8841,0.0241,0.0361,1.7111,2.6581,False,1.7109
632,unknown,arc_right_pull_024,trajectoryToLearn\world_json\cinematic_db\arc_right_pull\arc_right_pull_024.json,120,1.0500,-0.4500,1.5000,1.5000,0.0800,0.8962,0.8162,0.9470,0.8600,0.8945,0.0345,0.0638,1.7081,2.3931,False,1.7077
633,unknown,arc_right_pull_051,trajectoryToLearn\world_json\cinematic_db\arc_right_pull\arc_right_pull_051.json,120,1.0500,-0.4500,1.5000,1.5000,0.0800,0.8952,0.8152,0.8279,0.8600,0.8189,0.0411,0.0465,1.7077,2.3454,False,1.7072
634,unknown,arc_right_pull_069,trajectoryToLearn\world_json\cinematic_db\arc_right_pull\arc_right_pull_069.json,120,1.0500,-0.4500,1.5000,1.5904,0.0800,0.8903,0.8103,0.8432,0.8600,0.9687,0.1087,0.1144,1.7083,2.4328,False,1.7049
635,unknown,crane_down_051,trajectoryToLearn\world_json\cinematic_db\crane_down\crane_down_051.json,120,1.0500,2.7325,1.6825,1.6827,0.0800,0.3397,0.2597,0.2597,0.8600,1.2185,0.3585,0.3665,1.7398,1.7808,False,1.7024
636,unknown,crane_up_075,trajectoryToLearn\world_json\cinematic_db\crane_up\crane_up_075.json,120,1.0500,2.7460,1.6960,1.6960,0.0800,0.1914,0.1114,0.1561,0.8600,0.5151,0.3449,0.3449,1.7343,1.7690,False,1.6997
637,unknown,crane_up_031,trajectoryToLearn\world_json\cinematic_db\crane_up\crane_up_031.json,120,1.0500,2.7430,1.6930,1.6931,0.0800,0.0014,0.0786,0.1430,0.8600,0.3600,0.5000,0.5000,1.7670,1.8246,False,1.6948
638,unknown,arc_right_pull_023,trajectoryToLearn\world_json\cinematic_db\arc_right_pull\arc_right_pull_023.json,120,1.0500,-0.4500,1.5000,1.5000,0.0800,0.8659,0.7859,0.8340,0.8600,0.8503,0.0097,0.0512,1.6934,2.1481,False,1.6934
639,unknown,crane_up_000,trajectoryToLearn\world_json\cinematic_db\crane_up\crane_up_000.json,120,1.0500,2.7189,1.6689,1.6689,0.0800,-0.1576,0.2376,0.2521,0.8600,0.6907,0.1693,0.1693,1.6942,1.7208,False,1.6857
640,unknown,crane_up_022,trajectoryToLearn\world_json\cinematic_db\crane_up\crane_up_022.json,120,1.0500,2.7337,1.6837,1.6837,0.0800,-0.0015,0.0815,0.0834,0.8600,0.5569,0.3031,0.3031,1.7127,1.7459,False,1.6857
641,unknown,arc_right_pull_001,trajectoryToLearn\world_json\cinematic_db\arc_right_pull\arc_right_pull_001.json,120,1.0500,-0.4500,1.5000,1.5000,0.0800,0.8455,0.7655,0.8201,0.8600,0.8561,0.0039,0.0898,1.6840,2.0829,False,1.6840
642,unknown,crane_up_043,trajectoryToLearn\world_json\cinematic_db\crane_up\crane_up_043.json,120,1.0500,2.7281,1.6781,1.6781,0.0800,-0.0576,0.1376,0.1799,0.8600,0.3603,0.4997,0.4997,1.7563,1.7781,False,1.6837
643,unknown,crane_down_079,trajectoryToLearn\world_json\cinematic_db\crane_down\crane_down_079.json,120,1.0500,2.7161,1.6661,1.6661,0.0800,-0.1490,0.2290,0.2294,0.8600,1.2571,0.3971,0.3973,1.7280,1.7329,False,1.6818
644,unknown,crane_down_030,trajectoryToLearn\world_json\cinematic_db\crane_down\crane_down_030.json,120,1.0500,2.7276,1.6776,1.6776,0.0800,0.1781,0.0981,0.1456,0.8600,1.1393,0.2793,0.2982,1.7035,1.7383,False,1.6804
645,unknown,arc_right_pull_064,trajectoryToLearn\world_json\cinematic_db\arc_right_pull\arc_right_pull_064.json,120,1.0500,-0.4500,1.5000,1.5036,0.0800,0.8319,0.7519,0.7519,0.8600,0.9168,0.0568,0.0568,1.6788,2.1359,False,1.6779
646,unknown,crane_up_067,trajectoryToLearn\world_json\cinematic_db\crane_up\crane_up_067.json,120,1.0500,2.6914,1.6414,1.6414,0.0800,-0.2595,0.3395,0.3395,0.8600,0.6371,0.2229,0.2961,1.6909,1.7677,False,1.6762
647,unknown,arc_right_pull_000,trajectoryToLearn\world_json\cinematic_db\arc_right_pull\arc_right_pull_000.json,120,1.0500,-0.4500,1.5000,1.5904,0.0800,0.8279,0.7479,0.7619,0.8600,0.9486,0.0886,0.0960,1.6785,2.2817,False,1.6761
648,unknown,arc_right_pull_083,trajectoryToLearn\world_json\cinematic_db\arc_right_pull\arc_right_pull_083.json,120,1.0500,-0.4500,1.5000,1.5904,0.0800,0.8115,0.7315,0.8059,0.8600,0.8853,0.0253,0.1082,1.6691,2.5636,False,1.6689
649,unknown,crane_up_002,trajectoryToLearn\world_json\cinematic_db\crane_up\crane_up_002.json,120,1.0500,2.6788,1.6288,1.6288,0.0800,0.4325,0.3525,0.3919,0.8600,0.3600,0.5000,0.5000,1.7399,1.7872,False,1.6665
650,unknown,crane_up_009,trajectoryToLearn\world_json\cinematic_db\crane_up\crane_up_009.json,120,1.0500,2.7148,1.6648,1.6653,0.0800,0.1429,0.0629,0.1611,0.8600,0.3600,0.5000,0.5000,1.7394,1.8356,False,1.6660
651,unknown,crane_down_033,trajectoryToLearn\world_json\cinematic_db\crane_down\crane_down_033.json,120,1.0500,2.6700,1.6200,1.6212,0.0800,-0.2822,0.3622,0.3649,0.8600,1.2432,0.3832,0.4121,1.7036,1.7728,False,1.6600
652,unknown,crane_up_048,trajectoryToLearn\world_json\cinematic_db\crane_up\crane_up_048.json,120,1.0500,2.6988,1.6488,1.6504,0.0800,0.2611,0.1811,0.1811,0.8600,0.4625,0.3975,0.4039,1.7056,1.7352,False,1.6587
653,unknown,crane_down_014,trajectoryToLearn\world_json\cinematic_db\crane_down\crane_down_014.json,120,1.0500,2.7063,1.6563,1.6563,0.0800,0.0021,0.0779,0.1857,0.8600,1.2753,0.4153,0.4153,1.7093,1.8085,False,1.6581
654,unknown,arc_right_pull_005,trajectoryToLearn\world_json\cinematic_db\arc_right_pull\arc_right_pull_005.json,120,1.0500,-0.4500,1.5000,1.5000,0.0800,0.7791,0.6991,0.8191,0.8600,0.8886,0.0286,0.0828,1.6552,2.2068,False,1.6549
655,unknown,crane_up_047,trajectoryToLearn\world_json\cinematic_db\crane_up\crane_up_047.json,120,1.0500,2.6867,1.6367,1.6367,0.0800,0.3077,0.2277,0.2429,0.8600,0.5474,0.3126,0.3126,1.6817,1.6974,False,1.6524
656,unknown,crane_down_036,trajectoryToLearn\world_json\cinematic_db\crane_down\crane_down_036.json,120,1.0500,2.6989,1.6489,1.6527,0.0800,-0.0168,0.0968,0.1937,0.8600,1.2087,0.3487,0.3634,1.6881,1.8027,False,1.6517
657,unknown,arc_right_pull_089,trajectoryToLearn\world_json\cinematic_db\arc_right_pull\arc_right_pull_089.json,120,1.0500,-0.4500,1.5000,1.5000,0.0800,0.7640,0.6840,0.7113,0.8600,0.8543,0.0057,0.0366,1.6486,1.9389,False,1.6486
658,unknown,arc_right_pull_050,trajectoryToLearn\world_json\cinematic_db\arc_right_pull\arc_right_pull_050.json,120,1.0500,-0.4500,1.5000,1.7768,0.0800,0.7582,0.6782,0.6978,0.8600,0.6687,0.1913,0.1925,1.6573,2.7164,False,1.6462
659,unknown,arc_right_pull_090,trajectoryToLearn\world_json\cinematic_db\arc_right_pull\arc_right_pull_090.json,120,1.0500,-0.4500,1.5000,1.5000,0.0800,0.7533,0.6733,0.6733,0.8600,0.7278,0.1322,0.1322,1.6495,2.0329,False,1.6442
660,unknown,crane_down_049,trajectoryToLearn\world_json\cinematic_db\crane_down\crane_down_049.json,120,1.0500,2.6876,1.6376,1.6376,0.0800,0.2122,0.1322,0.1322,0.8600,1.3134,0.4534,0.4627,1.7043,1.7367,False,1.6429
661,unknown,arc_right_pull_042,trajectoryToLearn\world_json\cinematic_db\arc_right_pull\arc_right_pull_042.json,120,1.0500,-0.4500,1.5000,1.5472,0.0800,0.7493,0.6693,0.6751,0.8600,0.8973,0.0373,0.0674,1.6430,2.1465,False,1.6425
662,unknown,crane_down_007,trajectoryToLearn\world_json\cinematic_db\crane_down\crane_down_007.json,120,1.0500,2.6790,1.6290,1.6303,0.0800,-0.0973,0.1773,0.2397,0.8600,1.1241,0.2641,0.2690,1.6598,1.7346,False,1.6386
663,unknown,arc_right_pull_068,trajectoryToLearn\world_json\cinematic_db\arc_right_pull\arc_right_pull_068.json,120,1.0500,-0.4500,1.5000,1.6412,0.0800,0.7161,0.6361,0.6361,0.8600,0.9403,0.0803,0.1280,1.6313,2.3769,False,1.6293
664,unknown,arc_right_pull_029,trajectoryToLearn\world_json\cinematic_db\arc_right_pull\arc_right_pull_029.json,120,1.0500,-0.4500,1.5000,1.7768,0.0800,0.7131,0.6331,0.6791,0.8600,0.9511,0.0911,0.0978,1.6307,2.6357,False,1.6281
665,unknown,arc_right_pull_087,trajectoryToLearn\world_json\cinematic_db\arc_right_pull\arc_right_pull_087.json,120,1.0500,-0.4500,1.5000,1.5000,0.0800,0.6925,0.6125,0.6125,0.8600,0.7858,0.0742,0.0742,1.6220,1.9386,False,1.6203
666,unknown,arc_right_pull_092,trajectoryToLearn\world_json\cinematic_db\arc_right_pull\arc_right_pull_092.json,120,1.0500,-0.4500,1.5000,1.6412,0.0800,0.6897,0.6097,0.7355,0.8600,0.8849,0.0249,0.0483,1.6194,2.5748,False,1.6192
667,unknown,arc_right_pull_082,trajectoryToLearn\world_json\cinematic_db\arc_right_pull\arc_right_pull_082.json,120,1.0500,-0.4500,1.5000,1.5000,0.0800,0.6888,0.6088,0.6382,0.8600,0.6802,0.1798,0.1855,1.6288,2.2749,False,1.6188
668,unknown,arc_right_pull_006,trajectoryToLearn\world_json\cinematic_db\arc_right_pull\arc_right_pull_006.json,120,1.0500,-0.4500,1.5000,1.5000,0.0800,0.6850,0.6050,0.6294,0.8600,0.8225,0.0375,0.0525,1.6179,1.9320,False,1.6174
669,unknown,arc_right_pull_053,trajectoryToLearn\world_json\cinematic_db\arc_right_pull\arc_right_pull_053.json,120,1.0500,-0.4500,1.5000,1.7034,0.0800,0.6833,0.6033,0.7229,0.8600,0.7798,0.0802,0.0802,1.6188,2.5804,False,1.6168
670,unknown,crane_up_028,trajectoryToLearn\world_json\cinematic_db\crane_up\crane_up_028.json,120,1.0500,2.6602,1.6102,1.6113,0.0800,0.2043,0.1243,0.1342,0.8600,0.3893,0.4707,0.4760,1.6822,1.7225,False,1.6150
671,unknown,arc_right_pull_091,trajectoryToLearn\world_json\cinematic_db\arc_right_pull\arc_right_pull_091.json,120,1.0500,-0.4500,1.5000,1.5000,0.0800,0.6742,0.5942,0.6416,0.8600,0.7784,0.0816,0.0901,1.6155,1.9655,False,1.6134
672,unknown,crane_down_047,trajectoryToLearn\world_json\cinematic_db\crane_down\crane_down_047.json,120,1.0500,2.6401,1.5901,1.5901,0.0800,0.3515,0.2715,0.2715,0.8600,1.3316,0.4716,0.4716,1.6806,1.7395,False,1.6131
673,unknown,crane_up_058,trajectoryToLearn\world_json\cinematic_db\crane_up\crane_up_058.json,120,1.0500,2.6570,1.6070,1.6070,0.0800,-0.0426,0.1226,0.1226,0.8600,0.4141,0.4459,0.4503,1.6722,1.6888,False,1.6116
674,unknown,arc_right_pull_078,trajectoryToLearn\world_json\cinematic_db\arc_right_pull\arc_right_pull_078.json,120,1.0500,-0.4500,1.5000,1.5000,0.0800,0.6679,0.5879,0.6234,0.8600,0.9739,0.1139,0.1178,1.6151,2.1011,False,1.6111
675,unknown,arc_right_pull_095,trajectoryToLearn\world_json\cinematic_db\arc_right_pull\arc_right_pull_095.json,120,1.0500,-0.4500,1.5000,1.5000,0.0800,0.6604,0.5804,0.5968,0.8600,0.7444,0.1156,0.1394,1.6125,2.1035,False,1.6084
676,unknown,arc_right_pull_014,trajectoryToLearn\world_json\cinematic_db\arc_right_pull\arc_right_pull_014.json,120,1.0500,-0.4500,1.5000,1.5927,0.0800,0.6597,0.5797,0.6261,0.8600,0.7851,0.0749,0.0749,1.6099,2.4346,False,1.6081
677,unknown,arc_right_pull_027,trajectoryToLearn\world_json\cinematic_db\arc_right_pull\arc_right_pull_027.json,120,1.0500,-0.4500,1.5000,1.5000,0.0800,0.6549,0.5749,0.7011,0.8600,0.9997,0.1397,0.1398,1.6125,2.1913,False,1.6064
678,unknown,crane_up_087,trajectoryToLearn\world_json\cinematic_db\crane_up\crane_up_087.json,120,1.0500,2.6247,1.5747,1.5747,0.0800,0.3825,0.3025,0.3025,0.8600,0.4638,0.3962,0.3962,1.6517,1.7035,False,1.6035
679,unknown,crane_down_038,trajectoryToLearn\world_json\cinematic_db\crane_down\crane_down_038.json,120,1.0500,2.6301,1.5801,1.5801,0.0800,0.3481,0.2681,0.2959,0.8600,1.2229,0.3629,0.3629,1.6432,1.6915,False,1.6027
680,unknown,arc_right_pull_084,trajectoryToLearn\world_json\cinematic_db\arc_right_pull\arc_right_pull_084.json,120,1.0500,-0.4500,1.5000,1.7034,0.0800,0.6318,0.5518,0.6235,0.8600,0.8146,0.0454,0.0454,1.5989,2.5513,False,1.5983
681,unknown,arc_right_pull_063,trajectoryToLearn\world_json\cinematic_db\arc_right_pull\arc_right_pull_063.json,120,1.0500,-0.4500,1.5000,1.5904,0.0800,0.6311,0.5511,0.6803,0.8600,0.7599,0.1001,0.1029,1.6012,2.3657,False,1.5980
682,unknown,arc_right_pull_048,trajectoryToLearn\world_json\cinematic_db\arc_right_pull\arc_right_pull_048.json,120,1.0500,-0.4500,1.5000,1.5000,0.0800,0.6186,0.5386,0.5386,0.8600,0.8689,0.0089,0.0467,1.5938,1.9654,False,1.5938
683,unknown,arc_right_pull_099,trajectoryToLearn\world_json\cinematic_db\arc_right_pull\arc_right_pull_099.json,120,1.0500,-0.4500,1.5000,1.5508,0.0800,0.6120,0.5320,0.5959,0.8600,1.0170,0.1570,0.1570,1.5993,2.1491,False,1.5916
684,unknown,crane_down_099,trajectoryToLearn\world_json\cinematic_db\crane_down\crane_down_099.json,120,1.0500,2.6408,1.5908,1.5908,0.0800,0.0382,0.0418,0.1421,0.8600,1.2538,0.3938,0.3938,1.6393,1.6990,False,1.5913
685,unknown,crane_down_040,trajectoryToLearn\world_json\cinematic_db\crane_down\crane_down_040.json,120,1.0500,2.6087,1.5587,1.5587,0.0800,0.3843,0.3043,0.3043,0.8600,1.1054,0.2454,0.2454,1.6069,1.7162,False,1.5881
686,scene_2,round_traj_8,trajectoryToLearn\world_json\scene_2\round_traj_8.json,300,-0.4500,1.1003,1.5503,4.5000,-0.4806,-0.1449,0.3358,2.0000,0.8600,0.8600,0.0000,0.4000,1.5863,10.0812,False,1.5863
687,unknown,arc_right_pull_003,trajectoryToLearn\world_json\cinematic_db\arc_right_pull\arc_right_pull_003.json,120,1.0500,-0.4500,1.5000,1.5000,0.0800,0.5889,0.5089,0.5256,0.8600,0.8875,0.0275,0.0307,1.5842,1.9183,False,1.5840
688,unknown,arc_right_pull_020,trajectoryToLearn\world_json\cinematic_db\arc_right_pull\arc_right_pull_020.json,120,1.0500,-0.4500,1.5000,1.5000,0.0800,0.5793,0.4993,0.5918,0.8600,0.9009,0.0409,0.0712,1.5815,2.1004,False,1.5809
689,unknown,crane_up_005,trajectoryToLearn\world_json\cinematic_db\crane_up\crane_up_005.json,120,1.0500,2.6114,1.5614,1.5614,0.0800,-0.1486,0.2286,0.3121,0.8600,0.4224,0.4376,0.4376,1.6376,1.7006,False,1.5780
690,unknown,arc_right_pull_080,trajectoryToLearn\world_json\cinematic_db\arc_right_pull\arc_right_pull_080.json,120,1.0500,-0.4500,1.5000,1.5904,0.0800,0.5658,0.4858,0.4926,0.8600,0.9337,0.0737,0.0737,1.5784,2.3768,False,1.5767
691,unknown,arc_right_pull_071,trajectoryToLearn\world_json\cinematic_db\arc_right_pull\arc_right_pull_071.json,120,1.0500,-0.4500,1.5000,1.6412,0.0800,0.5554,0.4754,0.4796,0.8600,0.6872,0.1728,0.1808,1.5830,2.2294,False,1.5735
692,unknown,arc_right_pull_075,trajectoryToLearn\world_json\cinematic_db\arc_right_pull\arc_right_pull_075.json,120,1.0500,-0.4500,1.5000,1.7768,0.0800,0.5311,0.4511,0.5233,0.8600,0.7672,0.0928,0.0928,1.5691,2.5951,False,1.5664
693,unknown,crane_down_091,trajectoryToLearn\world_json\cinematic_db\crane_down\crane_down_091.json,120,1.0500,2.6133,1.5633,1.5633,0.0800,0.0242,0.0558,0.1729,0.8600,1.1368,0.2768,0.2787,1.5886,1.7116,False,1.5643
694,unknown,arc_right_pull_004,trajectoryToLearn\world_json\cinematic_db\arc_right_pull\arc_right_pull_004.json,120,1.0500,-0.4500,1.5000,1.5000,0.0800,0.5029,0.4229,0.4296,0.8600,0.9452,0.0852,0.0915,1.5608,2.1564,False,1.5585
695,unknown,arc_right_pull_035,trajectoryToLearn\world_json\cinematic_db\arc_right_pull\arc_right_pull_035.json,120,1.0500,-0.4500,1.5000,1.6412,0.0800,0.4890,0.4090,0.4090,0.8600,0.7099,0.1501,0.1501,1.5620,2.1503,False,1.5548
696,unknown,arc_right_pull_007,trajectoryToLearn\world_json\cinematic_db\arc_right_pull\arc_right_pull_007.json,120,1.0500,-0.4500,1.5000,1.5000,0.0800,0.4873,0.4073,0.4214,0.8600,0.7355,0.1245,0.1245,1.5593,1.9738,False,1.5543
697,unknown,arc_right_pull_022,trajectoryToLearn\world_json\cinematic_db\arc_right_pull\arc_right_pull_022.json,120,1.0500,-0.4500,1.5000,1.5000,0.0800,0.4857,0.4057,0.4614,0.8600,0.7293,0.1307,0.1483,1.5594,1.9497,False,1.5539
698,unknown,handheld_subtle_039,trajectoryToLearn\world_json\cinematic_db\handheld_subtle\handheld_subtle_039.json,120,1.0500,2.2371,1.1871,1.1871,0.0800,-0.9200,1.0000,1.5619,0.8600,1.0739,0.2139,0.2431,1.5668,3.6256,False,1.5521
699,unknown,crane_up_010,trajectoryToLearn\world_json\cinematic_db\crane_up\crane_up_010.json,120,1.0500,2.5963,1.5463,1.5467,0.0800,0.2106,0.1305,0.1496,0.8600,0.4185,0.4415,0.4415,1.6133,1.6443,False,1.5518
700,unknown,arc_right_pull_008,trajectoryToLearn\world_json\cinematic_db\arc_right_pull\arc_right_pull_008.json,120,1.0500,-0.4500,1.5000,1.5571,0.0800,0.4691,0.3891,0.4363,0.8600,0.7582,0.1018,0.1018,1.5530,2.1697,False,1.5497
701,unknown,arc_right_pull_077,trajectoryToLearn\world_json\cinematic_db\arc_right_pull\arc_right_pull_077.json,120,1.0500,-0.4500,1.5000,1.5000,0.0800,0.4644,0.3844,0.4911,0.8600,0.8231,0.0369,0.0435,1.5489,1.9892,False,1.5485
702,unknown,handheld_subtle_059,trajectoryToLearn\world_json\cinematic_db\handheld_subtle\handheld_subtle_059.json,120,1.0500,2.2314,1.1814,1.1814,0.0800,1.0800,1.0000,2.0000,0.8600,1.1634,0.3034,0.4569,1.5773,4.4805,False,1.5478
703,unknown,arc_right_pull_028,trajectoryToLearn\world_json\cinematic_db\arc_right_pull\arc_right_pull_028.json,120,1.0500,-0.4500,1.5000,1.5226,0.0800,0.4616,0.3816,0.3992,0.8600,0.9458,0.0858,0.0858,1.5502,1.9601,False,1.5478
704,unknown,arc_right_pull_015,trajectoryToLearn\world_json\cinematic_db\arc_right_pull\arc_right_pull_015.json,120,1.0500,-0.4500,1.5000,1.5000,0.0800,0.4616,0.3816,0.3816,0.8600,0.8957,0.0357,0.0809,1.5482,1.8085,False,1.5478
705,unknown,arc_right_pull_096,trajectoryToLearn\world_json\cinematic_db\arc_right_pull\arc_right_pull_096.json,120,1.0500,-0.4500,1.5000,1.5000,0.0800,0.4534,0.3734,0.3784,0.8600,0.9158,0.0558,0.0602,1.5468,1.8914,False,1.5458
706,unknown,arc_right_pull_033,trajectoryToLearn\world_json\cinematic_db\arc_right_pull\arc_right_pull_033.json,120,1.0500,-0.4500,1.5000,1.5000,0.0800,0.4506,0.3706,0.3963,0.8600,0.9543,0.0943,0.1122,1.5480,1.9052,False,1.5451
707,unknown,crane_up_069,trajectoryToLearn\world_json\cinematic_db\crane_up\crane_up_069.json,120,1.0500,2.5875,1.5375,1.5379,0.0800,-0.0637,0.1437,0.1437,0.8600,0.5645,0.2955,0.2975,1.5722,1.5959,False,1.5442
708,unknown,crane_down_021,trajectoryToLearn\world_json\cinematic_db\crane_down\crane_down_021.json,120,1.0500,2.5629,1.5129,1.5129,0.0800,-0.2246,0.3046,0.3046,0.8600,1.2430,0.3830,0.3840,1.5901,1.6879,False,1.5433
709,unknown,arc_right_pull_019,trajectoryToLearn\world_json\cinematic_db\arc_right_pull\arc_right_pull_019.json,120,1.0500,-0.4500,1.5000,1.8707,0.0800,0.4381,0.3581,0.5015,0.8600,0.9143,0.0543,0.0646,1.5431,2.8871,False,1.5422
710,unknown,arc_right_pull_039,trajectoryToLearn\world_json\cinematic_db\arc_right_pull\arc_right_pull_039.json,120,1.0500,-0.4500,1.5000,1.6772,0.0800,0.4282,0.3482,0.3497,0.8600,0.8456,0.0144,0.0583,1.5400,2.2014,False,1.5399
711,unknown,arc_right_pull_060,trajectoryToLearn\world_json\cinematic_db\arc_right_pull\arc_right_pull_060.json,120,1.0500,-0.4500,1.5000,1.5000,0.0800,0.4258,0.3458,0.5018,0.8600,0.7115,0.1485,0.1544,1.5465,2.0437,False,1.5393
712,unknown,arc_right_pull_081,trajectoryToLearn\world_json\cinematic_db\arc_right_pull\arc_right_pull_081.json,120,1.0500,-0.4500,1.5000,1.5000,0.0800,0.4239,0.3439,0.4462,0.8600,0.7812,0.0788,0.0788,1.5409,2.2532,False,1.5389
713,unknown,arc_right_pull_041,trajectoryToLearn\world_json\cinematic_db\arc_right_pull\arc_right_pull_041.json,120,1.0500,-0.4500,1.5000,1.5895,0.0800,0.4177,0.3377,0.4205,0.8600,0.7439,0.1161,0.1161,1.5419,2.1135,False,1.5375
714,unknown,crane_down_074,trajectoryToLearn\world_json\cinematic_db\crane_down\crane_down_074.json,120,1.0500,2.5691,1.5191,1.5191,0.0800,0.2926,0.2126,0.2126,0.8600,1.3240,0.4640,0.4640,1.6025,1.6525,False,1.5339
715,unknown,arc_right_pull_036,trajectoryToLearn\world_json\cinematic_db\arc_right_pull\arc_right_pull_036.json,120,1.0500,-0.4500,1.5000,1.7034,0.0800,0.4002,0.3202,0.3301,0.8600,0.7329,0.1271,0.1800,1.5391,2.3426,False,1.5338
716,unknown,crane_up_027,trajectoryToLearn\world_json\cinematic_db\crane_up\crane_up_027.json,120,1.0500,2.5638,1.5138,1.5138,0.0800,0.3160,0.2360,0.2541,0.8600,0.5509,0.3091,0.3318,1.5630,1.5920,False,1.5321
717,unknown,dolly_pull_out_080,trajectoryToLearn\world_json\cinematic_db\dolly_pull_out\dolly_pull_out_080.json,120,1.0500,-0.4500,1.5000,1.5000,0.0800,0.3809,0.3009,0.3159,0.8600,0.8710,0.0110,0.0145,1.5299,1.7407,False,1.5299
718,unknown,arc_right_pull_073,trajectoryToLearn\world_json\cinematic_db\arc_right_pull\arc_right_pull_073.json,120,1.0500,-0.4500,1.5000,1.6412,0.0800,0.3729,0.2929,0.3758,0.8600,0.7363,0.1237,0.1237,1.5333,2.3312,False,1.5283
719,unknown,arc_right_pull_076,trajectoryToLearn\world_json\cinematic_db\arc_right_pull\arc_right_pull_076.json,120,1.0500,-0.4500,1.5000,1.5000,0.0800,0.3676,0.2876,0.5877,0.8600,0.8885,0.0285,0.0295,1.5276,2.2989,False,1.5273
720,unknown,dolly_pull_out_048,trajectoryToLearn\world_json\cinematic_db\dolly_pull_out\dolly_pull_out_048.json,120,1.0500,-0.4500,1.5000,1.5000,0.0800,-0.1810,0.2610,0.3289,0.8600,0.8779,0.0179,0.0289,1.5226,1.8408,False,1.5225
721,unknown,dolly_pull_out_009,trajectoryToLearn\world_json\cinematic_db\dolly_pull_out\dolly_pull_out_009.json,120,1.0500,-0.4500,1.5000,1.5000,0.0800,-0.1715,0.2515,0.2753,0.8600,0.8852,0.0252,0.0801,1.5211,1.7703,False,1.5209
722,unknown,arc_right_pull_088,trajectoryToLearn\world_json\cinematic_db\arc_right_pull\arc_right_pull_088.json,120,1.0500,-0.4500,1.5000,1.6268,0.0800,0.3263,0.2463,0.2602,0.8600,0.7235,0.1365,0.1365,1.5262,2.0809,False,1.5201
723,unknown,dolly_pull_out_017,trajectoryToLearn\world_json\cinematic_db\dolly_pull_out\dolly_pull_out_017.json,120,1.0500,-0.4500,1.5000,1.5000,0.0800,0.3244,0.2444,0.2507,0.8600,0.8398,0.0202,0.0441,1.5199,1.8200,False,1.5198
724,unknown,crane_up_030,trajectoryToLearn\world_json\cinematic_db\crane_up\crane_up_030.json,120,1.0500,2.5685,1.5185,1.5185,0.0800,0.0870,0.0070,0.1210,0.8600,0.6113,0.2487,0.2517,1.5388,1.5739,False,1.5186
725,unknown,dolly_pull_out_008,trajectoryToLearn\world_json\cinematic_db\dolly_pull_out\dolly_pull_out_008.json,120,1.0500,-0.4500,1.5000,1.5000,0.0800,0.3112,0.2312,0.3236,0.8600,0.7827,0.0773,0.0952,1.5197,1.8941,False,1.5177
726,unknown,dolly_pull_out_012,trajectoryToLearn\world_json\cinematic_db\dolly_pull_out\dolly_pull_out_012.json,120,1.0500,-0.4500,1.5000,1.5000,0.0800,0.3067,0.2267,0.2379,0.8600,0.8778,0.0178,0.0707,1.5171,1.7707,False,1.5170
727,unknown,dolly_pull_out_006,trajectoryToLearn\world_json\cinematic_db\dolly_pull_out\dolly_pull_out_006.json,120,1.0500,-0.4500,1.5000,1.5000,0.0800,-0.1432,0.2232,0.2331,0.8600,0.8249,0.0351,0.0467,1.5169,1.7502,False,1.5165
728,unknown,dolly_pull_out_064,trajectoryToLearn\world_json\cinematic_db\dolly_pull_out\dolly_pull_out_064.json,120,1.0500,-0.4500,1.5000,1.5000,0.0800,0.3020,0.2220,0.2262,0.8600,0.8859,0.0259,0.0633,1.5166,1.7494,False,1.5163
729,unknown,dolly_pull_out_075,trajectoryToLearn\world_json\cinematic_db\dolly_pull_out\dolly_pull_out_075.json,120,1.0500,-0.4500,1.5000,1.5000,0.0800,-0.1416,0.2216,0.2330,0.8600,0.8134,0.0466,0.0917,1.5170,1.8278,False,1.5163
730,unknown,dolly_pull_out_092,trajectoryToLearn\world_json\cinematic_db\dolly_pull_out\dolly_pull_out_092.json,120,1.0500,-0.4500,1.5000,1.5000,0.0800,-0.1351,0.2151,0.2874,0.8600,0.8725,0.0125,0.1008,1.5154,1.7900,False,1.5153
731,unknown,crane_down_008,trajectoryToLearn\world_json\cinematic_db\crane_down\crane_down_008.json,120,1.0500,2.5341,1.4841,1.4853,0.0800,-0.2257,0.3057,0.3090,0.8600,1.2161,0.3561,0.3720,1.5565,1.6068,False,1.5152
732,unknown,arc_right_pull_074,trajectoryToLearn\world_json\cinematic_db\arc_right_pull\arc_right_pull_074.json,120,1.0500,-0.4500,1.5000,1.7768,0.0800,0.2923,0.2123,0.2794,0.8600,0.7562,0.1038,0.1330,1.5185,2.3665,False,1.5149
733,unknown,crane_up_053,trajectoryToLearn\world_json\cinematic_db\crane_up\crane_up_053.json,120,1.0500,2.5547,1.5047,1.5047,0.0800,0.2494,0.1694,0.1694,0.8600,0.3752,0.4848,0.4879,1.5899,1.6642,False,1.5142
734,unknown,arc_right_pull_097,trajectoryToLearn\world_json\cinematic_db\arc_right_pull\arc_right_pull_097.json,120,1.0500,-0.4500,1.5000,1.7034,0.0800,0.2848,0.2048,0.2662,0.8600,0.9014,0.0414,0.0533,1.5145,2.2378,False,1.5139
735,unknown,dolly_pull_out_063,trajectoryToLearn\world_json\cinematic_db\dolly_pull_out\dolly_pull_out_063.json,120,1.0500,-0.4500,1.5000,1.5000,0.0800,0.2834,0.2034,0.2956,0.8600,0.8254,0.0346,0.0354,1.5141,1.8666,False,1.5137
736,unknown,dolly_pull_out_025,trajectoryToLearn\world_json\cinematic_db\dolly_pull_out\dolly_pull_out_025.json,120,1.0500,-0.4500,1.5000,1.5000,0.0800,0.2791,0.1991,0.2753,0.8600,0.8932,0.0332,0.0887,1.5135,1.8356,False,1.5132
737,unknown,dolly_pull_out_041,trajectoryToLearn\world_json\cinematic_db\dolly_pull_out\dolly_pull_out_041.json,120,1.0500,-0.4500,1.5000,1.5000,0.0800,0.2779,0.1979,0.2542,0.8600,0.8012,0.0588,0.0787,1.5141,1.7951,False,1.5130
738,unknown,dolly_pull_out_049,trajectoryToLearn\world_json\cinematic_db\dolly_pull_out\dolly_pull_out_049.json,120,1.0500,-0.4500,1.5000,1.5000,0.0800,-0.1136,0.1936,0.2018,0.8600,0.8891,0.0291,0.0671,1.5127,1.7231,False,1.5124
739,unknown,dolly_pull_out_096,trajectoryToLearn\world_json\cinematic_db\dolly_pull_out\dolly_pull_out_096.json,120,1.0500,-0.4500,1.5000,1.5000,0.0800,0.2729,0.1929,0.2409,0.8600,0.8798,0.0198,0.0701,1.5125,1.7485,False,1.5123
740,unknown,dolly_pull_out_034,trajectoryToLearn\world_json\cinematic_db\dolly_pull_out\dolly_pull_out_034.json,120,1.0500,-0.4500,1.5000,1.5000,0.0800,0.2697,0.1897,0.2230,0.8600,0.9287,0.0687,0.0759,1.5135,1.8382,False,1.5119
741,unknown,dolly_pull_out_055,trajectoryToLearn\world_json\cinematic_db\dolly_pull_out\dolly_pull_out_055.json,120,1.0500,-0.4500,1.5000,1.5000,0.0800,-0.1075,0.1875,0.1953,0.8600,0.8476,0.0124,0.0127,1.5117,1.7000,False,1.5117
742,unknown,dolly_pull_out_047,trajectoryToLearn\world_json\cinematic_db\dolly_pull_out\dolly_pull_out_047.json,120,1.0500,-0.4500,1.5000,1.5000,0.0800,0.2533,0.1733,0.1901,0.8600,0.7938,0.0662,0.1192,1.5114,1.7781,False,1.5100
743,unknown,dolly_pull_out_091,trajectoryToLearn\world_json\cinematic_db\dolly_pull_out\dolly_pull_out_091.json,120,1.0500,-0.4500,1.5000,1.5000,0.0800,0.2527,0.1727,0.1882,0.8600,0.8332,0.0268,0.0854,1.5102,1.8371,False,1.5099
744,unknown,dolly_pull_out_067,trajectoryToLearn\world_json\cinematic_db\dolly_pull_out\dolly_pull_out_067.json,120,1.0500,-0.4500,1.5000,1.5000,0.0800,0.2520,0.1720,0.2857,0.8600,0.8029,0.0571,0.1121,1.5109,1.8969,False,1.5098
745,unknown,dolly_pull_out_085,trajectoryToLearn\world_json\cinematic_db\dolly_pull_out\dolly_pull_out_085.json,120,1.0500,-0.4500,1.5000,1.5000,0.0800,0.2472,0.1672,0.2628,0.8600,0.8882,0.0282,0.0431,1.5096,1.7697,False,1.5093
746,unknown,dolly_pull_out_054,trajectoryToLearn\world_json\cinematic_db\dolly_pull_out\dolly_pull_out_054.json,120,1.0500,-0.4500,1.5000,1.5000,0.0800,-0.0871,0.1671,0.2262,0.8600,0.9634,0.1034,0.1447,1.5128,1.8276,False,1.5093
747,unknown,dolly_pull_out_010,trajectoryToLearn\world_json\cinematic_db\dolly_pull_out\dolly_pull_out_010.json,120,1.0500,-0.4500,1.5000,1.5000,0.0800,-0.0867,0.1667,0.1796,0.8600,0.8576,0.0024,0.0644,1.5092,1.7325,False,1.5092
748,unknown,dolly_pull_out_016,trajectoryToLearn\world_json\cinematic_db\dolly_pull_out\dolly_pull_out_016.json,120,1.0500,-0.4500,1.5000,1.5000,0.0800,0.2463,0.1663,0.1870,0.8600,0.9825,0.1225,0.1318,1.5141,1.7059,False,1.5092
749,unknown,dolly_pull_out_043,trajectoryToLearn\world_json\cinematic_db\dolly_pull_out\dolly_pull_out_043.json,120,1.0500,-0.4500,1.5000,1.5000,0.0800,-0.0824,0.1624,0.1836,0.8600,0.8107,0.0493,0.0493,1.5096,1.6937,False,1.5088
750,unknown,dolly_pull_out_038,trajectoryToLearn\world_json\cinematic_db\dolly_pull_out\dolly_pull_out_038.json,120,1.0500,-0.4500,1.5000,1.5000,0.0800,0.2422,0.1622,0.1622,0.8600,0.8231,0.0369,0.0369,1.5092,1.6073,False,1.5087
751,unknown,dolly_pull_out_029,trajectoryToLearn\world_json\cinematic_db\dolly_pull_out\dolly_pull_out_029.json,120,1.0500,-0.4500,1.5000,1.5000,0.0800,-0.0811,0.1611,0.2248,0.8600,0.8444,0.0156,0.0345,1.5087,1.7681,False,1.5086
752,unknown,dolly_pull_out_071,trajectoryToLearn\world_json\cinematic_db\dolly_pull_out\dolly_pull_out_071.json,120,1.0500,-0.4500,1.5000,1.5000,0.0800,-0.0806,0.1606,0.2162,0.8600,0.9633,0.1033,0.1293,1.5121,1.8113,False,1.5086
753,unknown,dolly_pull_out_011,trajectoryToLearn\world_json\cinematic_db\dolly_pull_out\dolly_pull_out_011.json,120,1.0500,-0.4500,1.5000,1.5000,0.0800,-0.0764,0.1564,0.1593,0.8600,0.8961,0.0361,0.0753,1.5086,1.8128,False,1.5081
754,unknown,dolly_pull_out_004,trajectoryToLearn\world_json\cinematic_db\dolly_pull_out\dolly_pull_out_004.json,120,1.0500,-0.4500,1.5000,1.5000,0.0800,0.2354,0.1554,0.3141,0.8600,0.7853,0.0747,0.1535,1.5099,1.9405,False,1.5080
755,unknown,dolly_pull_out_024,trajectoryToLearn\world_json\cinematic_db\dolly_pull_out\dolly_pull_out_024.json,120,1.0500,-0.4500,1.5000,1.5000,0.0800,0.2307,0.1507,0.1921,0.8600,0.8217,0.0383,0.0654,1.5080,1.8126,False,1.5076
756,unknown,dolly_pull_out_051,trajectoryToLearn\world_json\cinematic_db\dolly_pull_out\dolly_pull_out_051.json,120,1.0500,-0.4500,1.5000,1.5000,0.0800,0.2280,0.1480,0.2481,0.8600,0.9292,0.0692,0.0886,1.5089,1.7661,False,1.5073
757,unknown,dolly_pull_out_088,trajectoryToLearn\world_json\cinematic_db\dolly_pull_out\dolly_pull_out_088.json,120,1.0500,-0.4500,1.5000,1.5000,0.0800,0.2252,0.1452,0.2700,0.8600,0.9041,0.0441,0.0582,1.5077,1.8172,False,1.5070
758,unknown,dolly_pull_out_069,trajectoryToLearn\world_json\cinematic_db\dolly_pull_out\dolly_pull_out_069.json,120,1.0500,-0.4500,1.5000,1.5000,0.0800,-0.0612,0.1412,0.1958,0.8600,0.9068,0.0468,0.0470,1.5074,1.7414,False,1.5066
759,unknown,dolly_pull_out_079,trajectoryToLearn\world_json\cinematic_db\dolly_pull_out\dolly_pull_out_079.json,120,1.0500,-0.4500,1.5000,1.5000,0.0800,-0.0604,0.1404,0.1783,0.8600,0.8412,0.0188,0.0702,1.5067,1.6653,False,1.5066
760,unknown,dolly_pull_out_040,trajectoryToLearn\world_json\cinematic_db\dolly_pull_out\dolly_pull_out_040.json,120,1.0500,-0.4500,1.5000,1.5000,0.0800,0.2173,0.1373,0.2381,0.8600,0.8656,0.0056,0.0330,1.5063,1.8891,False,1.5063
761,unknown,dolly_pull_out_032,trajectoryToLearn\world_json\cinematic_db\dolly_pull_out\dolly_pull_out_032.json,120,1.0500,-0.4500,1.5000,1.5000,0.0800,0.2097,0.1297,0.1629,0.8600,0.8404,0.0196,0.0413,1.5057,1.8032,False,1.5056
762,unknown,dolly_pull_out_065,trajectoryToLearn\world_json\cinematic_db\dolly_pull_out\dolly_pull_out_065.json,120,1.0500,-0.4500,1.5000,1.5000,0.0800,-0.0469,0.1269,0.2522,0.8600,0.9705,0.1105,0.1105,1.5094,1.7880,False,1.5054
763,unknown,dolly_pull_out_031,trajectoryToLearn\world_json\cinematic_db\dolly_pull_out\dolly_pull_out_031.json,120,1.0500,-0.4500,1.5000,1.5000,0.0800,0.2066,0.1266,0.1901,0.8600,0.9312,0.0712,0.0845,1.5070,1.6958,False,1.5053
764,unknown,dolly_pull_out_007,trajectoryToLearn\world_json\cinematic_db\dolly_pull_out\dolly_pull_out_007.json,120,1.0500,-0.4500,1.5000,1.5000,0.0800,-0.0431,0.1231,0.1802,0.8600,0.8614,0.0014,0.0206,1.5050,1.7189,False,1.5050
765,unknown,dolly_pull_out_073,trajectoryToLearn\world_json\cinematic_db\dolly_pull_out\dolly_pull_out_073.json,120,1.0500,-0.4500,1.5000,1.5000,0.0800,0.2006,0.1206,0.2873,0.8600,0.8723,0.0123,0.0163,1.5049,1.8154,False,1.5048
766,unknown,dolly_pull_out_003,trajectoryToLearn\world_json\cinematic_db\dolly_pull_out\dolly_pull_out_003.json,120,1.0500,-0.4500,1.5000,1.5000,0.0800,-0.0395,0.1195,0.1204,0.8600,0.9697,0.1097,0.1157,1.5087,1.8050,False,1.5048
767,unknown,dolly_pull_out_026,trajectoryToLearn\world_json\cinematic_db\dolly_pull_out\dolly_pull_out_026.json,120,1.0500,-0.4500,1.5000,1.5000,0.0800,0.1919,0.1119,0.2037,0.8600,0.9244,0.0644,0.0731,1.5055,1.7389,False,1.5042
768,unknown,dolly_pull_out_002,trajectoryToLearn\world_json\cinematic_db\dolly_pull_out\dolly_pull_out_002.json,120,1.0500,-0.4500,1.5000,1.5000,0.0800,-0.0290,0.1090,0.1764,0.8600,0.8961,0.0361,0.0901,1.5044,1.7449,False,1.5040
769,unknown,dolly_pull_out_094,trajectoryToLearn\world_json\cinematic_db\dolly_pull_out\dolly_pull_out_094.json,120,1.0500,-0.4500,1.5000,1.5000,0.0800,-0.0288,0.1088,0.1685,0.8600,0.9754,0.1154,0.1170,1.5084,1.7040,False,1.5039
770,unknown,dolly_pull_out_021,trajectoryToLearn\world_json\cinematic_db\dolly_pull_out\dolly_pull_out_021.json,120,1.0500,-0.4500,1.5000,1.5000,0.0800,0.1883,0.1083,0.2206,0.8600,0.8509,0.0091,0.0551,1.5039,1.8265,False,1.5039
771,unknown,dolly_pull_out_020,trajectoryToLearn\world_json\cinematic_db\dolly_pull_out\dolly_pull_out_020.json,120,1.0500,-0.4500,1.5000,1.5000,0.0800,0.1812,0.1012,0.1833,0.8600,0.8820,0.0220,0.0477,1.5036,1.7647,False,1.5034
772,unknown,dolly_pull_out_070,trajectoryToLearn\world_json\cinematic_db\dolly_pull_out\dolly_pull_out_070.json,120,1.0500,-0.4500,1.5000,1.5000,0.0800,0.1781,0.0981,0.1905,0.8600,0.9215,0.0615,0.0893,1.5045,1.6682,False,1.5032
773,unknown,dolly_pull_out_030,trajectoryToLearn\world_json\cinematic_db\dolly_pull_out\dolly_pull_out_030.json,120,1.0500,-0.4500,1.5000,1.5000,0.0800,0.1734,0.0934,0.3115,0.8600,0.9388,0.0788,0.0794,1.5050,1.9081,False,1.5029
774,unknown,dolly_pull_out_045,trajectoryToLearn\world_json\cinematic_db\dolly_pull_out\dolly_pull_out_045.json,120,1.0500,-0.4500,1.5000,1.5000,0.0800,-0.0133,0.0933,0.1872,0.8600,0.9094,0.0494,0.0904,1.5037,1.7398,False,1.5029
775,unknown,dolly_pull_out_014,trajectoryToLearn\world_json\cinematic_db\dolly_pull_out\dolly_pull_out_014.json,120,1.0500,-0.4500,1.5000,1.5000,0.0800,-0.0127,0.0927,0.1314,0.8600,0.8018,0.0582,0.0804,1.5040,1.7184,False,1.5029
776,unknown,dolly_pull_out_062,trajectoryToLearn\world_json\cinematic_db\dolly_pull_out\dolly_pull_out_062.json,120,1.0500,-0.4500,1.5000,1.5000,0.0800,-0.0112,0.0912,0.2233,0.8600,0.8907,0.0307,0.0668,1.5031,1.8688,False,1.5028
777,unknown,dolly_pull_out_027,trajectoryToLearn\world_json\cinematic_db\dolly_pull_out\dolly_pull_out_027.json,120,1.0500,-0.4500,1.5000,1.5000,0.0800,-0.0079,0.0879,0.2096,0.8600,0.9249,0.0649,0.0824,1.5040,1.7792,False,1.5026
778,unknown,dolly_pull_out_019,trajectoryToLearn\world_json\cinematic_db\dolly_pull_out\dolly_pull_out_019.json,120,1.0500,-0.4500,1.5000,1.5000,0.0800,-0.0073,0.0873,0.2273,0.8600,0.7641,0.0959,0.1274,1.5056,1.9473,False,1.5025
779,unknown,dolly_pull_out_086,trajectoryToLearn\world_json\cinematic_db\dolly_pull_out\dolly_pull_out_086.json,120,1.0500,-0.4500,1.5000,1.5000,0.0800,-0.0069,0.0869,0.1746,0.8600,0.8534,0.0066,0.0368,1.5025,1.6735,False,1.5025
780,unknown,dolly_pull_out_061,trajectoryToLearn\world_json\cinematic_db\dolly_pull_out\dolly_pull_out_061.json,120,1.0500,-0.4500,1.5000,1.5000,0.0800,-0.0052,0.0852,0.1347,0.8600,0.8150,0.0450,0.0577,1.5031,1.7703,False,1.5024
781,unknown,dolly_pull_out_060,trajectoryToLearn\world_json\cinematic_db\dolly_pull_out\dolly_pull_out_060.json,120,1.0500,-0.4500,1.5000,1.5000,0.0800,-0.0014,0.0814,0.1614,0.8600,0.8169,0.0431,0.0694,1.5028,1.7909,False,1.5022
782,unknown,dolly_pull_out_076,trajectoryToLearn\world_json\cinematic_db\dolly_pull_out\dolly_pull_out_076.json,120,1.0500,-0.4500,1.5000,1.5000,0.0800,0.1557,0.0757,0.3098,0.8600,0.9771,0.1171,0.1206,1.5065,1.9818,False,1.5019
783,unknown,dolly_pull_out_037,trajectoryToLearn\world_json\cinematic_db\dolly_pull_out\dolly_pull_out_037.json,120,1.0500,-0.4500,1.5000,1.5000,0.0800,0.0047,0.0753,0.2043,0.8600,0.8560,0.0040,0.0138,1.5019,1.7798,False,1.5019
784,unknown,dolly_pull_out_095,trajectoryToLearn\world_json\cinematic_db\dolly_pull_out\dolly_pull_out_095.json,120,1.0500,-0.4500,1.5000,1.5000,0.0800,0.0048,0.0752,0.2671,0.8600,0.7823,0.0777,0.1114,1.5039,1.9203,False,1.5019
785,unknown,dolly_pull_out_078,trajectoryToLearn\world_json\cinematic_db\dolly_pull_out\dolly_pull_out_078.json,120,1.0500,-0.4500,1.5000,1.5000,0.0800,0.0051,0.0749,0.1749,0.8600,0.8883,0.0283,0.1091,1.5021,1.8208,False,1.5019
786,unknown,dolly_pull_out_018,trajectoryToLearn\world_json\cinematic_db\dolly_pull_out\dolly_pull_out_018.json,120,1.0500,-0.4500,1.5000,1.5000,0.0800,0.0085,0.0715,0.1163,0.8600,0.8949,0.0349,0.0500,1.5021,1.6294,False,1.5017
787,unknown,dolly_pull_out_066,trajectoryToLearn\world_json\cinematic_db\dolly_pull_out\dolly_pull_out_066.json,120,1.0500,-0.4500,1.5000,1.5000,0.0800,0.1502,0.0702,0.1541,0.8600,0.8323,0.0277,0.1049,1.5019,1.7180,False,1.5016
788,unknown,dolly_pull_out_023,trajectoryToLearn\world_json\cinematic_db\dolly_pull_out\dolly_pull_out_023.json,120,1.0500,-0.4500,1.5000,1.5000,0.0800,0.0237,0.0563,0.1738,0.8600,0.8685,0.0085,0.0193,1.5011,1.6881,False,1.5011
789,unknown,dolly_pull_out_042,trajectoryToLearn\world_json\cinematic_db\dolly_pull_out\dolly_pull_out_042.json,120,1.0500,-0.4500,1.5000,1.5000,0.0800,0.0240,0.0560,0.0940,0.8600,0.8849,0.0249,0.1056,1.5013,1.6516,False,1.5010
790,unknown,dolly_pull_out_005,trajectoryToLearn\world_json\cinematic_db\dolly_pull_out\dolly_pull_out_005.json,120,1.0500,-0.4500,1.5000,1.5000,0.0800,0.0251,0.0549,0.0886,0.8600,0.9091,0.0491,0.0692,1.5018,1.6623,False,1.5010
791,unknown,dolly_pull_out_098,trajectoryToLearn\world_json\cinematic_db\dolly_pull_out\dolly_pull_out_098.json,120,1.0500,-0.4500,1.5000,1.5000,0.0800,0.0274,0.0526,0.2708,0.8600,0.8475,0.0125,0.0247,1.5010,1.8466,False,1.5009
792,unknown,dolly_pull_out_090,trajectoryToLearn\world_json\cinematic_db\dolly_pull_out\dolly_pull_out_090.json,120,1.0500,-0.4500,1.5000,1.5000,0.0800,0.0319,0.0481,0.2416,0.8600,0.9123,0.0523,0.0642,1.5017,1.8517,False,1.5008
793,unknown,dolly_pull_out_059,trajectoryToLearn\world_json\cinematic_db\dolly_pull_out\dolly_pull_out_059.json,120,1.0500,-0.4500,1.5000,1.5000,0.0800,0.0344,0.0456,0.1725,0.8600,0.7907,0.0693,0.0965,1.5023,1.8296,False,1.5007
794,unknown,dolly_pull_out_097,trajectoryToLearn\world_json\cinematic_db\dolly_pull_out\dolly_pull_out_097.json,120,1.0500,-0.4500,1.5000,1.5000,0.0800,0.1225,0.0425,0.2417,0.8600,0.7945,0.0655,0.0998,1.5020,1.8558,False,1.5006
795,unknown,dolly_pull_out_068,trajectoryToLearn\world_json\cinematic_db\dolly_pull_out\dolly_pull_out_068.json,120,1.0500,-0.4500,1.5000,1.5000,0.0800,0.0377,0.0423,0.0943,0.8600,0.7971,0.0629,0.0790,1.5019,1.6129,False,1.5006
796,unknown,dolly_pull_out_000,trajectoryToLearn\world_json\cinematic_db\dolly_pull_out\dolly_pull_out_000.json,120,1.0500,-0.4500,1.5000,1.5000,0.0800,0.1223,0.0423,0.2177,0.8600,0.9681,0.1081,0.1218,1.5045,1.7818,False,1.5006
797,unknown,dolly_pull_out_082,trajectoryToLearn\world_json\cinematic_db\dolly_pull_out\dolly_pull_out_082.json,120,1.0500,-0.4500,1.5000,1.5000,0.0800,0.1200,0.0400,0.1316,0.8600,0.8882,0.0282,0.0419,1.5008,1.8569,False,1.5005
798,unknown,dolly_pull_out_044,trajectoryToLearn\world_json\cinematic_db\dolly_pull_out\dolly_pull_out_044.json,120,1.0500,-0.4500,1.5000,1.5000,0.0800,0.0428,0.0372,0.2432,0.8600,0.8606,0.0006,0.0465,1.5005,1.8982,False,1.5005
799,unknown,dolly_pull_out_013,trajectoryToLearn\world_json\cinematic_db\dolly_pull_out\dolly_pull_out_013.json,120,1.0500,-0.4500,1.5000,1.5000,0.0800,0.0430,0.0370,0.1534,0.8600,0.8841,0.0241,0.0364,1.5006,1.6926,False,1.5005
800,unknown,dolly_pull_out_035,trajectoryToLearn\world_json\cinematic_db\dolly_pull_out\dolly_pull_out_035.json,120,1.0500,-0.4500,1.5000,1.5000,0.0800,0.1170,0.0370,0.0623,0.8600,0.9114,0.0514,0.0671,1.5013,1.5626,False,1.5005
801,unknown,dolly_pull_out_036,trajectoryToLearn\world_json\cinematic_db\dolly_pull_out\dolly_pull_out_036.json,120,1.0500,-0.4500,1.5000,1.5000,0.0800,0.1169,0.0369,0.1172,0.8600,0.7425,0.1175,0.1325,1.5050,1.7212,False,1.5005
802,unknown,dolly_pull_out_093,trajectoryToLearn\world_json\cinematic_db\dolly_pull_out\dolly_pull_out_093.json,120,1.0500,-0.4500,1.5000,1.5000,0.0800,0.1155,0.0355,0.2652,0.8600,0.8794,0.0194,0.0785,1.5005,1.9258,False,1.5004
803,unknown,dolly_pull_out_099,trajectoryToLearn\world_json\cinematic_db\dolly_pull_out\dolly_pull_out_099.json,120,1.0500,-0.4500,1.5000,1.5000,0.0800,0.1151,0.0351,0.1883,0.8600,0.8079,0.0521,0.0602,1.5013,1.7394,False,1.5004
804,unknown,dolly_pull_out_084,trajectoryToLearn\world_json\cinematic_db\dolly_pull_out\dolly_pull_out_084.json,120,1.0500,-0.4500,1.5000,1.5000,0.0800,0.0479,0.0321,0.1612,0.8600,0.8399,0.0201,0.0515,1.5005,1.6927,False,1.5003
805,unknown,dolly_pull_out_072,trajectoryToLearn\world_json\cinematic_db\dolly_pull_out\dolly_pull_out_072.json,120,1.0500,-0.4500,1.5000,1.5000,0.0800,0.1115,0.0315,0.1318,0.8600,0.9194,0.0594,0.0773,1.5015,1.6733,False,1.5003
806,unknown,dolly_pull_out_039,trajectoryToLearn\world_json\cinematic_db\dolly_pull_out\dolly_pull_out_039.json,120,1.0500,-0.4500,1.5000,1.5000,0.0800,0.1108,0.0308,0.2679,0.8600,0.7888,0.0712,0.0884,1.5020,1.9504,False,1.5003
807,unknown,dolly_pull_out_015,trajectoryToLearn\world_json\cinematic_db\dolly_pull_out\dolly_pull_out_015.json,120,1.0500,-0.4500,1.5000,1.5000,0.0800,0.0591,0.0209,0.0791,0.8600,0.8498,0.0102,0.1188,1.5002,1.7043,False,1.5001
808,unknown,dolly_pull_out_077,trajectoryToLearn\world_json\cinematic_db\dolly_pull_out\dolly_pull_out_077.json,120,1.0500,-0.4500,1.5000,1.5000,0.0800,0.0592,0.0208,0.1230,0.8600,0.8237,0.0363,0.0463,1.5006,1.7117,False,1.5001
809,unknown,dolly_pull_out_001,trajectoryToLearn\world_json\cinematic_db\dolly_pull_out\dolly_pull_out_001.json,120,1.0500,-0.4500,1.5000,1.5000,0.0800,0.0640,0.0160,0.1634,0.8600,0.8282,0.0318,0.0660,1.5004,1.8009,False,1.5001
810,unknown,dolly_pull_out_046,trajectoryToLearn\world_json\cinematic_db\dolly_pull_out\dolly_pull_out_046.json,120,1.0500,-0.4500,1.5000,1.5000,0.0800,0.0653,0.0147,0.1176,0.8600,0.8405,0.0195,0.0531,1.5002,1.7237,False,1.5001
811,unknown,dolly_pull_out_022,trajectoryToLearn\world_json\cinematic_db\dolly_pull_out\dolly_pull_out_022.json,120,1.0500,-0.4500,1.5000,1.5000,0.0800,0.0659,0.0141,0.2126,0.8600,0.9528,0.0928,0.0945,1.5029,1.7668,False,1.5001
812,unknown,dolly_pull_out_089,trajectoryToLearn\world_json\cinematic_db\dolly_pull_out\dolly_pull_out_089.json,120,1.0500,-0.4500,1.5000,1.5000,0.0800,0.0659,0.0141,0.2996,0.8600,0.8739,0.0139,0.0776,1.5001,2.0213,False,1.5001
813,unknown,dolly_pull_out_083,trajectoryToLearn\world_json\cinematic_db\dolly_pull_out\dolly_pull_out_083.json,120,1.0500,-0.4500,1.5000,1.5000,0.0800,0.0929,0.0129,0.1004,0.8600,0.9317,0.0717,0.1476,1.5018,1.7918,False,1.5001
814,unknown,dolly_pull_out_053,trajectoryToLearn\world_json\cinematic_db\dolly_pull_out\dolly_pull_out_053.json,120,1.0500,-0.4500,1.5000,1.5000,0.0800,0.0909,0.0109,0.1584,0.8600,0.8181,0.0419,0.0732,1.5006,1.7990,False,1.5000
815,unknown,dolly_pull_out_056,trajectoryToLearn\world_json\cinematic_db\dolly_pull_out\dolly_pull_out_056.json,120,1.0500,-0.4500,1.5000,1.5000,0.0800,0.0903,0.0103,0.2135,0.8600,0.8271,0.0329,0.0910,1.5004,1.8543,False,1.5000
816,unknown,dolly_pull_out_081,trajectoryToLearn\world_json\cinematic_db\dolly_pull_out\dolly_pull_out_081.json,120,1.0500,-0.4500,1.5000,1.5000,0.0800,0.0900,0.0100,0.2035,0.8600,0.7714,0.0886,0.1049,1.5026,1.8702,False,1.5000
817,unknown,dolly_pull_out_087,trajectoryToLearn\world_json\cinematic_db\dolly_pull_out\dolly_pull_out_087.json,120,1.0500,-0.4500,1.5000,1.5000,0.0800,0.0896,0.0096,0.2737,0.8600,0.7899,0.0701,0.0894,1.5017,1.8735,False,1.5000
818,unknown,dolly_pull_out_074,trajectoryToLearn\world_json\cinematic_db\dolly_pull_out\dolly_pull_out_074.json,120,1.0500,-0.4500,1.5000,1.5000,0.0800,0.0886,0.0086,0.1837,0.8600,0.8580,0.0020,0.0248,1.5000,1.8049,False,1.5000
819,unknown,dolly_pull_out_028,trajectoryToLearn\world_json\cinematic_db\dolly_pull_out\dolly_pull_out_028.json,120,1.0500,-0.4500,1.5000,1.5000,0.0800,0.0886,0.0086,0.0659,0.8600,0.8505,0.0095,0.0505,1.5001,1.5887,False,1.5000
820,unknown,dolly_pull_out_050,trajectoryToLearn\world_json\cinematic_db\dolly_pull_out\dolly_pull_out_050.json,120,1.0500,-0.4500,1.5000,1.5000,0.0800,0.0864,0.0064,0.1811,0.8600,0.8462,0.0138,0.0962,1.5001,1.8974,False,1.5000
821,unknown,dolly_pull_out_033,trajectoryToLearn\world_json\cinematic_db\dolly_pull_out\dolly_pull_out_033.json,120,1.0500,-0.4500,1.5000,1.5000,0.0800,0.0766,0.0034,0.1588,0.8600,0.8614,0.0014,0.0213,1.5000,1.7699,False,1.5000
822,unknown,dolly_pull_out_058,trajectoryToLearn\world_json\cinematic_db\dolly_pull_out\dolly_pull_out_058.json,120,1.0500,-0.4500,1.5000,1.5000,0.0800,0.0771,0.0029,0.1695,0.8600,0.8271,0.0329,0.0329,1.5004,1.8483,False,1.5000
823,unknown,dolly_pull_out_057,trajectoryToLearn\world_json\cinematic_db\dolly_pull_out\dolly_pull_out_057.json,120,1.0500,-0.4500,1.5000,1.5000,0.0800,0.0817,0.0017,0.1052,0.8600,0.7696,0.0904,0.1015,1.5027,1.6971,False,1.5000
824,unknown,dolly_pull_out_052,trajectoryToLearn\world_json\cinematic_db\dolly_pull_out\dolly_pull_out_052.json,120,1.0500,-0.4500,1.5000,1.5000,0.0800,0.0800,0.0000,0.1579,0.8600,0.9340,0.0740,0.0783,1.5018,1.7364,False,1.5000
825,scene_1,traj_1,trajectoryToLearn\world_json\scene_1\traj_1.json,300,1.0500,-0.4500,1.5000,1.5000,-0.0188,-0.0188,0.0000,0.2000,0.8600,1.3600,0.5000,0.5000,1.5811,1.9176,False,1.5000
826,scene_1,traj_2,trajectoryToLearn\world_json\scene_1\traj_2.json,300,1.0500,-0.4500,1.5000,1.5000,-0.0166,-0.0166,0.0000,0.2000,0.8600,1.3600,0.5000,0.5000,1.5811,1.9331,False,1.5000
827,scene_1,traj_5,trajectoryToLearn\world_json\scene_1\traj_5.json,300,1.0500,-0.4500,1.5000,1.5000,0.0697,0.0697,0.0000,0.2000,0.8600,1.3600,0.5000,0.5000,1.5811,1.9588,False,1.5000
828,scene_1,traj_7,trajectoryToLearn\world_json\scene_1\traj_7.json,300,1.0500,-0.4500,1.5000,1.5000,0.0470,0.0470,0.0000,0.2000,0.8600,1.3600,0.5000,0.5000,1.5811,1.9522,False,1.5000
829,scene_1,traj_8,trajectoryToLearn\world_json\scene_1\traj_8.json,300,1.0500,-0.4500,1.5000,1.5000,0.0563,0.0563,0.0000,0.2000,0.8600,1.3600,0.5000,0.5000,1.5811,1.9627,False,1.5000
830,scene_1,traj_9,trajectoryToLearn\world_json\scene_1\traj_9.json,300,1.0500,-0.4500,1.5000,1.5000,0.0413,0.0413,0.0000,0.2000,0.8600,1.3600,0.5000,0.5000,1.5811,1.9500,False,1.5000
831,scene_3,retreat_traj_1,trajectoryToLearn\world_json\scene_3\retreat_traj_1.json,120,1.0500,-0.4500,1.5000,1.5000,0.0306,0.0306,0.0000,0.1000,0.8600,0.8600,0.0000,0.1000,1.5000,1.7714,False,1.5000
832,scene_3,retreat_traj_10,trajectoryToLearn\world_json\scene_3\retreat_traj_10.json,120,1.0500,-0.4500,1.5000,1.5000,0.0784,0.0784,0.0000,0.1513,0.8600,0.8600,0.0000,0.1000,1.5000,1.7988,False,1.5000
833,scene_3,retreat_traj_1_y_scaled,trajectoryToLearn\world_json\scene_3\retreat_traj_1_y_scaled.json,120,1.0500,-0.4500,1.5000,1.5000,0.0800,0.0800,0.0000,0.0000,0.8600,0.8600,0.0000,0.8000,1.5000,2.6356,False,1.5000
834,scene_3,retreat_traj_2,trajectoryToLearn\world_json\scene_3\retreat_traj_2.json,120,1.0500,-0.4500,1.5000,1.5000,0.0317,0.0317,0.0000,0.1000,0.8600,0.8600,0.0000,0.1000,1.5000,1.7675,False,1.5000
835,scene_3,retreat_traj_3,trajectoryToLearn\world_json\scene_3\retreat_traj_3.json,120,1.0500,-0.4500,1.5000,1.5000,0.0310,0.0310,0.0000,0.1000,0.8600,0.8600,0.0000,0.1000,1.5000,1.7675,False,1.5000
836,scene_3,retreat_traj_4,trajectoryToLearn\world_json\scene_3\retreat_traj_4.json,120,1.0500,-0.4500,1.5000,1.5000,0.0306,0.0306,0.0000,0.1000,0.8600,0.8600,0.0000,0.1000,1.5000,1.7715,False,1.5000
837,scene_3,retreat_traj_5,trajectoryToLearn\world_json\scene_3\retreat_traj_5.json,120,1.0500,-0.4500,1.5000,1.5000,0.0748,0.0748,0.0000,0.1168,0.8600,0.8600,0.0000,0.1000,1.5000,1.7916,False,1.5000
838,scene_3,retreat_traj_6,trajectoryToLearn\world_json\scene_3\retreat_traj_6.json,120,1.0500,-0.4500,1.5000,1.5000,0.0479,0.0479,0.0000,0.1043,0.8600,0.8600,0.0000,0.1000,1.5000,1.7744,False,1.5000
839,scene_3,retreat_traj_7,trajectoryToLearn\world_json\scene_3\retreat_traj_7.json,120,1.0500,-0.4500,1.5000,1.5000,0.0635,0.0635,0.0000,0.1224,0.8600,0.8600,0.0000,0.1000,1.5000,1.7964,False,1.5000
840,scene_3,retreat_traj_8,trajectoryToLearn\world_json\scene_3\retreat_traj_8.json,120,1.0500,-0.4500,1.5000,1.5000,0.0681,0.0681,0.0000,0.1284,0.8600,0.8600,0.0000,0.1000,1.5000,1.7934,False,1.5000
841,scene_3,retreat_traj_9,trajectoryToLearn\world_json\scene_3\retreat_traj_9.json,120,1.0500,-0.4500,1.5000,1.5000,0.0606,0.0606,0.0000,0.1195,0.8600,0.8600,0.0000,0.1000,1.5000,1.7942,False,1.5000
842,scene_1,traj_10,trajectoryToLearn\world_json\scene_1\traj_10.json,211,1.0500,2.5500,1.5000,4.0083,0.0800,0.0800,0.0000,3.0172,0.8600,0.3600,0.5000,0.5000,1.5811,9.9930,False,1.5000
843,unknown,crane_down_070,trajectoryToLearn\world_json\cinematic_db\crane_down\crane_down_070.json,120,1.0500,2.5256,1.4756,1.4756,0.0800,0.3469,0.2669,0.3467,0.8600,1.3600,0.5000,0.5000,1.5807,1.6803,False,1.4996
844,unknown,crane_up_078,trajectoryToLearn\world_json\cinematic_db\crane_up\crane_up_078.json,120,1.0500,2.5242,1.4742,1.4742,0.0800,-0.0638,0.1438,0.1878,0.8600,0.3673,0.4927,0.5000,1.5610,1.5924,False,1.4812
845,unknown,crane_down_035,trajectoryToLearn\world_json\cinematic_db\crane_down\crane_down_035.json,120,1.0500,2.4998,1.4498,1.4498,0.0800,0.3704,0.2904,0.3457,0.8600,1.2690,0.4090,0.4100,1.5341,1.5783,False,1.4786
846,unknown,crane_up_045,trajectoryToLearn\world_json\cinematic_db\crane_up\crane_up_045.json,120,1.0500,2.4566,1.4066,1.4079,0.0800,-0.3599,0.4399,0.4438,0.8600,0.3698,0.4902,0.4951,1.5532,1.6237,False,1.4738
847,unknown,crane_down_043,trajectoryToLearn\world_json\cinematic_db\crane_down\crane_down_043.json,120,1.0500,2.4826,1.4326,1.4326,0.0800,0.4242,0.3442,0.3442,0.8600,1.0597,0.1997,0.1997,1.4869,1.5265,False,1.4734
848,unknown,crane_up_062,trajectoryToLearn\world_json\cinematic_db\crane_up\crane_up_062.json,120,1.0500,2.4996,1.4496,1.4496,0.0800,0.3237,0.2437,0.3458,0.8600,0.4309,0.4291,0.4368,1.5313,1.6163,False,1.4700
849,unknown,handheld_subtle_034,trajectoryToLearn\world_json\cinematic_db\handheld_subtle\handheld_subtle_034.json,120,1.0500,2.1787,1.1287,1.1287,0.0800,1.0155,0.9355,1.1265,0.8600,0.9905,0.1305,0.2631,1.4718,2.7203,False,1.4660
850,unknown,crane_up_015,trajectoryToLearn\world_json\cinematic_db\crane_up\crane_up_015.json,120,1.0500,2.4917,1.4417,1.4421,0.0800,-0.1855,0.2655,0.2655,0.8600,0.4808,0.3792,0.3914,1.5142,1.6064,False,1.4660
851,unknown,crane_up_034,trajectoryToLearn\world_json\cinematic_db\crane_up\crane_up_034.json,120,1.0500,2.5121,1.4621,1.4621,0.0800,0.0328,0.0472,0.1098,0.8600,0.3917,0.4683,0.4683,1.5360,1.5608,False,1.4629
852,unknown,crane_down_024,trajectoryToLearn\world_json\cinematic_db\crane_down\crane_down_024.json,120,1.0500,2.4924,1.4424,1.4424,0.0800,-0.1099,0.1899,0.1899,0.8600,1.3600,0.5000,0.5000,1.5384,1.5924,False,1.4549
853,unknown,handheld_subtle_050,trajectoryToLearn\world_json\cinematic_db\handheld_subtle\handheld_subtle_050.json,120,1.0500,2.0947,1.0447,1.0447,0.0800,1.0800,1.0000,1.6885,0.8600,0.9582,0.0982,0.1077,1.4495,3.5920,False,1.4462
854,unknown,crane_down_057,trajectoryToLearn\world_json\cinematic_db\crane_down\crane_down_057.json,120,1.0500,2.4817,1.4317,1.4317,0.0800,0.2438,0.1638,0.2366,0.8600,1.1979,0.3379,0.3510,1.4802,1.5295,False,1.4411
855,unknown,crane_down_096,trajectoryToLearn\world_json\cinematic_db\crane_down\crane_down_096.json,120,1.0500,2.4553,1.4053,1.4060,0.0800,0.3950,0.3150,0.3150,0.8600,1.3171,0.4571,0.4609,1.5110,1.5736,False,1.4402
856,unknown,crane_down_069,trajectoryToLearn\world_json\cinematic_db\crane_down\crane_down_069.json,120,1.0500,2.4555,1.4055,1.4055,0.0800,0.3792,0.2992,0.3613,0.8600,1.1536,0.2936,0.2936,1.4667,1.5384,False,1.4370
857,unknown,crane_down_009,trajectoryToLearn\world_json\cinematic_db\crane_down\crane_down_009.json,120,1.0500,2.4766,1.4266,1.4273,0.0800,0.1103,0.0303,0.1072,0.8600,1.1414,0.2814,0.2816,1.4544,1.5312,False,1.4269
858,scene_2,round_traj_7,trajectoryToLearn\world_json\scene_2\round_traj_7.json,300,3.6607,2.2397,1.4210,4.1107,1.0800,1.0800,0.0000,2.0000,0.8600,0.8600,0.0000,0.4000,1.4210,9.6851,False,1.4210
859,unknown,handheld_subtle_000,trajectoryToLearn\world_json\cinematic_db\handheld_subtle\handheld_subtle_000.json,120,1.0500,2.3450,1.2950,1.2950,0.0800,0.6577,0.5777,0.8511,0.8600,1.1117,0.2517,0.2812,1.4402,2.6966,False,1.4181
860,unknown,crane_down_042,trajectoryToLearn\world_json\cinematic_db\crane_down\crane_down_042.json,120,1.0500,2.4198,1.3698,1.3738,0.0800,-0.2358,0.3158,0.3431,0.8600,1.2641,0.4041,0.4041,1.4627,1.5300,False,1.4057
861,unknown,crane_down_062,trajectoryToLearn\world_json\cinematic_db\crane_down\crane_down_062.json,120,1.0500,2.4524,1.4024,1.4024,0.0800,-0.0137,0.0937,0.0937,0.8600,1.3324,0.4724,0.4802,1.4828,1.5019,False,1.4055
862,unknown,crane_up_061,trajectoryToLearn\world_json\cinematic_db\crane_up\crane_up_061.json,120,1.0500,2.4443,1.3943,1.3943,0.0800,-0.0084,0.0884,0.1873,0.8600,0.4026,0.4574,0.4652,1.4701,1.5570,False,1.3971
863,unknown,crane_down_081,trajectoryToLearn\world_json\cinematic_db\crane_down\crane_down_081.json,120,1.0500,2.4339,1.3839,1.3842,0.0800,0.1963,0.1163,0.1598,0.8600,1.2698,0.4098,0.4108,1.4480,1.5366,False,1.3888
864,unknown,crane_down_004,trajectoryToLearn\world_json\cinematic_db\crane_down\crane_down_004.json,120,1.0500,2.4253,1.3753,1.3753,0.0800,0.1603,0.0803,0.1864,0.8600,1.3067,0.4467,0.4467,1.4482,1.5490,False,1.3776
865,unknown,crane_up_016,trajectoryToLearn\world_json\cinematic_db\crane_up\crane_up_016.json,120,1.0500,2.4251,1.3751,1.3760,0.0800,0.1530,0.0730,0.1420,0.8600,0.5103,0.3497,0.3497,1.4207,1.4919,False,1.3770
866,unknown,crane_down_095,trajectoryToLearn\world_json\cinematic_db\crane_down\crane_down_095.json,120,1.0500,2.4206,1.3706,1.3706,0.0800,0.0286,0.0514,0.1439,0.8600,1.1023,0.2423,0.2423,1.3928,1.4540,False,1.3716
867,unknown,crane_up_011,trajectoryToLearn\world_json\cinematic_db\crane_up\crane_up_011.json,120,1.0500,2.4149,1.3649,1.3649,0.0800,0.1352,0.0552,0.1400,0.8600,0.5103,0.3497,0.3529,1.4101,1.4470,False,1.3660
868,unknown,crane_up_038,trajectoryToLearn\world_json\cinematic_db\crane_up\crane_up_038.json,120,1.0500,2.4142,1.3642,1.3642,0.0800,0.1144,0.0344,0.0677,0.8600,0.3733,0.4867,0.5000,1.4488,1.4724,False,1.3646
869,unknown,crane_down_085,trajectoryToLearn\world_json\cinematic_db\crane_down\crane_down_085.json,120,1.0500,2.3626,1.3126,1.3126,0.0800,-0.2654,0.3454,0.3466,0.8600,1.2034,0.3434,0.3643,1.4001,1.4340,False,1.3573
870,unknown,handheld_subtle_001,trajectoryToLearn\world_json\cinematic_db\handheld_subtle\handheld_subtle_001.json,120,1.0500,2.3438,1.2938,1.2938,0.0800,0.4832,0.4032,0.9704,0.8600,0.8111,0.0489,0.3228,1.3561,3.0464,False,1.3552
871,unknown,crane_up_073,trajectoryToLearn\world_json\cinematic_db\crane_up\crane_up_073.json,120,1.0500,2.3963,1.3463,1.3475,0.0800,0.2059,0.1259,0.2130,0.8600,0.3761,0.4839,0.4839,1.4362,1.4939,False,1.3522
872,unknown,crane_up_039,trajectoryToLearn\world_json\cinematic_db\crane_up\crane_up_039.json,120,1.0500,2.3614,1.3114,1.3114,0.0800,0.3834,0.3034,0.3034,0.8600,0.5811,0.2789,0.2789,1.3746,1.3963,False,1.3460
873,unknown,handheld_subtle_015,trajectoryToLearn\world_json\cinematic_db\handheld_subtle\handheld_subtle_015.json,120,1.0500,2.1668,1.1168,1.1168,0.0800,0.8124,0.7324,1.7304,0.8600,0.8565,0.0035,0.1251,1.3356,4.0061,False,1.3356
874,unknown,crane_up_096,trajectoryToLearn\world_json\cinematic_db\crane_up\crane_up_096.json,120,1.0500,2.3494,1.2994,1.2994,0.0800,0.3723,0.2923,0.3189,0.8600,0.4624,0.3976,0.3976,1.3900,1.4138,False,1.3319
875,unknown,handheld_subtle_019,trajectoryToLearn\world_json\cinematic_db\handheld_subtle\handheld_subtle_019.json,120,1.0500,1.9505,0.9005,0.9005,0.0800,1.0540,0.9740,1.2544,0.8600,0.8839,0.0239,0.3755,1.3267,2.8419,False,1.3265
876,unknown,crane_up_049,trajectoryToLearn\world_json\cinematic_db\crane_up\crane_up_049.json,120,1.0500,2.3601,1.3101,1.3101,0.0800,-0.0790,0.1590,0.1798,0.8600,0.3725,0.4875,0.4891,1.4069,1.4485,False,1.3197
877,unknown,crane_up_012,trajectoryToLearn\world_json\cinematic_db\crane_up\crane_up_012.json,120,1.0500,2.3289,1.2789,1.2813,0.0800,-0.2447,0.3247,0.3247,0.8600,0.5408,0.3192,0.3192,1.3576,1.4619,False,1.3195
878,unknown,handheld_subtle_031,trajectoryToLearn\world_json\cinematic_db\handheld_subtle\handheld_subtle_031.json,120,1.0500,2.2768,1.2268,1.2268,0.0800,-0.3942,0.4742,0.7484,0.8600,1.0742,0.2142,0.4230,1.3326,2.6009,False,1.3153
879,unknown,handheld_subtle_060,trajectoryToLearn\world_json\cinematic_db\handheld_subtle\handheld_subtle_060.json,120,1.0500,2.1547,1.1047,1.1047,0.0800,-0.6255,0.7055,1.9106,0.8600,1.0571,0.1971,0.5482,1.3255,4.4899,False,1.3108
880,unknown,crane_down_011,trajectoryToLearn\world_json\cinematic_db\crane_down\crane_down_011.json,120,1.0500,2.3347,1.2847,1.2852,0.0800,-0.1719,0.2519,0.2519,0.8600,1.3597,0.4997,0.5000,1.4013,1.4370,False,1.3092
881,unknown,crane_up_001,trajectoryToLearn\world_json\cinematic_db\crane_up\crane_up_001.json,120,1.0500,2.2651,1.2151,1.2151,0.0800,0.5603,0.4803,0.4803,0.8600,0.6376,0.2224,0.2224,1.3254,1.4492,False,1.3066
882,unknown,crane_up_050,trajectoryToLearn\world_json\cinematic_db\crane_up\crane_up_050.json,120,1.0500,2.3036,1.2536,1.2536,0.0800,-0.2849,0.3649,0.3649,0.8600,0.3831,0.4769,0.4864,1.3900,1.5033,False,1.3056
883,unknown,handheld_subtle_076,trajectoryToLearn\world_json\cinematic_db\handheld_subtle\handheld_subtle_076.json,120,1.0500,2.2988,1.2488,1.2488,0.0800,-0.2975,0.3775,0.6304,0.8600,0.9955,0.1355,0.2406,1.3117,2.2704,False,1.3047
884,unknown,handheld_subtle_064,trajectoryToLearn\world_json\cinematic_db\handheld_subtle\handheld_subtle_064.json,120,1.0500,2.3194,1.2694,1.2694,0.0800,0.3787,0.2987,0.5900,0.8600,1.0650,0.2050,0.3418,1.3200,2.0381,False,1.3040
885,unknown,handheld_subtle_036,trajectoryToLearn\world_json\cinematic_db\handheld_subtle\handheld_subtle_036.json,120,1.0500,1.9573,0.9073,0.9073,0.0800,-0.8559,0.9359,1.5489,0.8600,0.8499,0.0101,0.1262,1.3035,3.4065,False,1.3035
886,unknown,crane_up_032,trajectoryToLearn\world_json\cinematic_db\crane_up\crane_up_032.json,120,1.0500,2.3168,1.2668,1.2671,0.0800,0.3798,0.2998,0.2998,0.8600,0.3806,0.4794,0.4794,1.3872,1.4450,False,1.3018
887,unknown,crane_down_088,trajectoryToLearn\world_json\cinematic_db\crane_down\crane_down_088.json,120,1.0500,2.3459,1.2959,1.2959,0.0800,0.1706,0.0906,0.2107,0.8600,1.2063,0.3463,0.3463,1.3445,1.4297,False,1.2991
888,unknown,handheld_subtle_077,trajectoryToLearn\world_json\cinematic_db\handheld_subtle\handheld_subtle_077.json,120,1.0500,2.2414,1.1914,1.1914,0.0800,-0.4237,0.5037,0.7466,0.8600,1.3600,0.5000,0.7758,1.3868,2.6448,False,1.2935
889,unknown,handheld_subtle_079,trajectoryToLearn\world_json\cinematic_db\handheld_subtle\handheld_subtle_079.json,120,1.0500,1.9649,0.9149,0.9149,0.0800,-0.8342,0.9142,1.4620,0.8600,1.0566,0.1966,0.2363,1.3083,3.2854,False,1.2934
890,unknown,handheld_subtle_082,trajectoryToLearn\world_json\cinematic_db\handheld_subtle\handheld_subtle_082.json,120,1.0500,2.3362,1.2862,1.2862,0.0800,0.1990,0.1190,0.2951,0.8600,0.8076,0.0524,0.2581,1.2928,1.7767,False,1.2917
891,unknown,handheld_subtle_047,trajectoryToLearn\world_json\cinematic_db\handheld_subtle\handheld_subtle_047.json,120,1.0500,2.0357,0.9857,0.9857,0.0800,0.9084,0.8284,1.5551,0.8600,1.0829,0.2229,0.2466,1.3068,3.0959,False,1.2876
892,unknown,crane_up_021,trajectoryToLearn\world_json\cinematic_db\crane_up\crane_up_021.json,120,1.0500,2.3340,1.2840,1.2840,0.0800,0.0107,0.0693,0.1718,0.8600,0.5249,0.3351,0.3496,1.3289,1.4552,False,1.2859
893,unknown,handheld_subtle_091,trajectoryToLearn\world_json\cinematic_db\handheld_subtle\handheld_subtle_091.json,120,1.0500,2.1385,1.0885,1.0885,0.0800,0.7643,0.6843,1.4116,0.8600,0.9422,0.0822,0.1867,1.2883,3.2556,False,1.2857
894,unknown,crane_down_048,trajectoryToLearn\world_json\cinematic_db\crane_down\crane_down_048.json,120,1.0500,2.3203,1.2703,1.2703,0.0800,0.0361,0.0439,0.0934,0.8600,1.2601,0.4001,0.4001,1.3325,1.3683,False,1.2711
895,unknown,crane_down_028,trajectoryToLearn\world_json\cinematic_db\crane_down\crane_down_028.json,120,1.0500,2.3101,1.2601,1.2601,0.0800,0.2421,0.1621,0.1621,0.8600,1.2568,0.3968,0.3988,1.3311,1.3568,False,1.2705
896,unknown,handheld_subtle_013,trajectoryToLearn\world_json\cinematic_db\handheld_subtle\handheld_subtle_013.json,120,1.0500,2.2665,1.2165,1.2165,0.0800,-0.2849,0.3649,0.7713,0.8600,0.6424,0.2176,0.4154,1.2886,2.4312,False,1.2701
897,unknown,handheld_subtle_065,trajectoryToLearn\world_json\cinematic_db\handheld_subtle\handheld_subtle_065.json,120,1.0500,2.2141,1.1641,1.1641,0.0800,0.5871,0.5071,0.7510,0.8600,1.1210,0.2610,0.2980,1.2963,2.1971,False,1.2698
898,unknown,handheld_subtle_028,trajectoryToLearn\world_json\cinematic_db\handheld_subtle\handheld_subtle_028.json,120,1.0500,2.0798,1.0298,1.0298,0.0800,-0.6540,0.7340,1.4413,0.8600,0.6835,0.1765,0.2260,1.2769,3.0780,False,1.2646
899,unknown,handheld_subtle_081,trajectoryToLearn\world_json\cinematic_db\handheld_subtle\handheld_subtle_081.json,120,1.0500,2.3078,1.2578,1.2578,0.0800,0.0758,0.0042,0.5093,0.8600,1.0781,0.2181,0.2967,1.2766,2.4239,False,1.2578
900,unknown,handheld_subtle_011,trajectoryToLearn\world_json\cinematic_db\handheld_subtle\handheld_subtle_011.json,120,1.0500,2.2922,1.2422,1.2422,0.0800,-0.1164,0.1964,0.4884,0.8600,0.9781,0.1181,0.1215,1.2631,1.9152,False,1.2576
901,unknown,crane_up_003,trajectoryToLearn\world_json\cinematic_db\crane_up\crane_up_003.json,120,1.0500,2.2997,1.2497,1.2497,0.0800,-0.0358,0.1158,0.1790,0.8600,0.4562,0.4038,0.4038,1.3184,1.3728,False,1.2551
902,unknown,handheld_subtle_007,trajectoryToLearn\world_json\cinematic_db\handheld_subtle\handheld_subtle_007.json,120,1.0500,2.2203,1.1703,1.1703,0.0800,0.5281,0.4481,0.6699,0.8600,0.8706,0.0106,0.2344,1.2532,2.5842,False,1.2532
903,unknown,handheld_subtle_056,trajectoryToLearn\world_json\cinematic_db\handheld_subtle\handheld_subtle_056.json,120,1.0500,2.0775,1.0275,1.0275,0.0800,0.7906,0.7106,1.6723,0.8600,1.3400,0.4800,0.5185,1.3383,3.8604,False,1.2493
904,unknown,handheld_subtle_016,trajectoryToLearn\world_json\cinematic_db\handheld_subtle\handheld_subtle_016.json,120,1.0500,2.2979,1.2479,1.2479,0.0800,0.1060,0.0260,1.1134,0.8600,1.1526,0.2926,0.3852,1.2820,3.0867,False,1.2482
905,unknown,crane_down_006,trajectoryToLearn\world_json\cinematic_db\crane_down\crane_down_006.json,120,1.0500,2.2966,1.2466,1.2477,0.0800,0.0295,0.0505,0.1803,0.8600,1.2362,0.3762,0.3762,1.3032,1.4248,False,1.2477
906,unknown,handheld_subtle_068,trajectoryToLearn\world_json\cinematic_db\handheld_subtle\handheld_subtle_068.json,120,1.0500,2.1436,1.0936,1.0936,0.0800,-0.5177,0.5977,1.6869,0.8600,0.8034,0.0566,0.1191,1.2475,3.7094,False,1.2462
907,unknown,crane_down_068,trajectoryToLearn\world_json\cinematic_db\crane_down\crane_down_068.json,120,1.0500,2.2853,1.2353,1.2353,0.0800,-0.0329,0.1129,0.1924,0.8600,1.3522,0.4922,0.4922,1.3345,1.4269,False,1.2404
908,unknown,crane_down_065,trajectoryToLearn\world_json\cinematic_db\crane_down\crane_down_065.json,120,1.0500,2.2801,1.2301,1.2305,0.0800,0.2341,0.1541,0.1566,0.8600,1.0582,0.1982,0.2298,1.2555,1.2959,False,1.2397
909,unknown,crane_down_058,trajectoryToLearn\world_json\cinematic_db\crane_down\crane_down_058.json,120,1.0500,2.2547,1.2047,1.2047,0.0800,-0.1997,0.2797,0.3513,0.8600,1.1063,0.2463,0.2463,1.2611,1.4086,False,1.2368
910,unknown,handheld_subtle_090,trajectoryToLearn\world_json\cinematic_db\handheld_subtle\handheld_subtle_090.json,120,1.0500,2.1676,1.1176,1.1176,0.0800,0.6090,0.5290,0.8172,0.8600,1.0024,0.1424,0.2570,1.2446,2.4846,False,1.2364
911,unknown,crane_up_081,trajectoryToLearn\world_json\cinematic_db\crane_up\crane_up_081.json,120,1.0500,2.2798,1.2298,1.2301,0.0800,0.1706,0.0906,0.1651,0.8600,0.5514,0.3086,0.3268,1.2712,1.3322,False,1.2332
912,unknown,handheld_subtle_075,trajectoryToLearn\world_json\cinematic_db\handheld_subtle\handheld_subtle_075.json,120,1.0500,2.2698,1.2198,1.2198,0.0800,-0.0926,0.1726,0.7125,0.8600,0.8727,0.0127,0.0821,1.2320,2.1705,False,1.2319
913,unknown,handheld_subtle_061,trajectoryToLearn\world_json\cinematic_db\handheld_subtle\handheld_subtle_061.json,120,1.0500,2.2373,1.1873,1.1873,0.0800,-0.2380,0.3180,0.8079,0.8600,0.8746,0.0146,0.3551,1.2292,3.0618,False,1.2291
914,unknown,crane_up_051,trajectoryToLearn\world_json\cinematic_db\crane_up\crane_up_051.json,120,1.0500,2.2568,1.2068,1.2068,0.0800,0.2933,0.2133,0.3837,0.8600,0.4121,0.4479,0.4487,1.3048,1.4601,False,1.2255
915,unknown,crane_down_066,trajectoryToLearn\world_json\cinematic_db\crane_down\crane_down_066.json,120,1.0500,2.2742,1.2242,1.2296,0.0800,0.0851,0.0051,0.1755,0.8600,1.0776,0.2176,0.2176,1.2434,1.3961,False,1.2242
916,unknown,handheld_subtle_014,trajectoryToLearn\world_json\cinematic_db\handheld_subtle\handheld_subtle_014.json,120,1.0500,1.7479,0.6979,0.6979,0.0800,1.0800,1.0000,1.6202,0.8600,1.0543,0.1943,0.2838,1.2348,3.2438,False,1.2194
917,unknown,handheld_subtle_027,trajectoryToLearn\world_json\cinematic_db\handheld_subtle\handheld_subtle_027.json,120,1.0500,2.2611,1.2111,1.2111,0.0800,-0.0534,0.1334,0.4741,0.8600,0.7372,0.1228,0.2493,1.2246,2.0633,False,1.2184
918,unknown,handheld_subtle_062,trajectoryToLearn\world_json\cinematic_db\handheld_subtle\handheld_subtle_062.json,120,1.0500,2.2627,1.2127,1.2127,0.0800,0.1376,0.0576,0.1544,0.8600,0.8277,0.0323,0.5160,1.2145,1.9160,False,1.2140
919,unknown,crane_up_007,trajectoryToLearn\world_json\cinematic_db\crane_up\crane_up_007.json,120,1.0500,2.2374,1.1874,1.1901,0.0800,-0.1697,0.2497,0.2675,0.8600,0.5885,0.2715,0.2715,1.2434,1.3001,False,1.2134
920,unknown,handheld_subtle_095,trajectoryToLearn\world_json\cinematic_db\handheld_subtle\handheld_subtle_095.json,120,1.0500,1.9029,0.8529,0.8529,0.0800,0.9430,0.8630,1.6384,0.8600,0.9555,0.0955,0.1894,1.2171,3.7740,False,1.2133
921,unknown,crane_up_099,trajectoryToLearn\world_json\cinematic_db\crane_up\crane_up_099.json,120,1.0500,2.2407,1.1907,1.1912,0.0800,-0.1470,0.2270,0.2270,0.8600,0.4643,0.3957,0.3957,1.2751,1.3542,False,1.2121
922,unknown,handheld_subtle_097,trajectoryToLearn\world_json\cinematic_db\handheld_subtle\handheld_subtle_097.json,120,1.0500,2.2464,1.1964,1.1964,0.0800,0.2109,0.1309,0.6685,0.8600,1.2096,0.3496,0.6841,1.2533,3.1213,False,1.2035
923,unknown,handheld_subtle_020,trajectoryToLearn\world_json\cinematic_db\handheld_subtle\handheld_subtle_020.json,120,1.0500,2.2400,1.1900,1.1900,0.0800,0.1957,0.1157,0.4980,0.8600,0.8224,0.0376,0.3368,1.1962,1.9860,False,1.1956
924,unknown,crane_up_071,trajectoryToLearn\world_json\cinematic_db\crane_up\crane_up_071.json,120,1.0500,2.2427,1.1927,1.1963,0.0800,0.1066,0.0266,0.0783,0.8600,0.3776,0.4824,0.5000,1.2868,1.3418,False,1.1930
925,unknown,crane_up_065,trajectoryToLearn\world_json\cinematic_db\crane_up\crane_up_065.json,120,1.0500,2.2149,1.1649,1.1649,0.0800,0.3297,0.2497,0.3179,0.8600,0.4448,0.4152,0.4321,1.2617,1.3589,False,1.1914
926,unknown,handheld_subtle_010,trajectoryToLearn\world_json\cinematic_db\handheld_subtle\handheld_subtle_010.json,120,1.0500,2.0550,1.0050,1.0050,0.0800,-0.5535,0.6335,1.4737,0.8600,0.7350,0.1250,0.2979,1.1946,3.2680,False,1.1880
927,unknown,handheld_subtle_085,trajectoryToLearn\world_json\cinematic_db\handheld_subtle\handheld_subtle_085.json,120,1.0500,1.7905,0.7405,0.7405,0.0800,-0.8452,0.9252,1.3276,0.8600,0.9904,0.1304,0.2328,1.1922,2.6302,False,1.1850
928,unknown,crane_down_044,trajectoryToLearn\world_json\cinematic_db\crane_down\crane_down_044.json,120,1.0500,2.2322,1.1822,1.1825,0.0800,0.1402,0.0602,0.1690,0.8600,1.2417,0.3817,0.3817,1.2438,1.3235,False,1.1838
929,unknown,crane_up_013,trajectoryToLearn\world_json\cinematic_db\crane_up\crane_up_013.json,120,1.0500,2.2272,1.1772,1.1772,0.0800,0.1681,0.0881,0.0881,0.8600,0.4582,0.4018,0.4018,1.2470,1.2678,False,1.1805
930,unknown,handheld_subtle_035,trajectoryToLearn\world_json\cinematic_db\handheld_subtle\handheld_subtle_035.json,120,1.0500,2.2188,1.1688,1.1688,0.0800,0.0677,0.0123,0.1235,0.8600,0.9152,0.0552,0.1668,1.1702,1.4819,False,1.1689
931,unknown,crane_down_018,trajectoryToLearn\world_json\cinematic_db\crane_down\crane_down_018.json,120,1.0500,2.1737,1.1237,1.1237,0.0800,-0.2336,0.3136,0.3136,0.8600,1.1513,0.2913,0.2921,1.2024,1.2778,False,1.1666
932,unknown,crane_up_063,trajectoryToLearn\world_json\cinematic_db\crane_up\crane_up_063.json,120,1.0500,2.2150,1.1650,1.1650,0.0800,0.1024,0.0224,0.1087,0.8600,0.5762,0.2838,0.2838,1.1993,1.2792,False,1.1652
933,unknown,handheld_subtle_021,trajectoryToLearn\world_json\cinematic_db\handheld_subtle\handheld_subtle_021.json,120,1.0500,2.2149,1.1649,1.1649,0.0800,0.0611,0.0189,0.5644,0.8600,0.8394,0.0206,0.1429,1.1652,2.1476,False,1.1650
934,unknown,handheld_subtle_002,trajectoryToLearn\world_json\cinematic_db\handheld_subtle\handheld_subtle_002.json,120,1.0500,1.6870,0.6370,0.6370,0.0800,1.0436,0.9636,1.1900,0.8600,0.7670,0.0930,0.3127,1.1589,2.6530,False,1.1551
935,unknown,handheld_subtle_008,trajectoryToLearn\world_json\cinematic_db\handheld_subtle\handheld_subtle_008.json,120,1.0500,2.1661,1.1161,1.1161,0.0800,-0.2100,0.2900,0.7596,0.8600,0.9343,0.0743,0.2697,1.1555,2.7890,False,1.1531
936,unknown,crane_up_085,trajectoryToLearn\world_json\cinematic_db\crane_up\crane_up_085.json,120,1.0500,2.1805,1.1305,1.1310,0.0800,-0.0971,0.1771,0.2551,0.8600,0.3600,0.5000,0.5000,1.2488,1.3050,False,1.1443
937,unknown,crane_down_063,trajectoryToLearn\world_json\cinematic_db\crane_down\crane_down_063.json,120,1.0500,2.1938,1.1438,1.1438,0.0800,0.0632,0.0168,0.1611,0.8600,1.3452,0.4852,0.5000,1.2426,1.3303,False,1.1439
938,unknown,crane_down_072,trajectoryToLearn\world_json\cinematic_db\crane_down\crane_down_072.json,120,1.0500,2.1469,1.0969,1.0969,0.0800,0.3970,0.3170,0.3468,0.8600,1.2640,0.4040,0.4040,1.2111,1.2429,False,1.1418
939,unknown,crane_down_056,trajectoryToLearn\world_json\cinematic_db\crane_down\crane_down_056.json,120,1.0500,2.1627,1.1127,1.1130,0.0800,-0.1752,0.2552,0.3256,0.8600,1.3505,0.4905,0.4951,1.2426,1.3946,False,1.1416
940,unknown,crane_up_095,trajectoryToLearn\world_json\cinematic_db\crane_up\crane_up_095.json,120,1.0500,2.1616,1.1116,1.1131,0.0800,-0.1587,0.2387,0.2584,0.8600,0.4665,0.3935,0.3935,1.2031,1.2568,False,1.1369
941,unknown,crane_down_037,trajectoryToLearn\world_json\cinematic_db\crane_down\crane_down_037.json,120,1.0500,2.1665,1.1165,1.1165,0.0800,0.2506,0.1706,0.2331,0.8600,1.3022,0.4422,0.4422,1.2130,1.2804,False,1.1295
942,unknown,handheld_subtle_080,trajectoryToLearn\world_json\cinematic_db\handheld_subtle\handheld_subtle_080.json,120,1.0500,1.9831,0.9331,0.9331,0.0800,0.7111,0.6311,1.1879,0.8600,1.0716,0.2116,0.2964,1.1462,2.9296,False,1.1265
943,unknown,crane_down_050,trajectoryToLearn\world_json\cinematic_db\crane_down\crane_down_050.json,120,1.0500,2.1375,1.0875,1.0875,0.0800,-0.2101,0.2901,0.3257,0.8600,1.3600,0.5000,0.5000,1.2315,1.3039,False,1.1255
944,unknown,crane_up_006,trajectoryToLearn\world_json\cinematic_db\crane_up\crane_up_006.json,120,1.0500,2.1695,1.1195,1.1200,0.0800,-0.0141,0.0941,0.1085,0.8600,0.3646,0.4954,0.4955,1.2279,1.2482,False,1.1235
945,unknown,handheld_subtle_052,trajectoryToLearn\world_json\cinematic_db\handheld_subtle\handheld_subtle_052.json,120,1.0500,2.0959,1.0459,1.0459,0.0800,-0.3296,0.4096,0.8311,0.8600,1.0994,0.2394,0.2793,1.1485,2.8380,False,1.1232
946,unknown,crane_up_040,trajectoryToLearn\world_json\cinematic_db\crane_up\crane_up_040.json,120,1.0500,2.1610,1.1110,1.1146,0.0800,0.2254,0.1454,0.2148,0.8600,0.5834,0.2766,0.2798,1.1541,1.2184,False,1.1205
947,unknown,handheld_subtle_049,trajectoryToLearn\world_json\cinematic_db\handheld_subtle\handheld_subtle_049.json,120,1.0500,2.1589,1.1089,1.1089,0.0800,0.0790,0.0010,0.2701,0.8600,0.6786,0.1814,0.3965,1.1237,1.6144,False,1.1089
948,unknown,crane_down_010,trajectoryToLearn\world_json\cinematic_db\crane_down\crane_down_010.json,120,1.0500,2.1554,1.1054,1.1071,0.0800,0.1586,0.0786,0.1682,0.8600,1.3008,0.4408,0.4447,1.1926,1.2841,False,1.1082
949,unknown,crane_down_025,trajectoryToLearn\world_json\cinematic_db\crane_down\crane_down_025.json,120,1.0500,2.1459,1.0959,1.0959,0.0800,-0.0168,0.0968,0.2931,0.8600,1.0833,0.2233,0.3065,1.1226,1.3835,False,1.1002
950,unknown,handheld_subtle_005,trajectoryToLearn\world_json\cinematic_db\handheld_subtle\handheld_subtle_005.json,120,1.0500,1.6523,0.6023,0.6023,0.0800,-0.8401,0.9201,1.6145,0.8600,1.1261,0.2661,0.2738,1.1314,3.6204,False,1.0997
951,unknown,crane_down_064,trajectoryToLearn\world_json\cinematic_db\crane_down\crane_down_064.json,120,1.0500,2.1467,1.0967,1.0967,0.0800,0.0098,0.0702,0.0999,0.8600,1.3056,0.4456,0.4602,1.1858,1.2383,False,1.0989
952,unknown,handheld_subtle_093,trajectoryToLearn\world_json\cinematic_db\handheld_subtle\handheld_subtle_093.json,120,1.0500,2.0572,1.0072,1.0072,0.0800,-0.3495,0.4295,0.6623,0.8600,0.8419,0.0181,0.0825,1.0951,1.9717,False,1.0949
953,unknown,crane_up_098,trajectoryToLearn\world_json\cinematic_db\crane_up\crane_up_098.json,120,1.0500,2.1117,1.0617,1.0617,0.0800,-0.1669,0.2469,0.2469,0.8600,0.4486,0.4114,0.4114,1.1651,1.2541,False,1.0900
954,unknown,crane_up_086,trajectoryToLearn\world_json\cinematic_db\crane_up\crane_up_086.json,120,1.0500,2.1272,1.0772,1.0772,0.0800,-0.0061,0.0861,0.1198,0.8600,0.4663,0.3937,0.3997,1.1501,1.2721,False,1.0807
955,unknown,crane_down_087,trajectoryToLearn\world_json\cinematic_db\crane_down\crane_down_087.json,120,1.0500,2.0846,1.0346,1.0387,0.0800,0.3854,0.3054,0.3195,0.8600,1.3496,0.4896,0.4902,1.1847,1.2671,False,1.0787
956,unknown,handheld_subtle_088,trajectoryToLearn\world_json\cinematic_db\handheld_subtle\handheld_subtle_088.json,120,1.0500,2.1078,1.0578,1.0578,0.0800,-0.0886,0.1686,0.3744,0.8600,0.9541,0.0941,0.1233,1.0752,1.4289,False,1.0711
957,unknown,handheld_subtle_009,trajectoryToLearn\world_json\cinematic_db\handheld_subtle\handheld_subtle_009.json,120,1.0500,1.6555,0.6055,0.6055,0.0800,-0.8011,0.8811,1.1361,0.8600,0.9177,0.0577,0.1438,1.0706,2.2635,False,1.0691
958,unknown,crane_up_068,trajectoryToLearn\world_json\cinematic_db\crane_up\crane_up_068.json,120,1.0500,2.0970,1.0470,1.0470,0.0800,0.2619,0.1819,0.2382,0.8600,0.4106,0.4494,0.4822,1.1538,1.3156,False,1.0627
959,unknown,crane_down_094,trajectoryToLearn\world_json\cinematic_db\crane_down\crane_down_094.json,120,1.0500,2.1090,1.0590,1.0593,0.0800,0.1538,0.0738,0.1567,0.8600,1.2310,0.3710,0.3958,1.1246,1.2121,False,1.0616
960,unknown,crane_up_019,trajectoryToLearn\world_json\cinematic_db\crane_up\crane_up_019.json,120,1.0500,2.1030,1.0530,1.0601,0.0800,-0.0136,0.0936,0.1845,0.8600,0.5294,0.3306,0.3375,1.1077,1.1972,False,1.0572
961,unknown,crane_up_044,trajectoryToLearn\world_json\cinematic_db\crane_up\crane_up_044.json,120,1.0500,2.0850,1.0350,1.0367,0.0800,-0.1296,0.2096,0.2096,0.8600,0.4160,0.4440,0.4440,1.1456,1.2031,False,1.0560
962,unknown,handheld_subtle_070,trajectoryToLearn\world_json\cinematic_db\handheld_subtle\handheld_subtle_070.json,120,1.0500,2.0842,1.0342,1.0342,0.0800,-0.1319,0.2119,0.8627,0.8600,1.0810,0.2210,0.3001,1.0786,2.9202,False,1.0557
963,unknown,handheld_subtle_044,trajectoryToLearn\world_json\cinematic_db\handheld_subtle\handheld_subtle_044.json,120,1.0500,2.0956,1.0456,1.0456,0.0800,0.1815,0.1015,0.8797,0.8600,0.9910,0.1310,0.1550,1.0587,2.8011,False,1.0505
964,unknown,crane_down_029,trajectoryToLearn\world_json\cinematic_db\crane_down\crane_down_029.json,120,1.0500,2.0958,1.0458,1.0463,0.0800,0.1319,0.0519,0.1213,0.8600,1.1860,0.3260,0.3260,1.0967,1.2063,False,1.0471
965,unknown,crane_down_067,trajectoryToLearn\world_json\cinematic_db\crane_down\crane_down_067.json,120,1.0500,2.0745,1.0245,1.0245,0.0800,-0.1096,0.1896,0.1896,0.8600,1.0877,0.2277,0.2277,1.0664,1.1241,False,1.0419
966,unknown,crane_down_073,trajectoryToLearn\world_json\cinematic_db\crane_down\crane_down_073.json,120,1.0500,2.0632,1.0132,1.0134,0.0800,0.3009,0.2209,0.2209,0.8600,1.3169,0.4569,0.4569,1.1332,1.1809,False,1.0370
967,unknown,crane_down_013,trajectoryToLearn\world_json\cinematic_db\crane_down\crane_down_013.json,120,1.0500,2.0841,1.0341,1.0341,0.0800,0.0642,0.0158,0.1350,0.8600,1.0862,0.2262,0.2352,1.0587,1.1156,False,1.0343
968,unknown,handheld_subtle_057,trajectoryToLearn\world_json\cinematic_db\handheld_subtle\handheld_subtle_057.json,120,1.0500,2.0817,1.0317,1.0317,0.0800,0.0192,0.0608,0.3669,0.8600,1.2066,0.3466,0.4154,1.0901,1.8106,False,1.0335
969,unknown,handheld_subtle_089,trajectoryToLearn\world_json\cinematic_db\handheld_subtle\handheld_subtle_089.json,120,1.0500,2.0644,1.0144,1.0144,0.0800,-0.0868,0.1668,0.4987,0.8600,1.1591,0.2991,0.3346,1.0706,2.1567,False,1.0280
970,unknown,crane_down_012,trajectoryToLearn\world_json\cinematic_db\crane_down\crane_down_012.json,120,1.0500,2.0456,0.9956,0.9956,0.0800,-0.1717,0.2517,0.3258,0.8600,1.2015,0.3415,0.3415,1.0822,1.1505,False,1.0270
971,unknown,handheld_subtle_055,trajectoryToLearn\world_json\cinematic_db\handheld_subtle\handheld_subtle_055.json,120,1.0500,2.0769,1.0269,1.0269,0.0800,0.0881,0.0081,0.4393,0.8600,0.8154,0.0446,0.1989,1.0279,1.8907,False,1.0269
972,unknown,handheld_subtle_045,trajectoryToLearn\world_json\cinematic_db\handheld_subtle\handheld_subtle_045.json,120,1.0500,2.0706,1.0206,1.0206,0.0800,0.1877,0.1077,0.9636,0.8600,1.2475,0.3875,0.4308,1.0969,3.0671,False,1.0262
973,unknown,crane_down_017,trajectoryToLearn\world_json\cinematic_db\crane_down\crane_down_017.json,120,1.0500,2.0721,1.0221,1.0227,0.0800,0.0170,0.0630,0.1774,0.8600,1.3456,0.4856,0.4856,1.1333,1.2006,False,1.0240
974,unknown,handheld_subtle_017,trajectoryToLearn\world_json\cinematic_db\handheld_subtle\handheld_subtle_017.json,120,1.0500,2.0736,1.0236,1.0236,0.0800,0.0985,0.0185,0.5108,0.8600,0.9080,0.0480,0.3311,1.0249,2.0020,False,1.0238
975,unknown,crane_down_078,trajectoryToLearn\world_json\cinematic_db\crane_down\crane_down_078.json,120,1.0500,2.0512,1.0012,1.0012,0.0800,-0.1175,0.1975,0.2343,0.8600,1.3153,0.4553,0.4570,1.1175,1.1468,False,1.0205
976,unknown,crane_up_014,trajectoryToLearn\world_json\cinematic_db\crane_up\crane_up_014.json,120,1.0500,2.0564,1.0064,1.0064,0.0800,0.2187,0.1387,0.2089,0.8600,0.3849,0.4751,0.4792,1.1215,1.1874,False,1.0159
977,unknown,handheld_subtle_037,trajectoryToLearn\world_json\cinematic_db\handheld_subtle\handheld_subtle_037.json,120,1.0500,2.0496,0.9996,0.9996,0.0800,0.2606,0.1806,0.3675,0.8600,0.6783,0.1817,0.3536,1.0319,1.5412,False,1.0158
978,unknown,crane_down_039,trajectoryToLearn\world_json\cinematic_db\crane_down\crane_down_039.json,120,1.0500,1.9678,0.9178,0.9178,0.0800,0.5142,0.4342,0.4487,0.8600,1.3117,0.4517,0.4716,1.1113,1.1744,False,1.0153
979,unknown,crane_up_092,trajectoryToLearn\world_json\cinematic_db\crane_up\crane_up_092.json,120,1.0500,2.0599,1.0099,1.0131,0.0800,0.0038,0.0762,0.1431,0.8600,0.3600,0.5000,0.5000,1.1295,1.2520,False,1.0128
980,unknown,crane_up_036,trajectoryToLearn\world_json\cinematic_db\crane_up\crane_up_036.json,120,1.0500,2.0570,1.0070,1.0071,0.0800,0.0235,0.0565,0.1555,0.8600,0.4389,0.4211,0.4211,1.0930,1.2429,False,1.0086
981,unknown,crane_up_076,trajectoryToLearn\world_json\cinematic_db\crane_up\crane_up_076.json,120,1.0500,2.0583,1.0083,1.0083,0.0800,0.0691,0.0109,0.1076,0.8600,0.5518,0.3082,0.3082,1.0544,1.1280,False,1.0084
982,unknown,crane_down_019,trajectoryToLearn\world_json\cinematic_db\crane_down\crane_down_019.json,120,1.0500,1.9716,0.9216,0.9216,0.0800,-0.3255,0.4055,0.4125,0.8600,1.2965,0.4365,0.4365,1.0974,1.1686,False,1.0069
983,unknown,crane_down_000,trajectoryToLearn\world_json\cinematic_db\crane_down\crane_down_000.json,120,1.0500,1.9909,0.9409,0.9469,0.0800,0.4034,0.3234,0.3303,0.8600,1.2594,0.3994,0.3994,1.0721,1.1171,False,0.9949
984,unknown,handheld_subtle_067,trajectoryToLearn\world_json\cinematic_db\handheld_subtle\handheld_subtle_067.json,120,1.0500,2.0344,0.9844,0.9844,0.0800,0.1542,0.0742,0.4001,0.8600,1.0118,0.1518,0.1585,0.9988,2.0851,False,0.9872
985,unknown,crane_up_072,trajectoryToLearn\world_json\cinematic_db\crane_up\crane_up_072.json,120,1.0500,2.0169,0.9669,0.9669,0.0800,0.2686,0.1886,0.1886,0.8600,0.4362,0.4238,0.4238,1.0724,1.1198,False,0.9851
986,unknown,crane_down_045,trajectoryToLearn\world_json\cinematic_db\crane_down\crane_down_045.json,120,1.0500,1.9728,0.9228,0.9238,0.0800,-0.2200,0.3000,0.3000,0.8600,1.1880,0.3280,0.4072,1.0243,1.1985,False,0.9703
987,unknown,crane_up_091,trajectoryToLearn\world_json\cinematic_db\crane_up\crane_up_091.json,120,1.0500,1.9936,0.9436,0.9436,0.0800,-0.1367,0.2167,0.2727,0.8600,0.5406,0.3194,0.3199,1.0195,1.0920,False,0.9682
988,unknown,crane_down_023,trajectoryToLearn\world_json\cinematic_db\crane_down\crane_down_023.json,120,1.0500,2.0008,0.9508,0.9508,0.0800,0.2054,0.1254,0.1260,0.8600,1.3189,0.4589,0.4595,1.0632,1.1045,False,0.9590
989,unknown,handheld_subtle_022,trajectoryToLearn\world_json\cinematic_db\handheld_subtle\handheld_subtle_022.json,120,1.0500,1.7453,0.6953,0.6953,0.0800,-0.5788,0.6588,1.1814,0.8600,0.7392,0.1208,0.2160,0.9654,2.3543,False,0.9578
990,unknown,handheld_subtle_030,trajectoryToLearn\world_json\cinematic_db\handheld_subtle\handheld_subtle_030.json,120,1.0500,1.7188,0.6688,0.6688,0.0800,-0.6016,0.6816,1.3788,0.8600,0.9394,0.0794,0.1732,0.9582,3.1428,False,0.9549
991,unknown,crane_down_027,trajectoryToLearn\world_json\cinematic_db\crane_down\crane_down_027.json,120,1.0500,1.9979,0.9479,0.9501,0.0800,-0.0038,0.0838,0.1263,0.8600,1.1436,0.2836,0.2836,0.9929,1.0677,False,0.9516
992,unknown,handheld_subtle_033,trajectoryToLearn\world_json\cinematic_db\handheld_subtle\handheld_subtle_033.json,120,1.0500,1.9942,0.9442,0.9442,0.0800,0.1070,0.0270,0.5417,0.8600,0.5662,0.2938,0.5757,0.9892,2.3653,False,0.9446
993,unknown,handheld_subtle_094,trajectoryToLearn\world_json\cinematic_db\handheld_subtle\handheld_subtle_094.json,120,1.0500,1.9658,0.9158,0.9158,0.0800,0.3060,0.2260,0.4334,0.8600,0.7928,0.0672,0.3073,0.9457,2.0460,False,0.9433
994,unknown,handheld_subtle_073,trajectoryToLearn\world_json\cinematic_db\handheld_subtle\handheld_subtle_073.json,120,1.0500,1.9485,0.8985,0.8985,0.0800,0.3529,0.2729,0.6811,0.8600,1.1081,0.2481,0.3089,0.9712,1.7491,False,0.9390
995,unknown,handheld_subtle_063,trajectoryToLearn\world_json\cinematic_db\handheld_subtle\handheld_subtle_063.json,120,1.0500,1.8902,0.8402,0.8402,0.0800,0.4896,0.4096,0.6858,0.8600,0.7260,0.1340,0.3524,0.9442,2.3010,False,0.9347
996,unknown,handheld_subtle_066,trajectoryToLearn\world_json\cinematic_db\handheld_subtle\handheld_subtle_066.json,120,1.0500,1.9678,0.9178,0.9178,0.0800,0.0303,0.0497,1.4483,0.8600,1.0056,0.1456,0.5834,0.9306,4.2964,False,0.9191
997,scene_2,round_traj_9,trajectoryToLearn\world_json\scene_2\round_traj_9.json,300,0.4609,-0.4500,0.9109,4.5000,-0.9200,-0.9200,0.0000,2.0000,0.8600,0.8600,0.0000,0.4000,0.9109,10.2869,False,0.9109
998,unknown,handheld_subtle_048,trajectoryToLearn\world_json\cinematic_db\handheld_subtle\handheld_subtle_048.json,120,1.0500,1.9557,0.9057,0.9057,0.0800,-0.0080,0.0880,0.5466,0.8600,0.8065,0.0535,0.2519,0.9115,2.3575,False,0.9099
999,unknown,handheld_subtle_042,trajectoryToLearn\world_json\cinematic_db\handheld_subtle\handheld_subtle_042.json,120,1.0500,1.9373,0.8873,0.8873,0.0800,-0.1190,0.1990,0.3771,0.8600,1.0845,0.2245,0.2508,0.9366,1.7604,False,0.9093
1000,unknown,crane_down_031,trajectoryToLearn\world_json\cinematic_db\crane_down\crane_down_031.json,120,1.0500,1.8934,0.8434,0.8434,0.0800,-0.2555,0.3355,0.3355,0.8600,1.1811,0.3211,0.3211,0.9628,1.0104,False,0.9077
1001,unknown,handheld_subtle_023,trajectoryToLearn\world_json\cinematic_db\handheld_subtle\handheld_subtle_023.json,120,1.0500,1.7819,0.7319,0.7319,0.0800,0.6057,0.5257,0.9907,0.8600,0.7200,0.1400,0.3394,0.9120,2.3735,False,0.9012
1002,unknown,handheld_subtle_038,trajectoryToLearn\world_json\cinematic_db\handheld_subtle\handheld_subtle_038.json,120,1.0500,1.6853,0.6353,0.6353,0.0800,-0.5488,0.6288,0.7555,0.8600,1.2813,0.4213,0.5213,0.9882,2.2184,False,0.8939
1003,unknown,handheld_subtle_026,trajectoryToLearn\world_json\cinematic_db\handheld_subtle\handheld_subtle_026.json,120,1.0500,1.9281,0.8781,0.8781,0.0800,0.2422,0.1622,0.5525,0.8600,1.1857,0.3257,0.4883,0.9505,2.3185,False,0.8930
1004,unknown,handheld_subtle_096,trajectoryToLearn\world_json\cinematic_db\handheld_subtle\handheld_subtle_096.json,120,1.0500,1.9154,0.8654,0.8654,0.0800,-0.0944,0.1744,0.9336,0.8600,1.1151,0.2551,0.4371,0.9189,3.2983,False,0.8828
1005,unknown,crane_down_097,trajectoryToLearn\world_json\cinematic_db\crane_down\crane_down_097.json,120,1.0500,1.9209,0.8709,0.8719,0.0800,0.1740,0.0940,0.0970,0.8600,1.1962,0.3362,0.3362,0.9383,0.9739,False,0.8760
1006,unknown,crane_down_093,trajectoryToLearn\world_json\cinematic_db\crane_down\crane_down_093.json,120,1.0500,1.9238,0.8738,0.8740,0.0800,0.1144,0.0344,0.2544,0.8600,1.2051,0.3451,0.3479,0.9401,1.1595,False,0.8744
1007,unknown,crane_down_016,trajectoryToLearn\world_json\cinematic_db\crane_down\crane_down_016.json,120,1.0500,1.9153,0.8653,0.8671,0.0800,0.1476,0.0676,0.1187,0.8600,1.0723,0.2123,0.2544,0.8935,0.9765,False,0.8680
1008,unknown,handheld_subtle_099,trajectoryToLearn\world_json\cinematic_db\handheld_subtle\handheld_subtle_099.json,120,1.0500,1.7455,0.6955,0.6955,0.0800,-0.4388,0.5188,0.7757,0.8600,0.7426,0.1174,0.3780,0.8755,2.2535,False,0.8676
1009,unknown,handheld_subtle_003,trajectoryToLearn\world_json\cinematic_db\handheld_subtle\handheld_subtle_003.json,120,1.0500,1.8913,0.8413,0.8413,0.0800,-0.1257,0.2057,0.3421,0.8600,1.0389,0.1789,0.3201,0.8844,1.6605,False,0.8661
1010,unknown,handheld_subtle_087,trajectoryToLearn\world_json\cinematic_db\handheld_subtle\handheld_subtle_087.json,120,1.0500,1.9105,0.8605,0.8605,0.0800,0.0591,0.0209,0.5951,0.8600,1.0442,0.1842,0.5397,0.8803,2.6375,False,0.8608
1011,unknown,handheld_subtle_032,trajectoryToLearn\world_json\cinematic_db\handheld_subtle\handheld_subtle_032.json,120,1.0500,1.8861,0.8361,0.8361,0.0800,-0.1156,0.1956,0.4213,0.8600,1.0101,0.1501,0.3527,0.8717,1.5891,False,0.8587
1012,unknown,handheld_subtle_040,trajectoryToLearn\world_json\cinematic_db\handheld_subtle\handheld_subtle_040.json,120,1.0500,1.9072,0.8572,0.8572,0.0800,0.0331,0.0469,0.7120,0.8600,0.3998,0.4602,0.8016,0.9740,2.7569,False,0.8584
1013,unknown,handheld_subtle_024,trajectoryToLearn\world_json\cinematic_db\handheld_subtle\handheld_subtle_024.json,120,1.0500,1.6865,0.6365,0.6365,0.0800,0.6560,0.5760,1.0375,0.8600,1.1441,0.2841,0.3447,0.9042,2.3957,False,0.8584
1014,unknown,handheld_subtle_018,trajectoryToLearn\world_json\cinematic_db\handheld_subtle\handheld_subtle_018.json,120,1.0500,1.8973,0.8473,0.8473,0.0800,0.0507,0.0293,0.3615,0.8600,0.8858,0.0258,0.6287,0.8482,2.3520,False,0.8478
1015,unknown,handheld_subtle_046,trajectoryToLearn\world_json\cinematic_db\handheld_subtle\handheld_subtle_046.json,120,1.0500,1.7304,0.6804,0.6804,0.0800,0.5743,0.4943,1.1716,0.8600,0.5286,0.3314,0.6507,0.9039,3.4991,False,0.8410
1016,unknown,handheld_subtle_041,trajectoryToLearn\world_json\cinematic_db\handheld_subtle\handheld_subtle_041.json,120,1.0500,1.8678,0.8178,0.8178,0.0800,-0.0849,0.1649,0.3302,0.8600,0.7529,0.1071,0.2521,0.8411,1.5069,False,0.8343
1017,unknown,handheld_subtle_029,trajectoryToLearn\world_json\cinematic_db\handheld_subtle\handheld_subtle_029.json,120,1.0500,1.8563,0.8063,0.8063,0.0800,-0.1269,0.2069,0.7767,0.8600,0.7713,0.0887,0.4983,0.8372,2.6912,False,0.8325
1018,unknown,handheld_subtle_071,trajectoryToLearn\world_json\cinematic_db\handheld_subtle\handheld_subtle_071.json,120,1.0500,1.7136,0.6636,0.6636,0.0800,0.5514,0.4714,1.0909,0.8600,0.8396,0.0204,0.1653,0.8143,2.7258,False,0.8141
1019,unknown,handheld_subtle_083,trajectoryToLearn\world_json\cinematic_db\handheld_subtle\handheld_subtle_083.json,120,1.0500,1.8565,0.8065,0.8065,0.0800,0.1825,0.1025,0.5085,0.8600,1.1214,0.2614,0.2816,0.8540,1.7188,False,0.8130
1020,unknown,handheld_subtle_043,trajectoryToLearn\world_json\cinematic_db\handheld_subtle\handheld_subtle_043.json,120,1.0500,1.7988,0.7488,0.7488,0.0800,0.3800,0.3000,0.7115,0.8600,0.8310,0.0290,0.0698,0.8072,1.6731,False,0.8066
1021,unknown,handheld_subtle_012,trajectoryToLearn\world_json\cinematic_db\handheld_subtle\handheld_subtle_012.json,120,1.0500,1.7252,0.6752,0.6752,0.0800,0.5146,0.4346,0.5764,0.8600,0.9872,0.1272,0.1945,0.8130,1.8407,False,0.8030
1022,unknown,handheld_subtle_004,trajectoryToLearn\world_json\cinematic_db\handheld_subtle\handheld_subtle_004.json,120,1.0500,1.8301,0.7801,0.7801,0.0800,-0.0557,0.1357,0.3047,0.8600,1.3400,0.4800,0.6359,0.9260,1.5876,False,0.7919
1023,unknown,handheld_subtle_006,trajectoryToLearn\world_json\cinematic_db\handheld_subtle\handheld_subtle_006.json,120,1.0500,1.8370,0.7870,0.7870,0.0800,-0.0009,0.0809,0.3804,0.8600,0.9727,0.1127,0.2141,0.7992,1.6041,False,0.7912
1024,unknown,handheld_subtle_074,trajectoryToLearn\world_json\cinematic_db\handheld_subtle\handheld_subtle_074.json,120,1.0500,1.8359,0.7859,0.7859,0.0800,0.0128,0.0672,0.8450,0.8600,0.7053,0.1547,0.2787,0.8038,2.7783,False,0.7888
1025,unknown,handheld_subtle_069,trajectoryToLearn\world_json\cinematic_db\handheld_subtle\handheld_subtle_069.json,120,1.0500,1.8031,0.7531,0.7531,0.0800,-0.1470,0.2270,1.3409,0.8600,0.8698,0.0098,0.1265,0.7867,3.6765,False,0.7866
1026,unknown,handheld_subtle_078,trajectoryToLearn\world_json\cinematic_db\handheld_subtle\handheld_subtle_078.json,120,1.0500,1.8305,0.7805,0.7805,0.0800,0.0379,0.0421,0.6068,0.8600,1.0758,0.2158,0.4182,0.8109,1.9970,False,0.7816
1027,unknown,handheld_subtle_072,trajectoryToLearn\world_json\cinematic_db\handheld_subtle\handheld_subtle_072.json,120,1.0500,1.8190,0.7690,0.7690,0.0800,-0.0259,0.1059,1.3591,0.8600,0.5643,0.2957,0.3761,0.8307,3.6597,False,0.7762
1028,unknown,handheld_subtle_054,trajectoryToLearn\world_json\cinematic_db\handheld_subtle\handheld_subtle_054.json,120,1.0500,1.8120,0.7620,0.7620,0.0800,-0.0131,0.0931,1.2375,0.8600,0.7963,0.0637,0.3277,0.7703,3.7026,False,0.7677
1029,unknown,handheld_subtle_092,trajectoryToLearn\world_json\cinematic_db\handheld_subtle\handheld_subtle_092.json,120,1.0500,1.7334,0.6834,0.6834,0.0800,-0.2488,0.3288,0.6077,0.8600,0.8316,0.0284,0.2236,0.7590,2.2692,False,0.7584
1030,unknown,handheld_subtle_025,trajectoryToLearn\world_json\cinematic_db\handheld_subtle\handheld_subtle_025.json,120,1.0500,1.8031,0.7531,0.7531,0.0800,0.0289,0.0511,0.5800,0.8600,0.9046,0.0446,0.1117,0.7562,1.9784,False,0.7549
1031,unknown,handheld_subtle_058,trajectoryToLearn\world_json\cinematic_db\handheld_subtle\handheld_subtle_058.json,120,1.0500,1.7526,0.7026,0.7026,0.0800,-0.1387,0.2187,0.5591,0.8600,1.1111,0.2511,0.2969,0.7775,1.8476,False,0.7359
1032,unknown,handheld_subtle_084,trajectoryToLearn\world_json\cinematic_db\handheld_subtle\handheld_subtle_084.json,120,1.0500,1.7421,0.6921,0.6921,0.0800,0.2955,0.2155,0.6774,0.8600,1.0223,0.1623,0.3153,0.7428,2.5435,False,0.7249
1033,unknown,handheld_subtle_098,trajectoryToLearn\world_json\cinematic_db\handheld_subtle\handheld_subtle_098.json,120,1.0500,1.7366,0.6866,0.6866,0.0800,-0.0790,0.1590,0.2496,0.8600,0.5993,0.2607,0.4470,0.7514,1.3398,False,0.7047
1034,unknown,handheld_subtle_053,trajectoryToLearn\world_json\cinematic_db\handheld_subtle\handheld_subtle_053.json,120,1.0500,1.7347,0.6847,0.6847,0.0800,0.0295,0.0505,0.4572,0.8600,0.7851,0.0749,0.4569,0.6906,1.7751,False,0.6865
1035,unknown,handheld_subtle_086,trajectoryToLearn\world_json\cinematic_db\handheld_subtle\handheld_subtle_086.json,120,1.0500,1.7024,0.6524,0.6524,0.0800,-0.0284,0.1084,1.3583,0.8600,0.9955,0.1355,0.1596,0.6751,3.3892,False,0.6613
1036,unknown,handheld_subtle_051,trajectoryToLearn\world_json\cinematic_db\handheld_subtle\handheld_subtle_051.json,120,1.0500,1.6814,0.6314,0.6314,0.0800,-0.0918,0.1718,0.2870,0.8600,0.9732,0.1132,0.2769,0.6640,1.5704,False,0.6543
1037,scene_2,round_traj_6,trajectoryToLearn\world_json\scene_2\round_traj_6.json,300,-0.4500,-0.3639,0.0861,4.5000,-0.9200,-0.9200,0.0000,2.0000,0.8600,0.8600,0.0000,0.4000,0.0861,11.4483,False,0.0861
