[INFO][AppLauncher]: Using device: cuda:0
[INFO][AppLauncher]: Loading experience file: G:\isaaclab\apps\isaaclab.python.headless.kit
Loading user config located at: 'g:/isaaclab_venv/lib/site-packages/isaacsim/kit/data/Kit/Isaac-Sim/5.1/user.config.json'
[Info] [carb] Logging to file: g:/isaaclab_venv/lib/site-packages/isaacsim/kit/logs/Kit/Isaac-Sim/5.1/kit_20260724_161720.log
2026-07-24T08:17:20Z [10ms] [Warning] [carb.crashreporter-breakpad.plugin] [previous crash] preventing upload of minidump due to user opt-out: 'g:/isaaclab_venv/lib/site-packages/isaacsim/kit/data/Kit/Isaac-Sim/5.1\1269a513-535a-442b-bfb0-741c91d1c4f8.dmp'
2026-07-24T08:17:20Z [10ms] [Warning] [carb.crashreporter-breakpad.plugin] [previous crash] preventing upload of minidump due to user opt-out: 'g:/isaaclab_venv/lib/site-packages/isaacsim/kit/data/Kit/Isaac-Sim/5.1\90d2046d-22fd-41a8-b8ff-9028612bc852.dmp'
2026-07-24T08:17:20Z [12ms] [Warning] [carb.crashreporter-breakpad.plugin] Failed to parse toml file 'g:/isaaclab_venv/lib/site-packages/isaacsim/kit/data/Kit/Isaac-Sim/5.1/ed0d94f8-ee83-4953-89f9-ebecb019c477.dmp.toml': g:/isaaclab_venv/lib/site-packages/isaacsim/kit/data/Kit/Isaac-Sim/5.1/ed0d94f8-ee83-4953-89f9-ebecb019c477.dmp.toml could not be opened for parsing
2026-07-24T08:17:20Z [12ms] [Warning] [carb.crashreporter-breakpad.plugin] [previous crash] preventing upload of minidump due to user opt-out: 'g:/isaaclab_venv/lib/site-packages/isaacsim/kit/data/Kit/Isaac-Sim/5.1/ed0d94f8-ee83-4953-89f9-ebecb019c477.dmp'
2026-07-24T08:17:20Z [13ms] [Warning] [carb.crashreporter-breakpad.plugin] [previous crash] preventing upload of minidump due to user opt-out: 'g:/isaaclab_venv/lib/site-packages/isaacsim/kit/data/Kit/Isaac-Sim/5.1\3e00c9ff-6ef7-47b9-a825-bb9e8dec7992.dmp'
2026-07-24T08:17:20Z [13ms] [Warning] [carb.crashreporter-breakpad.plugin] [previous crash] preventing upload of minidump due to user opt-out: 'g:/isaaclab_venv/lib/site-packages/isaacsim/kit/data/Kit/Isaac-Sim/5.1\70c3b708-7114-498c-84f0-04cece1bdc9e.dmp'
2026-07-24T08:17:20Z [14ms] [Warning] [carb.crashreporter-breakpad.plugin] [previous crash] preventing upload of minidump due to user opt-out: 'g:/isaaclab_venv/lib/site-packages/isaacsim/kit/data/Kit/Isaac-Sim/5.1\cefa6c8f-e38e-4cef-9e0b-1df9b85789ed.dmp'
2026-07-24T08:17:20Z [15ms] [Warning] [carb.crashreporter-breakpad.plugin] [previous crash] preventing upload of minidump due to user opt-out: 'g:/isaaclab_venv/lib/site-packages/isaacsim/kit/data/Kit/Isaac-Sim/5.1\d06536b2-4761-4518-b704-044cc011d8f5.dmp'
2026-07-24T08:17:20Z [16ms] [Warning] [carb.crashreporter-breakpad.plugin] [previous crash] preventing upload of minidump due to user opt-out: 'g:/isaaclab_venv/lib/site-packages/isaacsim/kit/data/Kit/Isaac-Sim/5.1\b54ab213-beee-44c1-8d64-5b3124ac339b.dmp'
2026-07-24T08:17:20Z [16ms] [Warning] [carb.crashreporter-breakpad.plugin] [previous crash] preventing upload of minidump due to user opt-out: 'g:/isaaclab_venv/lib/site-packages/isaacsim/kit/data/Kit/Isaac-Sim/5.1\21e70584-c2dd-4ce7-8a27-d6cac48a92f4.dmp'
2026-07-24T08:17:20Z [17ms] [Warning] [carb.crashreporter-breakpad.plugin] [previous crash] preventing upload of minidump due to user opt-out: 'g:/isaaclab_venv/lib/site-packages/isaacsim/kit/data/Kit/Isaac-Sim/5.1\3a2e94af-473e-456e-b5f1-b73b4e583cbd.dmp'
2026-07-24T08:17:20Z [18ms] [Warning] [carb.crashreporter-breakpad.plugin] [previous crash] preventing upload of minidump due to user opt-out: 'g:/isaaclab_venv/lib/site-packages/isaacsim/kit/data/Kit/Isaac-Sim/5.1\f53d122e-401a-43fe-9675-cac6adf12ef4.dmp'
2026-07-24T08:17:20Z [19ms] [Warning] [carb.crashreporter-breakpad.plugin] [previous crash] preventing upload of minidump due to user opt-out: 'g:/isaaclab_venv/lib/site-packages/isaacsim/kit/data/Kit/Isaac-Sim/5.1\ed45d331-18cd-44a4-b443-b8dc4d5f6039.dmp'
2026-07-24T08:17:20Z [19ms] [Warning] [carb.crashreporter-breakpad.plugin] [previous crash] preventing upload of minidump due to user opt-out: 'g:/isaaclab_venv/lib/site-packages/isaacsim/kit/data/Kit/Isaac-Sim/5.1\cdbf85e2-5b31-489d-a1c2-b7c0b23bb0eb.dmp'
2026-07-24T08:17:20Z [20ms] [Warning] [carb.crashreporter-breakpad.plugin] [previous crash] preventing upload of minidump due to user opt-out: 'g:/isaaclab_venv/lib/site-packages/isaacsim/kit/data/Kit/Isaac-Sim/5.1\f756d87c-9d1f-425f-84db-c7c7ef2095ab.dmp'
2026-07-24T08:17:20Z [21ms] [Warning] [carb.crashreporter-breakpad.plugin] [previous crash] preventing upload of minidump due to user opt-out: 'g:/isaaclab_venv/lib/site-packages/isaacsim/kit/data/Kit/Isaac-Sim/5.1\64d2073b-efa0-4990-9700-dd7dabf80c56.dmp'
2026-07-24T08:17:20Z [243ms] [Warning] [omni.usd_config.extension] Enable omni.materialx.libs extension to use MaterialX
2026-07-24T08:17:21Z [705ms] [Warning] [carb] Acquiring non optional plugin interface which is not listed as dependency: [omni::physx::IPhysxBenchmarks v1.0] (plugin: <default plugin>), by client: omni.physics.physx.plugin. Add it to CARB_PLUGIN_IMPL_DEPS() macro of a client.
2026-07-24T08:17:21Z [718ms] [Warning] [omni.isaac.dynamic_control] omni.isaac.dynamic_control is deprecated as of Isaac Sim 4.5. No action is needed from end-users.
2026-07-24T08:17:24Z [3,976ms] [Warning] [gpu.foundation.plugin] Skipping unsupported non-NVIDIA GPU: Intel(R) Graphics
2026-07-24T08:17:24Z [3,976ms] [Warning] [gpu.foundation.plugin] Skipping unsupported non-NVIDIA GPU: Intel(R) Graphics

|---------------------------------------------------------------------------------------------|
| Driver Version: 595.95        | Graphics API: D3D12
|=============================================================================================|
| GPU | Name                             | Active | LDA | GPU Memory | Vendor-ID | LUID       |
|     |                                  |        |     |            | Device-ID | UUID       |
|     |                                  |        |     |            | Bus-ID    |            |
|---------------------------------------------------------------------------------------------|
| 0   | NVIDIA RTX PRO 4000 Blackwell    | Yes: 0 |     | 24161   MB | 10de      | 4f140100.. |
|     |                                  |        |     |            | 2c34      | 0          |
|     |                                  |        |     |            | 2         |            |
|---------------------------------------------------------------------------------------------|
| 1   | Intel(R) Graphics                |        |     | 128     MB | 8086      | b9100100.. |
|     |                                  |        |     |            | 7d67      | 0          |
|     |                                  |        |     |            | N/A       |            |
|=============================================================================================|
| OS: Windows 11 Pro, Version: 10.0 (25H2), Build: 26200, Kernel: 10.0.26100.8875
| Processor: Intel(R) Core(TM) Ultra 7 265
| Cores: 20 | Logical Cores: 20
|---------------------------------------------------------------------------------------------|
| Total Memory (MB): 32210 | Free Memory: 6158
| Total Page/Swap (MB): 73170 | Free Page/Swap: 7210
|---------------------------------------------------------------------------------------------|
[task_spec] Registered Isaac Lab task: MobileMMTrackEE-v0
[task_spec] Registered Isaac Lab task: RecomoProto2TrackEE-v0
[task_spec] Registered Isaac Lab task: RecomoProto1TrackEE-v0
[task_spec] Registered Isaac Lab task: RecomoTwoWheelBalance-v0

[36m===================================================================================================================[0m
[36m[1m[INFO][IsaacLab]: Logging to file: C:\Users\yanbo\AppData\Local\Temp\isaaclab\logs\isaaclab_2026-07-24_16-17-25.log[0m
[36m===================================================================================================================[0m

[33m16:17:25 [simulation_context.py] WARNING: The `enable_external_forces_every_iteration` parameter in the PhysxCfg is set to False. If you are experiencing noisy velocities, consider enabling this flag. You may need to slightly increase the number of velocity iterations (setting it to 1 or 2 rather than 0), together with this flag, to improve the accuracy of velocity updates.[0m
[INFO]: Base environment:
	Environment device    : cuda:0
	Environment seed      : 20260716
	Physics step-size     : 0.001
	Rendering step-size   : 0.005
	Environment step-size : 0.005
[INFO]: Time taken for scene creation : 1.479402 seconds
[INFO]: Scene manager:  <class InteractiveScene>
	Number of environments: 1
	Environment spacing   : 2.0
	Source prim name      : /World/envs/env_0
	Global prim paths     : []
	Replicate physics     : True
[INFO]: Starting the simulation. This may take a few seconds. Please wait...
[INFO]: Time taken for simulation start : 0.730136 seconds
[INFO]: Completed setting up the environment...
[33m16:17:27 [articulation.py] WARNING: The function 'set_external_force_and_torque' will be deprecated in a future release. Please use 'permanent_wrench_composer.set_forces_and_torques' instead.[0m
[33m16:17:33 [articulation.py] WARNING: The function 'set_external_force_and_torque' will be deprecated in a future release. Please use 'permanent_wrench_composer.set_forces_and_torques' instead.[0m
[33m16:17:38 [articulation.py] WARNING: The function 'set_external_force_and_torque' will be deprecated in a future release. Please use 'permanent_wrench_composer.set_forces_and_torques' instead.[0m
[33m16:17:43 [articulation.py] WARNING: The function 'set_external_force_and_torque' will be deprecated in a future release. Please use 'permanent_wrench_composer.set_forces_and_torques' instead.[0m
[33m16:17:48 [articulation.py] WARNING: The function 'set_external_force_and_torque' will be deprecated in a future release. Please use 'permanent_wrench_composer.set_forces_and_torques' instead.[0m
[33m16:17:53 [articulation.py] WARNING: The function 'set_external_force_and_torque' will be deprecated in a future release. Please use 'permanent_wrench_composer.set_forces_and_torques' instead.[0m
[33m16:17:58 [articulation.py] WARNING: The function 'set_external_force_and_torque' will be deprecated in a future release. Please use 'permanent_wrench_composer.set_forces_and_torques' instead.[0m
[33m16:18:03 [articulation.py] WARNING: The function 'set_external_force_and_torque' will be deprecated in a future release. Please use 'permanent_wrench_composer.set_forces_and_torques' instead.[0m
[33m16:18:08 [articulation.py] WARNING: The function 'set_external_force_and_torque' will be deprecated in a future release. Please use 'permanent_wrench_composer.set_forces_and_torques' instead.[0m
[33m16:18:13 [articulation.py] WARNING: The function 'set_external_force_and_torque' will be deprecated in a future release. Please use 'permanent_wrench_composer.set_forces_and_torques' instead.[0m
[33m16:18:18 [articulation.py] WARNING: The function 'set_external_force_and_torque' will be deprecated in a future release. Please use 'permanent_wrench_composer.set_forces_and_torques' instead.[0m
[33m16:18:23 [articulation.py] WARNING: The function 'set_external_force_and_torque' will be deprecated in a future release. Please use 'permanent_wrench_composer.set_forces_and_torques' instead.[0m
[33m16:18:28 [articulation.py] WARNING: The function 'set_external_force_and_torque' will be deprecated in a future release. Please use 'permanent_wrench_composer.set_forces_and_torques' instead.[0m
[33m16:18:33 [articulation.py] WARNING: The function 'set_external_force_and_torque' will be deprecated in a future release. Please use 'permanent_wrench_composer.set_forces_and_torques' instead.[0m
[33m16:18:38 [articulation.py] WARNING: The function 'set_external_force_and_torque' will be deprecated in a future release. Please use 'permanent_wrench_composer.set_forces_and_torques' instead.[0m
[33m16:18:43 [articulation.py] WARNING: The function 'set_external_force_and_torque' will be deprecated in a future release. Please use 'permanent_wrench_composer.set_forces_and_torques' instead.[0m
[33m16:18:48 [articulation.py] WARNING: The function 'set_external_force_and_torque' will be deprecated in a future release. Please use 'permanent_wrench_composer.set_forces_and_torques' instead.[0m
[33m16:18:53 [articulation.py] WARNING: The function 'set_external_force_and_torque' will be deprecated in a future release. Please use 'permanent_wrench_composer.set_forces_and_torques' instead.[0m
[33m16:18:58 [articulation.py] WARNING: The function 'set_external_force_and_torque' will be deprecated in a future release. Please use 'permanent_wrench_composer.set_forces_and_torques' instead.[0m
[33m16:19:03 [articulation.py] WARNING: The function 'set_external_force_and_torque' will be deprecated in a future release. Please use 'permanent_wrench_composer.set_forces_and_torques' instead.[0m
[33m16:19:08 [articulation.py] WARNING: The function 'set_external_force_and_torque' will be deprecated in a future release. Please use 'permanent_wrench_composer.set_forces_and_torques' instead.[0m
[33m16:19:13 [articulation.py] WARNING: The function 'set_external_force_and_torque' will be deprecated in a future release. Please use 'permanent_wrench_composer.set_forces_and_torques' instead.[0m
[33m16:19:18 [articulation.py] WARNING: The function 'set_external_force_and_torque' will be deprecated in a future release. Please use 'permanent_wrench_composer.set_forces_and_torques' instead.[0m
[33m16:19:23 [articulation.py] WARNING: The function 'set_external_force_and_torque' will be deprecated in a future release. Please use 'permanent_wrench_composer.set_forces_and_torques' instead.[0m
[33m16:19:28 [articulation.py] WARNING: The function 'set_external_force_and_torque' will be deprecated in a future release. Please use 'permanent_wrench_composer.set_forces_and_torques' instead.[0m
[33m16:19:33 [articulation.py] WARNING: The function 'set_external_force_and_torque' will be deprecated in a future release. Please use 'permanent_wrench_composer.set_forces_and_torques' instead.[0m
[33m16:19:38 [articulation.py] WARNING: The function 'set_external_force_and_torque' will be deprecated in a future release. Please use 'permanent_wrench_composer.set_forces_and_torques' instead.[0m
[33m16:19:43 [articulation.py] WARNING: The function 'set_external_force_and_torque' will be deprecated in a future release. Please use 'permanent_wrench_composer.set_forces_and_torques' instead.[0m
[33m16:19:48 [articulation.py] WARNING: The function 'set_external_force_and_torque' will be deprecated in a future release. Please use 'permanent_wrench_composer.set_forces_and_torques' instead.[0m
[33m16:19:53 [articulation.py] WARNING: The function 'set_external_force_and_torque' will be deprecated in a future release. Please use 'permanent_wrench_composer.set_forces_and_torques' instead.[0m
[33m16:19:58 [articulation.py] WARNING: The function 'set_external_force_and_torque' will be deprecated in a future release. Please use 'permanent_wrench_composer.set_forces_and_torques' instead.[0m
[33m16:20:03 [articulation.py] WARNING: The function 'set_external_force_and_torque' will be deprecated in a future release. Please use 'permanent_wrench_composer.set_forces_and_torques' instead.[0m
[33m16:20:08 [articulation.py] WARNING: The function 'set_external_force_and_torque' will be deprecated in a future release. Please use 'permanent_wrench_composer.set_forces_and_torques' instead.[0m
[33m16:20:13 [articulation.py] WARNING: The function 'set_external_force_and_torque' will be deprecated in a future release. Please use 'permanent_wrench_composer.set_forces_and_torques' instead.[0m
[33m16:20:18 [articulation.py] WARNING: The function 'set_external_force_and_torque' will be deprecated in a future release. Please use 'permanent_wrench_composer.set_forces_and_torques' instead.[0m
[33m16:20:23 [articulation.py] WARNING: The function 'set_external_force_and_torque' will be deprecated in a future release. Please use 'permanent_wrench_composer.set_forces_and_torques' instead.[0m
[33m16:20:28 [articulation.py] WARNING: The function 'set_external_force_and_torque' will be deprecated in a future release. Please use 'permanent_wrench_composer.set_forces_and_torques' instead.[0m
[33m16:20:33 [articulation.py] WARNING: The function 'set_external_force_and_torque' will be deprecated in a future release. Please use 'permanent_wrench_composer.set_forces_and_torques' instead.[0m
[33m16:20:38 [articulation.py] WARNING: The function 'set_external_force_and_torque' will be deprecated in a future release. Please use 'permanent_wrench_composer.set_forces_and_torques' instead.[0m
[33m16:20:43 [articulation.py] WARNING: The function 'set_external_force_and_torque' will be deprecated in a future release. Please use 'permanent_wrench_composer.set_forces_and_torques' instead.[0m
[33m16:20:48 [articulation.py] WARNING: The function 'set_external_force_and_torque' will be deprecated in a future release. Please use 'permanent_wrench_composer.set_forces_and_torques' instead.[0m
[33m16:20:53 [articulation.py] WARNING: The function 'set_external_force_and_torque' will be deprecated in a future release. Please use 'permanent_wrench_composer.set_forces_and_torques' instead.[0m
[33m16:20:58 [articulation.py] WARNING: The function 'set_external_force_and_torque' will be deprecated in a future release. Please use 'permanent_wrench_composer.set_forces_and_torques' instead.[0m
[33m16:21:03 [articulation.py] WARNING: The function 'set_external_force_and_torque' will be deprecated in a future release. Please use 'permanent_wrench_composer.set_forces_and_torques' instead.[0m
[33m16:21:08 [articulation.py] WARNING: The function 'set_external_force_and_torque' will be deprecated in a future release. Please use 'permanent_wrench_composer.set_forces_and_torques' instead.[0m
[33m16:21:13 [articulation.py] WARNING: The function 'set_external_force_and_torque' will be deprecated in a future release. Please use 'permanent_wrench_composer.set_forces_and_torques' instead.[0m
[33m16:21:18 [articulation.py] WARNING: The function 'set_external_force_and_torque' will be deprecated in a future release. Please use 'permanent_wrench_composer.set_forces_and_torques' instead.[0m
[33m16:21:23 [articulation.py] WARNING: The function 'set_external_force_and_torque' will be deprecated in a future release. Please use 'permanent_wrench_composer.set_forces_and_torques' instead.[0m
[33m16:21:28 [articulation.py] WARNING: The function 'set_external_force_and_torque' will be deprecated in a future release. Please use 'permanent_wrench_composer.set_forces_and_torques' instead.[0m
[33m16:21:33 [articulation.py] WARNING: The function 'set_external_force_and_torque' will be deprecated in a future release. Please use 'permanent_wrench_composer.set_forces_and_torques' instead.[0m
[33m16:21:39 [articulation.py] WARNING: The function 'set_external_force_and_torque' will be deprecated in a future release. Please use 'permanent_wrench_composer.set_forces_and_torques' instead.[0m
[33m16:21:44 [articulation.py] WARNING: The function 'set_external_force_and_torque' will be deprecated in a future release. Please use 'permanent_wrench_composer.set_forces_and_torques' instead.[0m
[33m16:21:49 [articulation.py] WARNING: The function 'set_external_force_and_torque' will be deprecated in a future release. Please use 'permanent_wrench_composer.set_forces_and_torques' instead.[0m
[33m16:21:54 [articulation.py] WARNING: The function 'set_external_force_and_torque' will be deprecated in a future release. Please use 'permanent_wrench_composer.set_forces_and_torques' instead.[0m
[33m16:21:59 [articulation.py] WARNING: The function 'set_external_force_and_torque' will be deprecated in a future release. Please use 'permanent_wrench_composer.set_forces_and_torques' instead.[0m
[33m16:22:04 [articulation.py] WARNING: The function 'set_external_force_and_torque' will be deprecated in a future release. Please use 'permanent_wrench_composer.set_forces_and_torques' instead.[0m
[33m16:22:09 [articulation.py] WARNING: The function 'set_external_force_and_torque' will be deprecated in a future release. Please use 'permanent_wrench_composer.set_forces_and_torques' instead.[0m
[33m16:22:14 [articulation.py] WARNING: The function 'set_external_force_and_torque' will be deprecated in a future release. Please use 'permanent_wrench_composer.set_forces_and_torques' instead.[0m
[33m16:22:19 [articulation.py] WARNING: The function 'set_external_force_and_torque' will be deprecated in a future release. Please use 'permanent_wrench_composer.set_forces_and_torques' instead.[0m
[33m16:22:24 [articulation.py] WARNING: The function 'set_external_force_and_torque' will be deprecated in a future release. Please use 'permanent_wrench_composer.set_forces_and_torques' instead.[0m
[33m16:22:29 [articulation.py] WARNING: The function 'set_external_force_and_torque' will be deprecated in a future release. Please use 'permanent_wrench_composer.set_forces_and_torques' instead.[0m
[33m16:22:34 [articulation.py] WARNING: The function 'set_external_force_and_torque' will be deprecated in a future release. Please use 'permanent_wrench_composer.set_forces_and_torques' instead.[0m
[33m16:22:39 [articulation.py] WARNING: The function 'set_external_force_and_torque' will be deprecated in a future release. Please use 'permanent_wrench_composer.set_forces_and_torques' instead.[0m
[33m16:22:44 [articulation.py] WARNING: The function 'set_external_force_and_torque' will be deprecated in a future release. Please use 'permanent_wrench_composer.set_forces_and_torques' instead.[0m
{
  "schema": "recomo_two_wheel_riser_reference_playback_v1",
  "control_ownership_contract": "frozen_lqr_high_level_residual_control_ownership_v1",
  "learned_action_names": [
    "residual_vx_normalized",
    "residual_wz_normalized",
    "residual_riser_target_normalized"
  ],
  "learned_direct_wheel_effort": false,
  "learned_physical_gimbal_joint_action": false,
  "wheel_effort_owner": "frozen_cascaded_lqr",
  "gimbal_attitude_owner": "deterministic_semantic_attitude_adapter",
  "riser_hard_limit_owner": "deterministic_command_supervisor",
  "safety_supervisor_owner": "deterministic_runtime_gates",
  "training_started": false,
  "ppo_authorized": false,
  "controller_profile": "structural_robust_v1",
  "tracking_profile": "riser_recovery_direction_v4_camera_lever_arm_v1",
  "controller_vx_kp": 0.6,
  "total_pitch_reference_limit_enabled": false,
  "total_pitch_reference_limit_rad": 0.10471975511965978,
  "opposing_vx_integral_deficit_reset_enabled": false,
  "vx_integral_reset_reference_deadband_mps": 0.05,
  "tracking_recovery_velocity_cap_enabled": false,
  "maximum_linear_velocity_mps": 0.4,
  "camera_lever_arm_compensation_contract": "measured_camera_to_base_xy_offset_v1",
  "camera_lever_arm_compensation_enabled": true,
  "camera_lever_arm_compensation_gain": 1.0,
  "maximum_camera_lever_arm_correction_m": 0.05,
  "tracking_direction_blend_speed_mps": 0.05,
  "tracking_direction_recovery_error_range_m": [
    0.2,
    0.4
  ],
  "phase_feedforward_contract": "derivatives_scaled_by_progress_v1",
  "riser_thermal_force_contract": "leadshine_400w_first_order_monitor_v1",
  "controller_overrides": {
    "wz_kp": 1.05
  },
  "tracking_overrides": {},
  "position_observation_link": "physical_cam_link_fk",
  "target_attitude_contract": "semantic_dfr_to_physical_cam_v1",
  "hardware_proxy_command_contract": "semantic_attitude_position_only",
  "simulation_proxy_realization": "rate_audited_ideal_state_adapter",
  "phase_governor_enabled": true,
  "phase_governor_contract": "position_error_continuous_phase_scale_v1",
  "commanded_base_progress_error_enabled": false,
  "progress_base_error_source": "nominal_plan_base_target",
  "minimum_progress_scale": 0.1,
  "camera_recovery_governor_enabled": false,
  "camera_recovery_governor_contract": "saturated_camera_error_continuous_phase_cap_v1",
  "camera_recovery_error_range_m": [
    0.13,
    0.155
  ],
  "minimum_camera_recovery_scale": 0.2,
  "com_pitch_feedforward_enabled": true,
  "maximum_duration_scale": 3.0,
  "completion_horizon_contract": "bounded_execution_duration_scale_v1",
  "trajectory_command_source": "model_based_planner_plus_corrective_teacher",
  "policy_command_base": "model_based_planner",
  "policy_residual_contract": "model_based_planner_plus_camera_error_corrective_teacher_v1",
  "policy_previous_action_contract": "previous_effective_post_supervisor_action_v1",
  "corrective_teacher_enabled": true,
  "corrective_teacher_profile": {
    "path": "G:\\wSpace\\cinebotRL-two-wheel-riser\\scripts\\two_wheel_balance\\model_based_corrective_teacher_case6_profile_v1.json",
    "sha256": "5959c99a1296200ccf61eb6a481ac6924999bce36472d16c6e863562f58cc24c"
  },
  "corrective_teacher_label_capture_authorized": true,
  "corrective_teacher_capture_started": true,
  "corrective_teacher_capture_admission": "G:\\wSpace\\cinebotRL-two-wheel-riser\\artifacts\\two_wheel_riser\\20260724_model_based_corrective_teacher_case6_capture_v1_exclusive\\admission.json",
  "corrective_teacher_capture_split": "train",
  "residual_policy": null,
  "residual_action_scales": [
    0.05,
    0.05,
    0.02
  ],
  "video_frame_stride": 1,
  "video_fps": 200,
  "raw_teacher_capture_started": false,
  "normalized_dataset_capture_started": false,
  "policy_trace_started": false,
  "policy_trace_valid_for_training": false,
  "shadow_teacher_trace_started": false,
  "shadow_teacher_labels_applied": false,
  "shadow_teacher_labels_admitted_for_training": false,
  "runtime_heartbeat": "G:\\wSpace\\cinebotRL-two-wheel-riser\\artifacts\\two_wheel_riser\\20260724_model_based_corrective_teacher_case6_capture_v1_exclusive\\runtime_heartbeat.json",
  "runtime_heartbeat_interval_steps": 2000,
  "dagger_authorized": false,
  "deterministic_wrench_perturbation_enabled": true,
  "deterministic_wrench_profile": {
    "path": "G:\\wSpace\\cinebotRL-two-wheel-riser\\scripts\\two_wheel_balance\\model_based_corrective_teacher_case6_wrench_profile_v1.json",
    "sha256": "e012cbd1eca35bcd1ead49abc5888c5bcc97f940211a743a06b396736d7a812c"
  },
  "deterministic_wrench_contract": "body_longitudinal_single_phase_trigger_execution_step_bounded_v1",
  "perturbation_measurement_only": true,
  "perturbation_applied_to_planner_commands": false,
  "perturbation_applied_to_policy_actions": false,
  "cases": [
    6
  ],
  "passed_case_count": 1,
  "dynamic_quality_passed": true,
  "thermal_admission_passed": true,
  "controller_evidence_passed": true,
  "perturbation_contract_passed": true,
  "residual_label_envelope_passed": true,
  "residual_label_admission_passed": true,
  "results": [
    {
      "case": 6,
      "planning_strategy": "smoothed_preview_0.05m_g2.75",
      "source_duration_s": 15.942736,
      "execution_duration_s": 17.737274605869224,
      "maximum_duration_scale": 3.0,
      "outer_velocity_feedback_source": "wheel_derived_vx",
      "maximum_runtime_s": 53.21182381760767,
      "completed_phase_time_s": 17.737274605869224,
      "completed_steps": 7933,
      "initialization_duration_s": 0.0,
      "initialization_steps": 0,
      "initialization_completed": true,
      "initialization_scored_as_source_tracking": false,
      "initialization_source_metric_samples": 0,
      "initialization_residual_label_samples": 0,
      "initialization_terminal_base_error_m": 0.0,
      "initialization_terminal_base_yaw_error_deg": 0.0,
      "initialization_terminal_riser_error_m": 0.0,
      "initialization_terminal_proxy_error_deg": 0.0,
      "initialization_action_saturation_ratio": 0.0,
      "initialization_riser_effort_max_n": 0.0,
      "initialization_riser_thermal_load_max": 0.0,
      "initialization_riser_thermal_sample_count": 0,
      "total_simulated_duration_s": 39.665,
      "wall_duration_s": 39.665,
      "progress_scale_min": 0.3233966629895968,
      "progress_scale_mean": 0.4473802734929373,
      "minimum_progress_scale": 0.1,
      "commanded_base_progress_error_enabled": false,
      "phase_governor_contract": "position_error_continuous_phase_scale_v1",
      "progress_base_error_source": "nominal_plan_base_target",
      "progress_base_error_telemetry_sample_count": 7933,
      "progress_base_error_selected_source_matches": true,
      "progress_base_error_command_delta_bounded": true,
      "progress_base_error_telemetry_observed": true,
      "nominal_base_progress_error_p95_m": 0.1847332031076907,
      "nominal_base_progress_error_max_m": 0.19215359191778114,
      "commanded_base_progress_error_p95_m": 0.13474947394508666,
      "commanded_base_progress_error_max_m": 0.14216865835776868,
      "selected_base_progress_error_p95_m": 0.1847332031076907,
      "selected_base_progress_error_max_m": 0.19215359191778114,
      "selected_vs_nominal_base_progress_error_mean_delta_m": 0.0,
      "selected_vs_nominal_base_progress_error_abs_max_delta_m": 0.0,
      "maximum_commanded_base_progress_error_delta_m": 0.05,
      "maximum_linear_velocity_mps": 0.4,
      "total_pitch_reference_limit_enabled": false,
      "total_pitch_reference_limit_rad": 0.10471975511965978,
      "progress_hold_step_count": 0,
      "progress_hold_ratio": 0.0,
      "progress_hold_segment_count": 0,
      "camera_recovery_governor_enabled": false,
      "camera_recovery_governor_contract": "saturated_camera_error_continuous_phase_cap_v1",
      "camera_recovery_error_range_m": [
        0.13,
        0.155
      ],
      "minimum_camera_recovery_scale": 0.2,
      "camera_recovery_telemetry_sample_count": 7933,
      "camera_recovery_telemetry_observed": true,
      "camera_recovery_progress_scale_min": 1.0,
      "camera_recovery_progress_scale_mean": 1.0,
      "camera_recovery_activation_ratio": 0.0,
      "position_error_p95_m": 0.11055969082871452,
      "position_error_max_m": 0.12641124164527276,
      "attitude_error_p95_deg": 0.1583184478018027,
      "attitude_error_max_deg": 0.453032403177592,
      "pitch_p95_deg": 6.346179596556116,
      "pitch_max_deg": 6.3830166850520165,
      "riser_servo_error_p95_m": 0.009781245001752837,
      "riser_servo_error_max_m": 0.01007954323349236,
      "proxy_servo_error_p95_deg": 0.10738837351655914,
      "proxy_servo_error_max_deg": 0.4630755927268174,
      "proxy_axis_error_p95_deg": [
        0.0491970345291372,
        0.03566886001174353,
        0.16012612170417392
      ],
      "proxy_axis_velocity_max_abs_deg_s": [
        31.88334083557129,
        62.54386901855469,
        153.43199157714844
      ],
      "proxy_axis_target_velocity_max_abs_deg_s": [
        27.572492300913794,
        15.053356649404954,
        45.81999894092913
      ],
      "proxy_axis_effort_p95_nm": [
        2.218832397460937,
        1.6426868677139277,
        5.448591136932371
      ],
      "proxy_axis_saturation_ratio": [
        0.0,
        0.0,
        0.00037816714988024705
      ],
      "action_saturation_ratio": 0.0032774486322954747,
      "riser_saturation_ratio": 0.0,
      "riser_effort_max_n": 21.256135940551758,
      "riser_thermal_load_final": 0.0013182894902039268,
      "riser_thermal_load_max": 0.0013182894902039268,
      "riser_thermal_sample_count": 7933,
      "riser_peak_force_violation_count": 0,
      "riser_continuous_force_n": 292.3970042486123,
      "riser_peak_force_n": 877.1910127458367,
      "riser_thermal_time_constant_s": 30.0,
      "recovery_telemetry": {
        "schema": "riser_recovery_direction_policy_rate_v1",
        "policy_rate_sample_count": 7933,
        "activation_step_count": 0,
        "full_authority_step_count": 0,
        "activation_segment_count": 0,
        "motion_direction_sign_change_count": 0,
        "feedback_direction_sign_change_count": 0,
        "consecutive_active_motion_direction_chatter_count": 0,
        "candidate_yaw_saturation_step_count": 0,
        "legacy_yaw_saturation_step_count": 0,
        "candidate_vs_legacy_delta_nonzero_step_count": 0,
        "candidate_vs_legacy_yaw_delta_abs_max_rad_s": 0.0,
        "recovery_blend_max": 0.0
      },
      "velocity_feedback_telemetry": {
        "schema": "riser_root_vs_wheel_velocity_policy_rate_v1",
        "policy_rate_sample_count": 7933,
        "root_wheel_mismatch_rms_mps": 0.011520221091358982,
        "root_wheel_mismatch_abs_max_mps": 0.23035112628936766,
        "root_reference_error_rms_mps": 0.08452474849304323,
        "wheel_reference_error_rms_mps": 0.0846741062480204,
        "root_reference_error_abs_max_mps": 0.30991058928872134,
        "wheel_reference_error_abs_max_mps": 0.34252953468466785,
        "root_velocity_abs_max_mps": 0.23877102136611938,
        "wheel_velocity_abs_max_mps": 0.2427374849319458,
        "effective_reference_abs_max_mps": 0.297762032298873,
        "pitch_reference_abs_max_rad": 0.10471975511965978,
        "total_pitch_reference_abs_max_rad": 0.09904434747609422,
        "applied_pitch_bias_abs_max_rad": 0.04435146541099472,
        "common_action_abs_max": 0.5320873856544495,
        "opposite_direction_step_count": 10,
        "opposite_direction_ratio": 0.0012605571662674903,
        "wheel_false_tracking_step_count": 10,
        "wheel_false_tracking_ratio": 0.0012605571662674903,
        "sign_deadband_mps": 0.02,
        "wheel_tracking_tolerance_mps": 0.05,
        "root_lag_threshold_mps": 0.15
      },
      "velocity_feedback_telemetry_observed": true,
      "longitudinal_authority_telemetry": {
        "schema": "riser_longitudinal_authority_policy_rate_v1",
        "policy_rate_sample_count": 7933,
        "controller_update_count": 1984,
        "held_controller_command_step_count": 5949,
        "reference_sign_change_count": 0,
        "opposing_integral_sign_change_count": 0,
        "integral_reset_count": 0,
        "velocity_deficit_step_count": 5733,
        "velocity_deficit_ratio": 0.7226774234211522,
        "velocity_deficit_mean_mps": 0.08751593274499025,
        "velocity_deficit_abs_max_mps": 0.34252953468466785,
        "deficit_pitch_contribution_mean": -0.16803758091433954,
        "deficit_pitch_rate_contribution_mean": -0.013156889496804469,
        "deficit_wheel_velocity_contribution_mean": -0.0001755642758327343,
        "vx_integral_before_abs_max": 0.7,
        "vx_integral_after_abs_max": 0.7,
        "pitch_abs_max_rad": 0.1114046573638916,
        "pitch_rate_abs_max_rad_s": 0.18876171112060547,
        "total_pitch_reference_abs_max_rad": 0.09904434747609422,
        "total_pitch_limit_step_count": 0,
        "common_action_abs_max": 0.5320873856544495,
        "reference_deadband_mps": 0.05,
        "deficit_tolerance_mps": 0.03
      },
      "longitudinal_authority_telemetry_observed": true,
      "controller_vx_kp": 0.6,
      "opposing_vx_integral_deficit_reset_enabled": false,
      "vx_integral_reset_reference_deadband_mps": 0.05,
      "recovery_telemetry_observed": true,
      "camera_lever_arm_compensation_enabled": true,
      "camera_lever_arm_compensation_gain": 1.0,
      "maximum_camera_lever_arm_correction_m": 0.05,
      "camera_lever_arm_telemetry_sample_count": 7933,
      "camera_lever_arm_telemetry_observed": true,
      "camera_lever_arm_correction_max_m": 0.05000000000000002,
      "camera_lever_arm_raw_correction_max_m": 0.1696306854041614,
      "camera_lever_arm_correction_saturation_ratio": 0.9623093407286021,
      "proxy_saturation_ratio": 0.00012605571662674902,
      "residual_action_abs_max": [
        0.4620293080806732,
        0.15905605256557465,
        0.08932578563690186
      ],
      "requested_policy_residual_action_abs_max": [
        0.4620293080806732,
        0.15905605256557465,
        0.08932578563690186
      ],
      "effective_policy_residual_action_abs_max": [
        0.46202930808067366,
        0.15905605256557487,
        0.08932578563690396
      ],
      "policy_residual_projection_delta_abs_max": [
        4.440892098500626e-16,
        0.05818131938576698,
        2.6645352591003757e-15
      ],
      "policy_residual_projection_sample_count": 146,
      "corrective_teacher_telemetry": {
        "schema": "cinebotrl_two_wheel_riser_corrective_teacher_telemetry_v1",
        "enabled": true,
        "sample_count": 7933,
        "unbounded_residual_abs_max": [
          0.02310146498680115,
          0.017643328875303267,
          0.005457421079277992
        ],
        "applied_residual_abs_max": [
          0.02310146498680115,
          0.007952802338471211,
          0.0017865156836203155
        ],
        "normalized_action_abs_max": [
          0.46202929973602297,
          0.15905604676942423,
          0.08932578418101578
        ],
        "amplitude_limited_count": [
          0,
          1250,
          7705
        ],
        "slew_limited_count": [
          0,
          185,
          64
        ],
        "labels_captured": false,
        "dataset_created": false,
        "training_started": false
      },
      "corrective_teacher_profile": {
        "path": "G:\\wSpace\\cinebotRL-two-wheel-riser\\scripts\\two_wheel_balance\\model_based_corrective_teacher_case6_profile_v1.json",
        "sha256": "5959c99a1296200ccf61eb6a481ac6924999bce36472d16c6e863562f58cc24c"
      },
      "corrective_teacher_labels_captured": true,
      "raw_residual_command_abs_max": [
        0.2275522518407577,
        0.08272019721794,
        0.010112480079892627
      ],
      "normalized_residual_label_abs_max": [
        0.758507506135859,
        0.20680049304485,
        0.10112480079892627
      ],
      "raw_residual_label_applied_to_commands": false,
      "dynamic_quality_passed": true,
      "thermal_admission_passed": true,
      "controller_evidence_passed": true,
      "perturbation_contract_passed": true,
      "deterministic_wrench_perturbation": {
        "schema": "cinebotrl_two_wheel_riser_wrench_pulse_telemetry_v1",
        "enabled": true,
        "profile": {
          "schema": "cinebotrl_two_wheel_riser_deterministic_wrench_pulse_v1",
          "case": 6,
          "start_phase_time_s": 17.185168504529333,
          "duration_steps": 20,
          "force_body_x_n": 20.0,
          "application_height_m": 0.5
        },
        "trigger_step": 7806,
        "trigger_phase_time_s": 17.18532945606766,
        "active_step_count": 20,
        "expected_active_step_count": 20,
        "triggered": true,
        "released_after_pulse": true,
        "applied_to_planner_commands": false,
        "applied_to_policy_actions": false,
        "dataset_created": false
      },
      "perturbation_applied_to_planner_commands": false,
      "perturbation_applied_to_policy_actions": false,
      "residual_label_envelope_passed": true,
      "residual_label_admission_passed": true,
      "peak_base_xy_error_m": 0.19215359191778114,
      "peak_base_yaw_error_deg": 6.337340421238784,
      "peak_com_pitch_bias_deg": 2.541390602755191,
      "internal_attitude_ik_failures": 0,
      "internal_attitude_ik_error_max_deg": 0.09999680403191673,
      "internal_proxy_rate_max_deg_s": 45.81999894092913,
      "termination": null,
      "trace": [
        {
          "step": 1,
          "elapsed_s": 0.0,
          "phase_time_s": 0.0,
          "progress_scale": 1.0,
          "camera_recovery_progress_scale": 1.0,
          "camera_recovery_active": false,
          "position_error_m": 0.002850286245572928,
          "attitude_error_deg": 0.0038844527613299444,
          "pitch_deg": 0.0012015467517419434,
          "riser_error_m": 1.6265065582057696e-05,
          "riser_thermal_load": 5.428604562418462e-09,
          "proxy_error_deg": [
            0.0019102869891155548,
            0.0014558306791324527,
            0.0021296465329738376
          ],
          "proxy_signed_error_deg": [
            0.0019102869891155548,
            0.0014558306791324527,
            -0.0021296465329738376
          ],
          "proxy_target_deg": [
            8.509642582254834,
            -0.2250409795221595,
            161.75116159851768
          ],
          "proxy_unwrapped_semantic_target_deg": [
            8.509642582254834,
            -0.2250409795221595,
            161.75116159851768
          ],
          "proxy_actual_deg": [
            8.507731437683105,
            -0.22649680078029633,
            161.75328063964844
          ],
          "proxy_velocity_deg_s": [
            -0.6700253486633301,
            -0.4974724352359772,
            0.7209080457687378
          ],
          "proxy_target_velocity_deg_s": [
            0.0,
            0.0,
            0.0
          ],
          "proxy_applied_effort_nm": [
            0.09178009629249573,
            0.06622663140296936,
            -0.09329771250486374
          ],
          "base_xy_error_m": 8.934797799753436e-06,
          "commanded_base_xy_error_m": 8.924177352064876e-06,
          "progress_base_error_m": 8.934797799753436e-06,
          "progress_base_error_source": "nominal_plan_base_target",
          "base_yaw_error_deg": 4.942880947134362e-07,
          "actual_base_xy_yaw": [
            -0.19972288608551025,
            0.018377719447016716,
            2.4997265707315424
          ],
          "target_base_xy_yaw": [
            -0.19973001075471614,
            0.01838311107946239,
            2.4997265621045877
          ],
          "commanded_base_xy_yaw": [
            -0.1997300060465932,
            0.01838309969753027,
            2.4997265621045877
          ],
          "camera_lever_arm_target_xy_m": [
            0.19973001075471614,
            -0.01838311107946239
          ],
          "camera_lever_arm_actual_xy_m": [
            0.1997300060465932,
            -0.01838309969753027
          ],
          "camera_lever_arm_error_xy_m": [
            -4.708122947061355e-09,
            1.1381932119025606e-08
          ],
          "camera_lever_arm_correction_xy_m": [
            4.708122947061355e-09,
            -1.1381932119025606e-08
          ],
          "camera_lever_arm_correction_saturated": false,
          "camera_position_error_xyz_m": [
            -2.0638108253479004e-06,
            1.257285475730896e-06,
            0.0028502852210998686
          ],
          "actual_camera_position_world_m": [
            -2.0638108253479004e-06,
            1.257285475730896e-06,
            0.6151242852210999
          ],
          "target_camera_position_world_m": [
            0.0,
            0.0,
            0.612274
          ],
          "actual_yaw_rate_rad_s": -0.0001398071472067386,
          "actual_root_velocity_mps": -0.003961749840527773,
          "wheel_derived_velocity_mps": -0.026527244663238525,
          "root_wheel_velocity_mismatch_mps": 0.022565494822710752,
          "effective_velocity_reference_mps": -0.027782647823684108,
          "pitch_reference_rad": -0.01671126266594599,
          "total_pitch_reference_rad": 0.024639684487808428,
          "applied_pitch_bias_rad": 0.04135094715375442,
          "common_wheel_action": -0.09748684614896774,
          "phase_feedforward_v_mps": -0.02778263264547309,
          "phase_feedforward_wz_rad_s": 0.4,
          "model_based_vx_reference_mps": -0.027782647823684108,
          "model_based_wz_reference_rad_s": 0.3999999552328805,
          "model_based_riser_target_m": 0.007068966963501236,
          "applied_policy_residual_action": [
            0.0,
            0.0,
            0.0
          ],
          "effective_policy_residual_action": [
            0.0,
            0.0,
            0.0
          ],
          "policy_residual_projection_delta": [
            0.0,
            0.0,
            0.0
          ],
          "vx_reference_mps": -0.027782647823684108,
          "wz_reference_rad_s": 0.3999999552328805,
          "along_track_error_m": -9.486381885283028e-09,
          "cross_track_error_m": 8.024895518853179e-09,
          "base_yaw_error_rad": -2.7274813518829433e-08,
          "raw_velocity_reference_mps": -0.027782647823684108,
          "base_position_error_m": 1.2425392925856945e-08,
          "feedforward_direction": -1.0,
          "feedback_motion_direction": -0.5556529564736821,
          "direction_recovery_blend": 0.0,
          "motion_direction": -1.0,
          "perturbation_active": false,
          "perturbation_force_body_x_n": 0.0
        },
        {
          "step": 201,
          "elapsed_s": 1.0,
          "phase_time_s": 0.9632580404952344,
          "progress_scale": 0.7668059474788945,
          "camera_recovery_progress_scale": 1.0,
          "camera_recovery_active": false,
          "position_error_m": 0.07645821220912495,
          "attitude_error_deg": 0.2088301489055036,
          "pitch_deg": 2.3082203816537312,
          "riser_error_m": 0.007985165137662405,
          "riser_thermal_load": 2.1615846184755873e-05,
          "proxy_error_deg": [
            0.0313401982325202,
            0.012336671043947967,
            0.0081569105015723
          ],
          "proxy_signed_error_deg": [
            -0.0313401982325202,
            -0.012336671043947967,
            0.0081569105015723
          ],
          "proxy_target_deg": [
            7.1234473087827395,
            1.028977321230094,
            179.91767557333358
          ],
          "proxy_unwrapped_semantic_target_deg": [
            7.1234473087827395,
            1.028977321230094,
            179.91767557333358
          ],
          "proxy_actual_deg": [
            7.154787063598633,
            1.041313886642456,
            179.90951538085938
          ],
          "proxy_velocity_deg_s": [
            12.155803680419922,
            4.521734714508057,
            -3.343501567840576
          ],
          "proxy_target_velocity_deg_s": [
            0.0,
            0.0,
            0.0
          ],
          "proxy_applied_effort_nm": [
            -1.5052467584609985,
            -0.5646048784255981,
            0.41032251715660095
          ],
          "base_xy_error_m": 0.10182090056024568,
          "commanded_base_xy_error_m": 0.07573222208922144,
          "progress_base_error_m": 0.10182090056024568,
          "progress_base_error_source": "nominal_plan_base_target",
          "base_yaw_error_deg": 3.457669887363263,
          "actual_base_xy_yaw": [
            -0.21376286447048187,
            0.02485465258359909,
            2.8245631754487
          ],
          "target_base_xy_yaw": [
            -0.11909000723004388,
            -0.012622619099797037,
            2.8849108994302504
          ],
          "commanded_base_xy_yaw": [
            -0.14590605504322002,
            -0.008773057372974322,
            2.8849108994302504
          ],
          "camera_lever_arm_target_xy_m": [
            0.19888107190710405,
            0.008476698240413527
          ],
          "camera_lever_arm_actual_xy_m": [
            0.22569711972028017,
            0.004627136513590813
          ],
          "camera_lever_arm_error_xy_m": [
            0.02681604781317612,
            -0.0038495617268227145
          ],
          "camera_lever_arm_correction_xy_m": [
            -0.02681604781317612,
            0.0038495617268227145
          ],
          "camera_lever_arm_correction_saturated": false,
          "camera_position_error_xyz_m": [
            -0.0675754838858252,
            0.034228603007005615,
            -0.010383396746776463
          ],
          "actual_camera_position_world_m": [
            0.01221558079123497,
            0.03008268214762211,
            0.6102288961410522
          ],
          "target_camera_position_world_m": [
            0.07979106467706017,
            -0.00414592085938351,
            0.6206122928878287
          ],
          "actual_yaw_rate_rad_s": 0.31412768363952637,
          "actual_root_velocity_mps": -0.00874053779989481,
          "wheel_derived_velocity_mps": -0.00574003541469574,
          "root_wheel_velocity_mismatch_mps": -0.00300050238519907,
          "effective_velocity_reference_mps": -0.2117526805665072,
          "pitch_reference_rad": -0.10471975511965978,
          "total_pitch_reference_rad": -0.06047288840495617,
          "applied_pitch_bias_rad": 0.04424686671470361,
          "common_wheel_action": -0.06820198148488998,
          "phase_feedforward_v_mps": -0.14930538353263184,
          "phase_feedforward_wz_rad_s": 0.30797958036583817,
          "model_based_vx_reference_mps": -0.2693334046358501,
          "model_based_wz_reference_rad_s": 0.36626059485483076,
          "model_based_riser_target_m": 0.017744494397058004,
          "applied_policy_residual_action": [
            -0.2600700557231903,
            0.0041145519353449345,
            0.07997847348451614
          ],
          "effective_policy_residual_action": [
            -0.26007005572319053,
            0.004114551935344712,
            0.07997847348451617
          ],
          "policy_residual_projection_delta": [
            -2.220446049250313e-16,
            -2.220446049250313e-16,
            2.7755575615628914e-17
          ],
          "vx_reference_mps": -0.2823369074220096,
          "wz_reference_rad_s": 0.366466322451598,
          "along_track_error_m": -0.07501751318951141,
          "cross_track_error_m": 0.010685758269200592,
          "base_yaw_error_rad": 0.061924709910661235,
          "raw_velocity_reference_mps": -0.2693334046358501,
          "base_position_error_m": 0.075774749850635,
          "feedforward_direction": -1.0,
          "feedback_motion_direction": -1.0,
          "direction_recovery_blend": 0.0,
          "motion_direction": -1.0,
          "perturbation_active": false,
          "perturbation_force_body_x_n": 0.0
        },
        {
          "step": 401,
          "elapsed_s": 2.0,
          "phase_time_s": 1.4816122902148763,
          "progress_scale": 0.37406285425886165,
          "camera_recovery_progress_scale": 1.0,
          "camera_recovery_active": false,
          "position_error_m": 0.1262504803122048,
          "attitude_error_deg": 0.11586271524908835,
          "pitch_deg": 5.206135390584269,
          "riser_error_m": 0.00838544428311691,
          "riser_thermal_load": 7.134580052693726e-05,
          "proxy_error_deg": [
            0.030705408805687357,
            0.018019181538740752,
            0.0015640233884770798
          ],
          "proxy_signed_error_deg": [
            -0.030705408805687357,
            -0.018019181538740752,
            0.0015640233884770798
          ],
          "proxy_target_deg": [
            4.6745850165462395,
            1.7719913326915382,
            190.22002380430413
          ],
          "proxy_unwrapped_semantic_target_deg": [
            4.6745850165462395,
            1.7719913326915382,
            190.22002380430413
          ],
          "proxy_actual_deg": [
            4.7052903175354,
            1.7900104522705078,
            190.21844482421875
          ],
          "proxy_velocity_deg_s": [
            12.000574111938477,
            6.0878424644470215,
            -1.2667702436447144
          ],
          "proxy_target_velocity_deg_s": [
            0.0,
            0.0,
            0.0
          ],
          "proxy_applied_effort_nm": [
            -1.4803869724273682,
            -0.7793885469436646,
            0.13612772524356842
          ],
          "base_xy_error_m": 0.18909714349803075,
          "commanded_base_xy_error_m": 0.13909723117595482,
          "progress_base_error_m": 0.18909714349803075,
          "progress_base_error_source": "nominal_plan_base_target",
          "base_yaw_error_deg": 4.458457065783115,
          "actual_base_xy_yaw": [
            -0.13885635137557983,
            0.00997626967728138,
            3.0031048899303925
          ],
          "target_base_xy_yaw": [
            0.04454946769575661,
            -0.03606757040895632,
            3.0809196452871133
          ],
          "commanded_base_xy_yaw": [
            -0.003926047281198407,
            -0.023815042191522556,
            3.0809196452871133
          ],
          "camera_lever_arm_target_xy_m": [
            0.19722320619600628,
            0.036792376263359135
          ],
          "camera_lever_arm_actual_xy_m": [
            0.2589334100484848,
            0.021194687113165855
          ],
          "camera_lever_arm_error_xy_m": [
            0.06171020385247852,
            -0.01559768915019328
          ],
          "camera_lever_arm_correction_xy_m": [
            -0.048475514976955014,
            0.012252528217433766
          ],
          "camera_lever_arm_correction_saturated": true,
          "camera_position_error_xyz_m": [
            -0.12159135924456516,
            0.030496818609393798,
            -0.014988968971454963
          ],
          "actual_camera_position_world_m": [
            0.12018131464719772,
            0.031221624463796616,
            0.6484289765357971
          ],
          "target_camera_position_world_m": [
            0.24177267389176288,
            0.000724805854402817,
            0.6634179455072521
          ],
          "actual_yaw_rate_rad_s": 0.0769810602068901,
          "actual_root_velocity_mps": -0.12772564589977264,
          "wheel_derived_velocity_mps": -0.12477683143615723,
          "root_wheel_velocity_mismatch_mps": -0.002948814463615418,
          "effective_velocity_reference_mps": -0.29639802322647724,
          "pitch_reference_rad": -0.10471975511965978,
          "total_pitch_reference_rad": -0.060702314448539636,
          "applied_pitch_bias_rad": 0.044017440671120144,
          "common_wheel_action": -0.15786607563495636,
          "phase_feedforward_v_mps": -0.14979545978178574,
          "phase_feedforward_wz_rad_s": 0.10433813263708129,
          "model_based_vx_reference_mps": -0.37212075403480727,
          "model_based_wz_reference_rad_s": 0.17592221367039623,
          "model_based_riser_target_m": 0.06068118497692451,
          "applied_policy_residual_action": [
            -0.46153220534324646,
            0.019895490258932114,
            0.08932578563690186
          ],
          "effective_policy_residual_action": [
            -0.4615322053432469,
            0.019895490258932114,
            0.08932578563690188
          ],
          "policy_residual_projection_delta": [
            -4.440892098500626e-16,
            0.0,
            2.7755575615628914e-17
          ],
          "vx_reference_mps": -0.3951973643019696,
          "wz_reference_rad_s": 0.17691698818334284,
          "along_track_error_m": -0.13895330890813845,
          "cross_track_error_m": 0.01479750639769973,
          "base_yaw_error_rad": 0.07815028385822043,
          "raw_velocity_reference_mps": -0.37212075403480727,
          "base_position_error_m": 0.1397390004691264,
          "feedforward_direction": -1.0,
          "feedback_motion_direction": -1.0,
          "direction_recovery_blend": 0.0,
          "motion_direction": -1.0,
          "perturbation_active": false,
          "perturbation_force_body_x_n": 0.0
        },
        {
          "step": 601,
          "elapsed_s": 3.0,
          "phase_time_s": 1.8438980491492503,
          "progress_scale": 0.3496251016666335,
          "camera_recovery_progress_scale": 1.0,
          "camera_recovery_active": false,
          "position_error_m": 0.11209899632667226,
          "attitude_error_deg": 0.09199788915633257,
          "pitch_deg": 6.2518744916668325,
          "riser_error_m": 0.008914755660765855,
          "riser_thermal_load": 0.00012640200113638397,
          "proxy_error_deg": [
            0.03362336449130555,
            0.012929090305787502,
            0.0057987428784164905
          ],
          "proxy_signed_error_deg": [
            -0.03362336449130555,
            -0.012929090305787502,
            0.0057987428784164905
          ],
          "proxy_target_deg": [
            3.738793420717933,
            1.9981261957033793,
            193.4904413245158
          ],
          "proxy_unwrapped_semantic_target_deg": [
            3.738793420717933,
            1.9981261957033793,
            193.4904413245158
          ],
          "proxy_actual_deg": [
            3.772416591644287,
            2.0110552310943604,
            193.48463439941406
          ],
          "proxy_velocity_deg_s": [
            12.777194023132324,
            4.616884708404541,
            -2.3776113986968994
          ],
          "proxy_target_velocity_deg_s": [
            0.0,
            0.0,
            0.0
          ],
          "proxy_applied_effort_nm": [
            -1.5903218984603882,
            -0.5691347718238831,
            0.29916027188301086
          ],
          "base_xy_error_m": 0.1911682608948825,
          "commanded_base_xy_error_m": 0.14119402495283317,
          "progress_base_error_m": 0.1911682608948825,
          "progress_base_error_source": "nominal_plan_base_target",
          "base_yaw_error_deg": 4.738776254142302,
          "actual_base_xy_yaw": [
            0.0012751631438732147,
            -0.005654794164001942,
            3.0603087006359075
          ],
          "target_base_xy_yaw": [
            0.18939677218844309,
            -0.03964838450182694,
            3.1430159487860143
          ],
          "commanded_base_xy_yaw": [
            0.1404576074659363,
            -0.029403475704607253,
            3.1430159487860143
          ],
          "camera_lever_arm_target_xy_m": [
            0.19513190708130734,
            0.045016033458193785
          ],
          "camera_lever_arm_actual_xy_m": [
            0.2738918624818325,
            0.028528450056910515
          ],
          "camera_lever_arm_error_xy_m": [
            0.07875995540052516,
            -0.01648758340128327
          ],
          "camera_lever_arm_correction_xy_m": [
            -0.04893916472250678,
            0.010244908797219688
          ],
          "camera_lever_arm_correction_saturated": true,
          "camera_position_error_xyz_m": [
            -0.10931049050708563,
            0.017571526410988508,
            -0.017568241293184572
          ],
          "actual_camera_position_world_m": [
            0.2752181887626648,
            0.022939175367355347,
            0.6836457252502441
          ],
          "target_camera_position_world_m": [
            0.38452867926975043,
            0.005367648956366839,
            0.7012139665434287
          ],
          "actual_yaw_rate_rad_s": 0.055871929973363876,
          "actual_root_velocity_mps": -0.14364033937454224,
          "wheel_derived_velocity_mps": -0.14869602308273314,
          "root_wheel_velocity_mismatch_mps": 0.0050556837081909,
          "effective_velocity_reference_mps": -0.2907443642444059,
          "pitch_reference_rad": -0.09758016481843884,
          "total_pitch_reference_rad": -0.0542633043520934,
          "applied_pitch_bias_rad": 0.04331686046634544,
          "common_wheel_action": -0.23738667368888855,
          "phase_feedforward_v_mps": -0.14011242238361996,
          "phase_feedforward_wz_rad_s": 0.03545907998949003,
          "model_based_vx_reference_mps": -0.3663153785454919,
          "model_based_wz_reference_rad_s": 0.11652093889224388,
          "model_based_riser_target_m": 0.09839961864399263,
          "applied_policy_residual_action": [
            -0.4045865833759308,
            0.0,
            0.08932578563690186
          ],
          "effective_policy_residual_action": [
            -0.404586583375931,
            0.0,
            0.08932578563690188
          ],
          "policy_residual_projection_delta": [
            -2.220446049250313e-16,
            0.0,
            2.7755575615628914e-17
          ],
          "vx_reference_mps": -0.38654470771428845,
          "wz_reference_rad_s": 0.11652093889224388,
          "along_track_error_m": -0.14137684760116997,
          "cross_track_error_m": 0.012335009169441061,
          "base_yaw_error_rad": 0.08297031054742954,
          "raw_velocity_reference_mps": -0.3663153785454919,
          "base_position_error_m": 0.14191393690844686,
          "feedforward_direction": -1.0,
          "feedback_motion_direction": -1.0,
          "direction_recovery_blend": 0.0,
          "motion_direction": -1.0,
          "perturbation_active": false,
          "perturbation_force_body_x_n": 0.0
        },
        {
          "step": 801,
          "elapsed_s": 4.0,
          "phase_time_s": 2.185098938500675,
          "progress_scale": 0.33515099166436557,
          "camera_recovery_progress_scale": 1.0,
          "camera_recovery_active": false,
          "position_error_m": 0.10032561731613436,
          "attitude_error_deg": 0.072715087622565,
          "pitch_deg": 6.324245041678172,
          "riser_error_m": 0.009094715605571513,
          "riser_thermal_load": 0.0001828887501541994,
          "proxy_error_deg": [
            0.03458815959541021,
            0.010654273468785516,
            0.0072445144704876415
          ],
          "proxy_signed_error_deg": [
            -0.03458815959541021,
            -0.010654273468785516,
            0.0072445144704876415
          ],
          "proxy_target_deg": [
            3.6965636108563733,
            1.9360845362209562,
            195.7948629596961
          ],
          "proxy_unwrapped_semantic_target_deg": [
            3.6965636108563733,
            1.9360845362209562,
            195.7948629596961
          ],
          "proxy_actual_deg": [
            3.731151580810547,
            1.9467387199401855,
            195.78761291503906
          ],
          "proxy_velocity_deg_s": [
            13.232682228088379,
            3.782024621963501,
            -2.9289276599884033
          ],
          "proxy_target_velocity_deg_s": [
            0.0,
            0.0,
            0.0
          ],
          "proxy_applied_effort_nm": [
            -1.6502994298934937,
            -0.46221277117729187,
            0.37229347229003906
          ],
          "base_xy_error_m": 0.1830359929075031,
          "commanded_base_xy_error_m": 0.13305007758933188,
          "progress_base_error_m": 0.1830359929075031,
          "progress_base_error_source": "nominal_plan_base_target",
          "base_yaw_error_deg": 3.6881773984317157,
          "actual_base_xy_yaw": [
            0.14428959786891937,
            -0.014616918750107288,
            3.100684673678702
          ],
          "target_base_xy_yaw": [
            0.3258608615039148,
            -0.0377264605375708,
            3.165055512678974
          ],
          "commanded_base_xy_yaw": [
            0.27639887991129886,
            -0.030411245097699983,
            3.165055512678974
          ],
          "camera_lever_arm_target_xy_m": [
            0.19421349489278283,
            0.04777385034382768
          ],
          "camera_lever_arm_actual_xy_m": [
            0.27768556773662567,
            0.03542868793010712
          ],
          "camera_lever_arm_error_xy_m": [
            0.08347207284384284,
            -0.012345162413720565
          ],
          "camera_lever_arm_correction_xy_m": [
            -0.04946198159261592,
            0.007315215439870815
          ],
          "camera_lever_arm_correction_saturated": true,
          "camera_position_error_xyz_m": [
            -0.0980863161878811,
            0.010810242353929887,
            -0.018095378603492973
          ],
          "actual_camera_position_world_m": [
            0.42198804020881653,
            0.020857632160186768,
            0.7190320491790771
          ],
          "target_camera_position_world_m": [
            0.5200743563966976,
            0.010047389806256881,
            0.7371274277825701
          ],
          "actual_yaw_rate_rad_s": 0.02817118912935257,
          "actual_root_velocity_mps": -0.1426110565662384,
          "wheel_derived_velocity_mps": -0.14385185413360596,
          "root_wheel_velocity_mismatch_mps": 0.0012407975673675575,
          "effective_velocity_reference_mps": -0.2763920120260976,
          "pitch_reference_rad": -0.10045885066038114,
          "total_pitch_reference_rad": -0.057771111726604533,
          "applied_pitch_bias_rad": 0.04268773893377661,
          "common_wheel_action": -0.20823508501052856,
          "phase_feedforward_v_mps": -0.13405824515615675,
          "phase_feedforward_wz_rad_s": 0.013158191590438083,
          "model_based_vx_reference_mps": -0.3474370928621419,
          "model_based_wz_reference_rad_s": 0.07505127911731212,
          "model_based_riser_target_m": 0.13420285333235527,
          "applied_policy_residual_action": [
            -0.3566954731941223,
            0.0,
            0.08932578563690186
          ],
          "effective_policy_residual_action": [
            -0.35669547319412187,
            0.0,
            0.08932578563690119
          ],
          "policy_residual_projection_delta": [
            4.440892098500626e-16,
            0.0,
            -6.661338147750939e-16
          ],
          "vx_reference_mps": -0.365271866521848,
          "wz_reference_rad_s": 0.07505127911731212,
          "along_track_error_m": -0.13336177981624073,
          "cross_track_error_m": 0.010359166506536458,
          "base_yaw_error_rad": 0.06452653107223226,
          "raw_velocity_reference_mps": -0.3474370928621419,
          "base_position_error_m": 0.13376351014557603,
          "feedforward_direction": -1.0,
          "feedback_motion_direction": -1.0,
          "direction_recovery_blend": 0.0,
          "motion_direction": -1.0,
          "perturbation_active": false,
          "perturbation_force_body_x_n": 0.0
        },
        {
          "step": 1001,
          "elapsed_s": 5.0,
          "phase_time_s": 2.5156127042823178,
          "progress_scale": 0.32612361601572437,
          "camera_recovery_progress_scale": 1.0,
          "camera_recovery_active": false,
          "position_error_m": 0.08554157744838355,
          "attitude_error_deg": 0.06533264287104779,
          "pitch_deg": 6.369381919921378,
          "riser_error_m": 0.009174448898473353,
          "riser_thermal_load": 0.00023889071952737262,
          "proxy_error_deg": [
            0.03432988733072657,
            0.011712240870314207,
            0.0058778324735547895
          ],
          "proxy_signed_error_deg": [
            -0.03432988733072657,
            -0.011712240870314207,
            0.0058778324735547895
          ],
          "proxy_target_deg": [
            3.685090179447914,
            1.8708992033626473,
            197.23753487202328
          ],
          "proxy_unwrapped_semantic_target_deg": [
            3.685090179447914,
            1.8708992033626473,
            197.23753487202328
          ],
          "proxy_actual_deg": [
            3.7194199562072754,
            1.8826113939285278,
            197.2316436767578
          ],
          "proxy_velocity_deg_s": [
            13.12506103515625,
            4.1476263999938965,
            -2.4367361068725586
          ],
          "proxy_target_velocity_deg_s": [
            0.0,
            0.0,
            0.0
          ],
          "proxy_applied_effort_nm": [
            -1.6306630373001099,
            -0.5192857980728149,
            0.29857295751571655
          ],
          "base_xy_error_m": 0.1714398829848146,
          "commanded_base_xy_error_m": 0.12144543061288587,
          "progress_base_error_m": 0.1714398829848146,
          "progress_base_error_source": "nominal_plan_base_target",
          "base_yaw_error_deg": 2.728014259926625,
          "actual_base_xy_yaw": [
            0.28724929690361023,
            -0.018771300092339516,
            3.1259174321355756
          ],
          "target_base_xy_yaw": [
            0.4580129710483787,
            -0.033983172772133585,
            3.1735302630126516
          ],
          "commanded_base_xy_yaw": [
            0.4082697217587369,
            -0.028922624372152567,
            3.1735302630126516
          ],
          "camera_lever_arm_target_xy_m": [
            0.1938214490858422,
            0.04882593584068921
          ],
          "camera_lever_arm_actual_xy_m": [
            0.2812767028808594,
            0.03992881812155247
          ],
          "camera_lever_arm_error_xy_m": [
            0.08745525379501717,
            -0.00889711771913674
          ],
          "camera_lever_arm_correction_xy_m": [
            -0.04974324928964181,
            0.0050605483999810194
          ],
          "camera_lever_arm_correction_saturated": true,
          "camera_position_error_xyz_m": [
            -0.08326613085428314,
            0.006342020360351773,
            -0.018544317260661858
          ],
          "actual_camera_position_world_m": [
            0.5685682892799377,
            0.021184783428907394,
            0.7535088658332825
          ],
          "target_camera_position_world_m": [
            0.6518344201342209,
            0.014842763068555621,
            0.7720531830939443
          ],
          "actual_yaw_rate_rad_s": 0.021465670317411423,
          "actual_root_velocity_mps": -0.13882020115852356,
          "wheel_derived_velocity_mps": -0.13889004459381102,
          "root_wheel_velocity_mismatch_mps": 6.984343528745884e-05,
          "effective_velocity_reference_mps": -0.25912623300457865,
          "pitch_reference_rad": -0.10471975511965978,
          "total_pitch_reference_rad": -0.06266322352298001,
          "applied_pitch_bias_rad": 0.04205653159667977,
          "common_wheel_action": -0.20201557874679565,
          "phase_feedforward_v_mps": -0.13061422472001608,
          "phase_feedforward_wz_rad_s": 0.005360423834317723,
          "model_based_vx_reference_mps": -0.3255988481491765,
          "model_based_wz_reference_rad_s": 0.05026225841469433,
          "model_based_riser_target_m": 0.16901652281586227,
          "applied_policy_residual_action": [
            -0.2963901460170746,
            0.0,
            0.08932578563690186
          ],
          "effective_policy_residual_action": [
            -0.2963901460170748,
            0.0,
            0.08932578563690119
          ],
          "policy_residual_projection_delta": [
            -2.220446049250313e-16,
            0.0,
            -6.661338147750939e-16
          ],
          "vx_reference_mps": -0.34041835545003024,
          "wz_reference_rad_s": 0.05026225841469433,
          "along_track_error_m": -0.12186538964322528,
          "cross_track_error_m": 0.008241259068608328,
          "base_yaw_error_rad": 0.04771976931940758,
          "raw_velocity_reference_mps": -0.3255988481491765,
          "base_position_error_m": 0.1221437331340869,
          "feedforward_direction": -1.0,
          "feedback_motion_direction": -1.0,
          "direction_recovery_blend": 0.0,
          "motion_direction": -1.0,
          "perturbation_active": false,
          "perturbation_force_body_x_n": 0.0
        },
        {
          "step": 1201,
          "elapsed_s": 6.0,
          "phase_time_s": 2.846039058156732,
          "progress_scale": 0.33087623239494857,
          "camera_recovery_progress_scale": 1.0,
          "camera_recovery_active": false,
          "position_error_m": 0.07204115690606049,
          "attitude_error_deg": 0.08261777916029177,
          "pitch_deg": 6.345618838025257,
          "riser_error_m": 0.009321343912218533,
          "riser_thermal_load": 0.0002945235484046527,
          "proxy_error_deg": [
            0.03439141337398997,
            0.010848740906007627,
            0.006252928676562547
          ],
          "proxy_signed_error_deg": [
            -0.03439141337398997,
            -0.010848740906007627,
            0.006252928676562547
          ],
          "proxy_target_deg": [
            3.6974450835420876,
            1.8057523400933655,
            198.15031395831326
          ],
          "proxy_unwrapped_semantic_target_deg": [
            3.6974450835420876,
            1.8057523400933655,
            198.15031395831326
          ],
          "proxy_actual_deg": [
            3.7318363189697266,
            1.816601037979126,
            198.14404296875
          ],
          "proxy_velocity_deg_s": [
            13.156705856323242,
            3.9223036766052246,
            -2.5035505294799805
          ],
          "proxy_target_velocity_deg_s": [
            0.0,
            0.0,
            0.0
          ],
          "proxy_applied_effort_nm": [
            -1.6363688707351685,
            -0.4722830653190613,
            0.3216594159603119
          ],
          "base_xy_error_m": 0.16034501381688307,
          "commanded_base_xy_error_m": 0.11034769632914479,
          "progress_base_error_m": 0.16034501381688307,
          "progress_base_error_source": "nominal_plan_base_target",
          "base_yaw_error_deg": 1.9862896471802565,
          "actual_base_xy_yaw": [
            0.4300496280193329,
            -0.01988542452454567,
            -3.1404705319595916
          ],
          "target_base_xy_yaw": [
            0.5901069266438425,
            -0.029486706364018452,
            3.1773820694615664
          ],
          "commanded_base_xy_yaw": [
            0.5402242140827662,
            -0.02606398996486228,
            3.1773820694615664
          ],
          "camera_lever_arm_target_xy_m": [
            0.19362112770078266,
            0.049373882231163124
          ],
          "camera_lever_arm_actual_xy_m": [
            0.284221351146698,
            0.04315732233226299
          ],
          "camera_lever_arm_error_xy_m": [
            0.09060022344591534,
            -0.006216559898900131
          ],
          "camera_lever_arm_correction_xy_m": [
            -0.04988271256107619,
            0.0034227163991561735
          ],
          "camera_lever_arm_correction_saturated": true,
          "camera_position_error_xyz_m": [
            -0.06945120412108385,
            0.00340479566734591,
            -0.018837884726231713
          ],
          "actual_camera_position_world_m": [
            0.7142768502235413,
            0.023291971534490585,
            0.7881871461868286
          ],
          "target_camera_position_world_m": [
            0.7837280543446251,
            0.019887175867144676,
            0.8070250309130603
          ],
          "actual_yaw_rate_rad_s": 0.014051235280930996,
          "actual_root_velocity_mps": -0.14262405037879944,
          "wheel_derived_velocity_mps": -0.14164481830596923,
          "root_wheel_velocity_mismatch_mps": -0.0009792320728302106,
          "effective_velocity_reference_mps": -0.246362812458337,
          "pitch_reference_rad": -0.0988929592759546,
          "total_pitch_reference_rad": -0.05746253106709466,
          "applied_pitch_bias_rad": 0.041430428208859935,
          "common_wheel_action": -0.20259074866771698,
          "phase_feedforward_v_mps": -0.13229260710476343,
          "phase_feedforward_wz_rad_s": 0.0031550894124598478,
          "model_based_vx_reference_mps": -0.30971771154657135,
          "model_based_wz_reference_rad_s": 0.035394854330222235,
          "model_based_riser_target_m": 0.2038787126675591,
          "applied_policy_residual_action": [
            -0.24070458114147186,
            0.0,
            0.08932578563690186
          ],
          "effective_policy_residual_action": [
            -0.24070458114147208,
            0.0,
            0.08932578563690119
          ],
          "policy_residual_projection_delta": [
            -2.220446049250313e-16,
            0.0,
            -6.661338147750939e-16
          ],
          "vx_reference_mps": -0.32175294060364495,
          "wz_reference_rad_s": 0.035394854330222235,
          "along_track_error_m": -0.11089069027612992,
          "cross_track_error_m": 0.006295335313799968,
          "base_yaw_error_rad": 0.034735639907051946,
          "raw_velocity_reference_mps": -0.30971771154657135,
          "base_position_error_m": 0.11106924163164955,
          "feedforward_direction": -1.0,
          "feedback_motion_direction": -1.0,
          "direction_recovery_blend": 0.0,
          "motion_direction": -1.0,
          "perturbation_active": false,
          "perturbation_force_body_x_n": 0.0
        },
        {
          "step": 1401,
          "elapsed_s": 7.0,
          "phase_time_s": 3.176097966636821,
          "progress_scale": 0.3303676394338765,
          "camera_recovery_progress_scale": 1.0,
          "camera_recovery_active": false,
          "position_error_m": 0.05872944725297694,
          "attitude_error_deg": 0.05304471434548797,
          "pitch_deg": 6.348161802830618,
          "riser_error_m": 0.009430859014851689,
          "riser_thermal_load": 0.00034947688046250167,
          "proxy_error_deg": [
            0.034772029555683245,
            0.010714199118901143,
            0.006482871900092682
          ],
          "proxy_signed_error_deg": [
            -0.034772029555683245,
            -0.010714199118901143,
            0.006482871900092682
          ],
          "proxy_target_deg": [
            3.6870006105052036,
            1.746393052723605,
            198.8637112735345
          ],
          "proxy_unwrapped_semantic_target_deg": [
            3.6870006105052036,
            1.746393052723605,
            198.8637112735345
          ],
          "proxy_actual_deg": [
            3.7217724323272705,
            1.757107138633728,
            198.8572235107422
          ],
          "proxy_velocity_deg_s": [
            13.30406665802002,
            3.7406070232391357,
            -2.6633412837982178
          ],
          "proxy_target_velocity_deg_s": [
            0.0,
            0.0,
            0.0
          ],
          "proxy_applied_effort_nm": [
            -1.6493386030197144,
            -0.4730835258960724,
            0.3229218125343323
          ],
          "base_xy_error_m": 0.14975177696475972,
          "commanded_base_xy_error_m": 0.0997537058678498,
          "progress_base_error_m": 0.14975177696475972,
          "progress_base_error_source": "nominal_plan_base_target",
          "base_yaw_error_deg": 1.4398789543412323,
          "actual_base_xy_yaw": [
            0.5723944306373596,
            -0.018916822969913483,
            -3.128260165908116
          ],
          "target_base_xy_yaw": [
            0.7220391637736673,
            -0.024577966729473336,
            3.1800557698548975
          ],
          "commanded_base_xy_yaw": [
            0.6720897388358891,
            -0.022329645492360037,
            3.1800557698548975
          ],
          "camera_lever_arm_target_xy_m": [
            0.193472585992577,
            0.049755258687306785
          ],
          "camera_lever_arm_actual_xy_m": [
            0.2876136898994446,
            0.04551778361201286
          ],
          "camera_lever_arm_error_xy_m": [
            0.09414110390686758,
            -0.004237475075293921
          ],
          "camera_lever_arm_correction_xy_m": [
            -0.049949424937778264,
            0.0022483212371132975
          ],
          "camera_lever_arm_correction_saturated": true,
          "camera_position_error_xyz_m": [
            -0.05549617864884315,
            0.0014403784738996825,
            -0.01916370110046106
          ],
          "actual_camera_position_world_m": [
            0.8600155711174011,
            0.02661767043173313,
            0.8228121399879456
          ],
          "target_camera_position_world_m": [
            0.9155117497662443,
            0.02517729195783345,
            0.8419758410884066
          ],
          "actual_yaw_rate_rad_s": 0.007742207497358322,
          "actual_root_velocity_mps": -0.14242559671401978,
          "wheel_derived_velocity_mps": -0.14282438535690306,
          "root_wheel_velocity_mismatch_mps": 0.0003987886428832854,
          "effective_velocity_reference_mps": -0.23250104608326172,
          "pitch_reference_rad": -0.09710696238655328,
          "total_pitch_reference_rad": -0.056293338605772784,
          "applied_pitch_bias_rad": 0.040813623780780496,
          "common_wheel_action": -0.21123050153255463,
          "phase_feedforward_v_mps": -0.13209647822274717,
          "phase_feedforward_wz_rad_s": 0.0023547070365048835,
          "model_based_vx_reference_mps": -0.29266836936871643,
          "model_based_wz_reference_rad_s": 0.02546038218209036,
          "model_based_riser_target_m": 0.23872433953033173,
          "applied_policy_residual_action": [
            -0.18478432297706604,
            0.0,
            0.08932578563690186
          ],
          "effective_policy_residual_action": [
            -0.18478432297706626,
            0.0,
            0.08932578563690119
          ],
          "policy_residual_projection_delta": [
            -2.220446049250313e-16,
            0.0,
            -6.661338147750939e-16
          ],
          "vx_reference_mps": -0.30190758551756974,
          "wz_reference_rad_s": 0.02546038218209036,
          "along_track_error_m": -0.1003574319662308,
          "cross_track_error_m": 0.004737570207128672,
          "base_yaw_error_rad": 0.025176692046898742,
          "raw_velocity_reference_mps": -0.29266836936871643,
          "base_position_error_m": 0.10046919290172544,
          "feedforward_direction": -1.0,
          "feedback_motion_direction": -1.0,
          "direction_recovery_blend": 0.0,
          "motion_direction": -1.0,
          "perturbation_active": false,
          "perturbation_force_body_x_n": 0.0
        },
        {
          "step": 1601,
          "elapsed_s": 8.0,
          "phase_time_s": 3.5080376739996906,
          "progress_scale": 0.33394904912517265,
          "camera_recovery_progress_scale": 1.0,
          "camera_recovery_active": false,
          "position_error_m": 0.04713131169813331,
          "attitude_error_deg": 0.05950214613682948,
          "pitch_deg": 6.330254754374137,
          "riser_error_m": 0.009480457520379959,
          "riser_thermal_load": 0.0004035652101822007,
          "proxy_error_deg": [
            0.03484189973730469,
            0.011312797183799371,
            0.005866704846426704
          ],
          "proxy_signed_error_deg": [
            -0.03484189973730469,
            -0.011312797183799371,
            0.005866704846426704
          ],
          "proxy_target_deg": [
            3.6999157837094225,
            1.6849563588958163,
            199.36060608562457
          ],
          "proxy_unwrapped_semantic_target_deg": [
            3.6999157837094225,
            1.6849563588958163,
            199.36060608562457
          ],
          "proxy_actual_deg": [
            3.734757423400879,
            1.6962690353393555,
            199.35472106933594
          ],
          "proxy_velocity_deg_s": [
            13.319640159606934,
            3.8302571773529053,
            -2.5377097129821777
          ],
          "proxy_target_velocity_deg_s": [
            0.0,
            0.0,
            0.0
          ],
          "proxy_applied_effort_nm": [
            -1.6501119136810303,
            -0.49825751781463623,
            0.2964441478252411
          ],
          "base_xy_error_m": 0.14046472770907156,
          "commanded_base_xy_error_m": 0.09046638867747599,
          "progress_base_error_m": 0.14046472770907156,
          "progress_base_error_source": "nominal_plan_base_target",
          "base_yaw_error_deg": 1.0477511646658753,
          "actual_base_xy_yaw": [
            0.7142759561538696,
            -0.016429688781499863,
            -3.1191731128628635
          ],
          "target_base_xy_yaw": [
            0.8547109184990329,
            -0.0193212422560499,
            3.1822989018817474
          ],
          "commanded_base_xy_yaw": [
            0.8047293161974486,
            -0.01796498587679692,
            3.1822989018817474
          ],
          "camera_lever_arm_target_xy_m": [
            0.19334309147633078,
            0.05008044019812177
          ],
          "camera_lever_arm_actual_xy_m": [
            0.29081010818481445,
            0.047435661777853966
          ],
          "camera_lever_arm_error_xy_m": [
            0.09746701670848368,
            -0.002644778420267807
          ],
          "camera_lever_arm_correction_xy_m": [
            -0.04998160230158429,
            0.0013562563792529811
          ],
          "camera_lever_arm_correction_saturated": true,
          "camera_position_error_xyz_m": [
            -0.04294851452248283,
            0.00025888411039737963,
            -0.01940924062698135
          ],
          "actual_camera_position_world_m": [
            1.0051054954528809,
            0.031018082052469254,
            0.8577250838279724
          ],
          "target_camera_position_world_m": [
            1.0480540099753637,
            0.030759197942071874,
            0.8771343244549538
          ],
          "actual_yaw_rate_rad_s": 0.005749449599534273,
          "actual_root_velocity_mps": -0.14015047252178192,
          "wheel_derived_velocity_mps": -0.14136874504089356,
          "root_wheel_velocity_mismatch_mps": 0.001218272519111635,
          "effective_velocity_reference_mps": -0.22155495000050732,
          "pitch_reference_rad": -0.09856444523847332,
          "total_pitch_reference_rad": -0.05835534142812566,
          "applied_pitch_bias_rad": 0.04020910381034767,
          "common_wheel_action": -0.20684753358364105,
          "phase_feedforward_v_mps": -0.13358952342436595,
          "phase_feedforward_wz_rad_s": 0.002181321943970601,
          "model_based_vx_reference_mps": -0.2793538779746845,
          "model_based_wz_reference_rad_s": 0.01883610732400593,
          "model_based_riser_target_m": 0.2737807442902469,
          "applied_policy_residual_action": [
            -0.13463211059570312,
            0.0,
            0.08932578563690186
          ],
          "effective_policy_residual_action": [
            -0.13463211059570268,
            0.0,
            0.08932578563690119
          ],
          "policy_residual_projection_delta": [
            4.440892098500626e-16,
            0.0,
            -6.661338147750939e-16
          ],
          "vx_reference_mps": -0.2860854835044696,
          "wz_reference_rad_s": 0.01883610732400593,
          "along_track_error_m": -0.09110272159394905,
          "cross_track_error_m": 0.003559335785089716,
          "base_yaw_error_rad": 0.018328157548058256,
          "raw_velocity_reference_mps": -0.2793538779746845,
          "base_position_error_m": 0.09117222577657963,
          "feedforward_direction": -1.0,
          "feedback_motion_direction": -1.0,
          "direction_recovery_blend": 0.0,
          "motion_direction": -1.0,
          "perturbation_active": false,
          "perturbation_force_body_x_n": 0.0
        },
        {
          "step": 1801,
          "elapsed_s": 9.0,
          "phase_time_s": 3.8436465444705417,
          "progress_scale": 0.34305915544013565,
          "camera_recovery_progress_scale": 1.0,
          "camera_recovery_active": false,
          "position_error_m": 0.037846939918567975,
          "attitude_error_deg": 0.03889171361894582,
          "pitch_deg": 6.284704222799322,
          "riser_error_m": 0.009558794094410128,
          "riser_thermal_load": 0.00045676288956720954,
          "proxy_error_deg": [
            0.034996949124702366,
            0.01086534791016698,
            0.006145185121715037
          ],
          "proxy_signed_error_deg": [
            -0.034996949124702366,
            -0.01086534791016698,
            0.006145185121715037
          ],
          "proxy_target_deg": [
            3.725279601721662,
            1.61713382625935,
            199.75445372625433
          ],
          "proxy_unwrapped_semantic_target_deg": [
            3.725279601721662,
            1.61713382625935,
            199.75445372625433
          ],
          "proxy_actual_deg": [
            3.7602763175964355,
            1.6279990673065186,
            199.748291015625
          ],
          "proxy_velocity_deg_s": [
            13.35023021697998,
            3.823768138885498,
            -2.4951815605163574
          ],
          "proxy_target_velocity_deg_s": [
            0.0,
            0.0,
            0.0
          ],
          "proxy_applied_effort_nm": [
            -1.660874366760254,
            -0.47144702076911926,
            0.31318047642707825
          ],
          "base_xy_error_m": 0.13287247193936208,
          "commanded_base_xy_error_m": 0.08287503699735024,
          "progress_base_error_m": 0.13287247193936208,
          "progress_base_error_source": "nominal_plan_base_target",
          "base_yaw_error_deg": 0.7862876431928235,
          "actual_base_xy_yaw": [
            0.8559677600860596,
            -0.012812494300305843,
            -3.1124215210231116
          ],
          "target_base_xy_yaw": [
            0.9888371890832974,
            -0.013711736884113044,
            3.1844870943979355
          ],
          "commanded_base_xy_yaw": [
            0.938842640893413,
            -0.012973393272151535,
            3.1844870943979355
          ],
          "camera_lever_arm_target_xy_m": [
            0.19321601309463832,
            0.05039379830984386
          ],
          "camera_lever_arm_actual_xy_m": [
            0.2936992645263672,
            0.04890981316566467
          ],
          "camera_lever_arm_error_xy_m": [
            0.10048325143172887,
            -0.0014839851441791896
          ],
          "camera_lever_arm_correction_xy_m": [
            -0.04999454818988443,
            0.0007383436119615082
          ],
          "camera_lever_arm_correction_saturated": true,
          "camera_position_error_xyz_m": [
            -0.032382482077532915,
            -0.0005742158213111123,
            -0.019581521694917114
          ],
          "actual_camera_position_world_m": [
            1.1496707201004028,
            0.03610784560441971,
            0.8931031823158264
          ],
          "target_camera_position_world_m": [
            1.1820532021779357,
            0.03668206142573082,
            0.9126847040107435
          ],
          "actual_yaw_rate_rad_s": 0.006174669601023197,
          "actual_root_velocity_mps": -0.14107570052146912,
          "wheel_derived_velocity_mps": -0.14199164791107177,
          "root_wheel_velocity_mismatch_mps": 0.000915947389602656,
          "effective_velocity_reference_mps": -0.21448479956285352,
          "pitch_reference_rad": -0.09576692967591402,
          "total_pitch_reference_rad": -0.05615132660210694,
          "applied_pitch_bias_rad": 0.03961560307380708,
          "common_wheel_action": -0.20516087114810944,
          "phase_feedforward_v_mps": -0.13715088651044696,
          "phase_feedforward_wz_rad_s": 0.0022550728549492476,
          "model_based_vx_reference_mps": -0.27082338471863676,
          "model_based_wz_reference_rad_s": 0.014897200129943694,
          "model_based_riser_target_m": 0.30923095066675205,
          "applied_policy_residual_action": [
            -0.09239906817674637,
            0.0,
            0.08932578563690186
          ],
          "effective_policy_residual_action": [
            -0.09239906817674615,
            0.0,
            0.08932578563690119
          ],
          "policy_residual_projection_delta": [
            2.220446049250313e-16,
            0.0,
            -6.661338147750939e-16
          ],
          "vx_reference_mps": -0.27544333812747407,
          "wz_reference_rad_s": 0.014897200129943694,
          "along_track_error_m": -0.08354531138011861,
          "cross_track_error_m": 0.0025758045071391836,
          "base_yaw_error_rad": 0.013754861696419351,
          "raw_velocity_reference_mps": -0.27082338471863676,
          "base_position_error_m": 0.08358500955590048,
          "feedforward_direction": -1.0,
          "feedback_motion_direction": -1.0,
          "direction_recovery_blend": 0.0,
          "motion_direction": -1.0,
          "perturbation_active": false,
          "perturbation_force_body_x_n": 0.0
        },
        {
          "step": 2001,
          "elapsed_s": 10.0,
          "phase_time_s": 4.18994568167886,
          "progress_scale": 0.3484321237507262,
          "camera_recovery_progress_scale": 1.0,
          "camera_recovery_active": false,
          "position_error_m": 0.03316322543269294,
          "attitude_error_deg": 0.059748561567507304,
          "pitch_deg": 6.257839381246369,
          "riser_error_m": 0.009575234146068257,
          "riser_thermal_load": 0.0005085518955591955,
          "proxy_error_deg": [
            0.03513178792375516,
            0.010900128120700252,
            0.006145878978496794
          ],
          "proxy_signed_error_deg": [
            -0.03513178792375516,
            -0.010900128120700252,
            0.006145878978496794
          ],
          "proxy_target_deg": [
            3.74587609460089,
            1.556965206822378,
            200.04945029036398
          ],
          "proxy_unwrapped_semantic_target_deg": [
            3.74587609460089,
            1.556965206822378,
            200.04945029036398
          ],
          "proxy_actual_deg": [
            3.781007766723633,
            1.567865252494812,
            200.0432891845703
          ],
          "proxy_velocity_deg_s": [
            13.395118713378906,
            3.8118643760681152,
            -2.517319440841675
          ],
          "proxy_target_velocity_deg_s": [
            0.0,
            0.0,
            0.0
          ],
          "proxy_applied_effort_nm": [
            -1.6602801084518433,
            -0.4926213324069977,
            0.29756346344947815
          ],
          "base_xy_error_m": 0.1304909012226476,
          "commanded_base_xy_error_m": 0.08049431157280863,
          "progress_base_error_m": 0.1304909012226476,
          "progress_base_error_source": "nominal_plan_base_target",
          "base_yaw_error_deg": 0.5842090466907234,
          "actual_base_xy_yaw": [
            0.9967334866523743,
            -0.008321668952703476,
            -3.106570607350608
          ],
          "target_base_xy_yaw": [
            1.1272224597881746,
            -0.007612308773985049,
            3.1868110712136684
          ],
          "commanded_base_xy_yaw": [
            1.0772228089248885,
            -0.007425457096202735,
            3.1868110712136684
          ],
          "camera_lever_arm_target_xy_m": [
            0.1930821070740616,
            0.050718183715861655
          ],
          "camera_lever_arm_actual_xy_m": [
            0.2969624400138855,
            0.050329976715147495
          ],
          "camera_lever_arm_error_xy_m": [
            0.1038803329398239,
            -0.0003882070007141594
          ],
          "camera_lever_arm_correction_xy_m": [
            -0.04999965086328614,
            0.0001868516777823137
          ],
          "camera_lever_arm_correction_saturated": true,
          "camera_position_error_xyz_m": [
            -0.02659207010472886,
            -0.0010874427717239427,
            -0.019785823128265934
          ],
          "actual_camera_position_world_m": [
            1.2937124967575073,
            0.042018432170152664,
            0.9295821785926819
          ],
          "target_camera_position_world_m": [
            1.3203045668622362,
            0.04310587494187661,
            0.9493680017209478
          ],
          "actual_yaw_rate_rad_s": 0.004577234853059053,
          "actual_root_velocity_mps": -0.14001643657684326,
          "wheel_derived_velocity_mps": -0.1409073875427246,
          "root_wheel_velocity_mismatch_mps": 0.0008909509658813486,
          "effective_velocity_reference_mps": -0.21352428727883455,
          "pitch_reference_rad": -0.0959990177293918,
          "total_pitch_reference_rad": -0.056979931697315175,
          "applied_pitch_bias_rad": 0.03901908603207663,
          "common_wheel_action": -0.20590892434120178,
          "phase_feedforward_v_mps": -0.1393649947827465,
          "phase_feedforward_wz_rad_s": 0.0023934177074903832,
          "model_based_vx_reference_mps": -0.26924619260893984,
          "model_based_wz_reference_rad_s": 0.01177890305072422,
          "model_based_riser_target_m": 0.34581329056734816,
          "applied_policy_residual_action": [
            -0.06934041529893875,
            0.0,
            0.08932578563690186
          ],
          "effective_policy_residual_action": [
            -0.06934041529893853,
            0.0,
            0.08932578563690119
          ],
          "policy_residual_projection_delta": [
            2.220446049250313e-16,
            0.0,
            -6.661338147750939e-16
          ],
          "vx_reference_mps": -0.27271321337388676,
          "wz_reference_rad_s": 0.01177890305072422,
          "along_track_error_m": -0.08117574864137084,
          "cross_track_error_m": 0.0019208488075098023,
          "base_yaw_error_rad": 0.01022229879541545,
          "raw_velocity_reference_mps": -0.26924619260893984,
          "base_position_error_m": 0.08119847183062211,
          "feedforward_direction": -1.0,
          "feedback_motion_direction": -1.0,
          "direction_recovery_blend": 0.0,
          "motion_direction": -1.0,
          "perturbation_active": false,
          "perturbation_force_body_x_n": 0.0
        },
        {
          "step": 2201,
          "elapsed_s": 11.0,
          "phase_time_s": 4.539122924426523,
          "progress_scale": 0.3491314497443708,
          "camera_recovery_progress_scale": 1.0,
          "camera_recovery_active": false,
          "position_error_m": 0.02963692481864356,
          "attitude_error_deg": 0.03883422647985481,
          "pitch_deg": 6.254342751278146,
          "riser_error_m": 0.00964308995208818,
          "riser_thermal_load": 0.00055923441041692,
          "proxy_error_deg": [
            0.035027559754930306,
            0.01066499106734167,
            0.006150165126579858
          ],
          "proxy_signed_error_deg": [
            -0.035027559754930306,
            -0.01066499106734167,
            0.006150165126579858
          ],
          "proxy_target_deg": [
            3.7287127507742768,
            1.5015957738426629,
            200.3456115789238
          ],
          "proxy_unwrapped_semantic_target_deg": [
            3.7287127507742768,
            1.5015957738426629,
            200.3456115789238
          ],
          "proxy_actual_deg": [
            3.763740062713623,
            1.5122606754302979,
            200.33944702148438
          ],
          "proxy_velocity_deg_s": [
            13.320822715759277,
            3.8979170322418213,
            -2.3810508251190186
          ],
          "proxy_target_velocity_deg_s": [
            0.0,
            0.0,
            0.0
          ],
          "proxy_applied_effort_nm": [
            -1.6580216884613037,
            -0.47559380531311035,
            0.30264347791671753
          ],
          "base_xy_error_m": 0.1295352037205675,
          "commanded_base_xy_error_m": 0.07953966955264488,
          "progress_base_error_m": 0.1295352037205675,
          "progress_base_error_source": "nominal_plan_base_target",
          "base_yaw_error_deg": 0.4399032408546607,
          "actual_base_xy_yaw": [
            1.1372220516204834,
            -0.003070059698075056,
            -3.1015685027828432
          ],
          "target_base_xy_yaw": [
            1.2667426848038845,
            -0.001127231167356445,
            3.1892945643398507
          ],
          "commanded_base_xy_yaw": [
            1.2167431969032922,
            -0.0013535267230488253,
            3.1892945643398507
          ],
          "camera_lever_arm_target_xy_m": [
            0.19294073776105813,
            0.05105460425930249
          ],
          "camera_lever_arm_actual_xy_m": [
            0.3006647825241089,
            0.05154215870425105
          ],
          "camera_lever_arm_error_xy_m": [
            0.10772404476305075,
            0.0004875544449485583
          ],
          "camera_lever_arm_correction_xy_m": [
            -0.049999487900592283,
            -0.00022629555569238038
          ],
          "camera_lever_arm_correction_saturated": true,
          "camera_position_error_xyz_m": [
            -0.02177977991052371,
            -0.0014465196535686647,
            -0.020047345975138908
          ],
          "actual_camera_position_world_m": [
            1.437903642654419,
            0.04848085343837738,
            0.9663073420524597
          ],
          "target_camera_position_world_m": [
            1.4596834225649427,
            0.049927373091946045,
            0.9863546880275986
          ],
          "actual_yaw_rate_rad_s": 0.005574255716055632,
          "actual_root_velocity_mps": -0.1395139843225479,
          "wheel_derived_velocity_mps": -0.14040761184692382,
          "root_wheel_velocity_mismatch_mps": 0.0008936275243759118,
          "effective_velocity_reference_mps": -0.2129436406947315,
          "pitch_reference_rad": -0.09576834788424614,
          "total_pitch_reference_rad": -0.05733749667858782,
          "applied_pitch_bias_rad": 0.03843085120565832,
          "common_wheel_action": -0.203661248087883,
          "phase_feedforward_v_mps": -0.13964332499142212,
          "phase_feedforward_wz_rad_s": 0.0025680102646173032,
          "model_based_vx_reference_mps": -0.26800895524073176,
          "model_based_wz_reference_rad_s": 0.009609372366265887,
          "model_based_riser_target_m": 0.38269991892776567,
          "applied_policy_residual_action": [
            -0.050158776342868805,
            0.0,
            0.08932578563690186
          ],
          "effective_policy_residual_action": [
            -0.05015877634286903,
            0.0,
            0.08932578563690119
          ],
          "policy_residual_projection_delta": [
            -2.220446049250313e-16,
            0.0,
            -6.661338147750939e-16
          ],
          "vx_reference_mps": -0.2705168940578752,
          "wz_reference_rad_s": 0.009609372366265887,
          "along_track_error_m": -0.0802285189058185,
          "cross_track_error_m": 0.001465150229171963,
          "base_yaw_error_rad": 0.007699239537838775,
          "raw_velocity_reference_mps": -0.26800895524073176,
          "base_position_error_m": 0.08024189623267461,
          "feedforward_direction": -1.0,
          "feedback_motion_direction": -1.0,
          "direction_recovery_blend": 0.0,
          "motion_direction": -1.0,
          "perturbation_active": false,
          "perturbation_force_body_x_n": 0.0
        },
        {
          "step": 2401,
          "elapsed_s": 12.0,
          "phase_time_s": 4.887871537799039,
          "progress_scale": 0.3504293564414025,
          "camera_recovery_progress_scale": 1.0,
          "camera_recovery_active": false,
          "position_error_m": 0.026495167815236545,
          "attitude_error_deg": 0.06769075274663555,
          "pitch_deg": 6.247853217792987,
          "riser_error_m": 0.009633889192890988,
          "riser_thermal_load": 0.0006086720663347064,
          "proxy_error_deg": [
            0.03522077257082378,
            0.010293653000329073,
            0.006498635414897938
          ],
          "proxy_signed_error_deg": [
            -0.03522077257082378,
            -0.010293653000329073,
            0.006498635414897938
          ],
          "proxy_target_deg": [
            3.7204445468121357,
            1.458999992666712,
            200.5414810443929
          ],
          "proxy_unwrapped_semantic_target_deg": [
            3.7204445468121357,
            1.458999992666712,
            200.5414810443929
          ],
          "proxy_actual_deg": [
            3.7556650638580322,
            1.4692935943603516,
            200.53497314453125
          ],
          "proxy_velocity_deg_s": [
            13.437111854553223,
            3.4892003536224365,
            -2.6917948722839355
          ],
          "proxy_target_velocity_deg_s": [
            0.0,
            0.0,
            0.0
          ],
          "proxy_applied_effort_nm": [
            -1.673822283744812,
            -0.437696635723114,
            0.3356510102748871
          ],
          "base_xy_error_m": 0.12860175106537658,
          "commanded_base_xy_error_m": 0.07860592008502058,
          "progress_base_error_m": 0.12860175106537658,
          "progress_base_error_source": "nominal_plan_base_target",
          "base_yaw_error_deg": 0.340972765942493,
          "actual_base_xy_yaw": [
            1.2775046825408936,
            0.0028434006962925196,
            -3.0971706135862735
          ],
          "target_base_xy_yaw": [
            1.4060745209779117,
            0.005708190629276531,
            3.1919657910186414
          ],
          "commanded_base_xy_yaw": [
            1.356078231165683,
            0.005099088822009784,
            3.1919657910186414
          ],
          "camera_lever_arm_target_xy_m": [
            0.1927906222551743,
            0.05140546911703864
          ],
          "camera_lever_arm_actual_xy_m": [
            0.30432701110839844,
            0.05276431026868522
          ],
          "camera_lever_arm_error_xy_m": [
            0.11153638885322414,
            0.0013588411516465837
          ],
          "camera_lever_arm_correction_xy_m": [
            -0.049996289812228915,
            -0.0006091018072667472
          ],
          "camera_lever_arm_correction_saturated": true,
          "camera_position_error_xyz_m": [
            -0.017011634283806254,
            -0.0014998402365705224,
            -0.02025706533080096
          ],
          "actual_camera_position_world_m": [
            1.5818535089492798,
            0.055613819509744644,
            1.0030356645584106
          ],
          "target_camera_position_world_m": [
            1.598865143233086,
            0.05711365974631517,
            1.0232927298892116
          ],
          "actual_yaw_rate_rad_s": -0.0008992866496555507,
          "actual_root_velocity_mps": -0.13804221153259277,
          "wheel_derived_velocity_mps": -0.14275479173660277,
          "root_wheel_velocity_mismatch_mps": 0.004712580204009997,
          "effective_velocity_reference_mps": -0.2125419759746597,
          "pitch_reference_rad": -0.09644863002754483,
          "total_pitch_reference_rad": -0.05858673070243632,
          "applied_pitch_bias_rad": 0.037861899325108514,
          "common_wheel_action": -0.20183607935905457,
          "phase_feedforward_v_mps": -0.1401853346530081,
          "phase_feedforward_wz_rad_s": 0.002802198710697418,
          "model_based_vx_reference_mps": -0.2670573296764964,
          "model_based_wz_reference_rad_s": 0.008099218548142962,
          "model_based_riser_target_m": 0.41953911423141943,
          "applied_policy_residual_action": [
            -0.031129196286201477,
            0.0,
            0.08932578563690186
          ],
          "effective_policy_residual_action": [
            -0.031129196286201477,
            0.0,
            0.08932578563690119
          ],
          "policy_residual_projection_delta": [
            0.0,
            0.0,
            -6.661338147750939e-16
          ],
          "vx_reference_mps": -0.2686137894908065,
          "wz_reference_rad_s": 0.008099218548142962,
          "along_track_error_m": -0.07929499688968022,
          "cross_track_error_m": 0.0012351431448274523,
          "base_yaw_error_rad": 0.005958112128905601,
          "raw_velocity_reference_mps": -0.2670573296764964,
          "base_position_error_m": 0.07930461594587424,
          "feedforward_direction": -1.0,
          "feedback_motion_direction": -1.0,
          "direction_recovery_blend": 0.0,
          "motion_direction": -1.0,
          "perturbation_active": false,
          "perturbation_force_body_x_n": 0.0
        },
        {
          "step": 2601,
          "elapsed_s": 13.0,
          "phase_time_s": 5.236549769487254,
          "progress_scale": 0.3489394360513288,
          "camera_recovery_progress_scale": 1.0,
          "camera_recovery_active": false,
          "position_error_m": 0.023805497657135605,
          "attitude_error_deg": 0.0793816862437216,
          "pitch_deg": 6.255302819743356,
          "riser_error_m": 0.009693529682106017,
          "riser_thermal_load": 0.0006568960120957442,
          "proxy_error_deg": [
            0.034530512652631025,
            0.012436206162698698,
            0.004564440048218808
          ],
          "proxy_signed_error_deg": [
            -0.034530512652631025,
            -0.012436206162698698,
            0.004564440048218808
          ],
          "proxy_target_deg": [
            3.6945376232154756,
            1.4164251742171,
            200.73657048582442
          ],
          "proxy_unwrapped_semantic_target_deg": [
            3.6945376232154756,
            1.4164251742171,
            200.73657048582442
          ],
          "proxy_actual_deg": [
            3.7290680408477783,
            1.4288612604141235,
            200.73199462890625
          ],
          "proxy_velocity_deg_s": [
            13.177876472473145,
            4.426535129547119,
            -1.8786325454711914
          ],
          "proxy_target_velocity_deg_s": [
            0.0,
            0.0,
            0.0
          ],
          "proxy_applied_effort_nm": [
            -1.634324550628662,
            -0.561255931854248,
            0.2244156450033188
          ],
          "base_xy_error_m": 0.12761369994223457,
          "commanded_base_xy_error_m": 0.07761763322559673,
          "progress_base_error_m": 0.12761369994223457,
          "progress_base_error_source": "nominal_plan_base_target",
          "base_yaw_error_deg": 0.2798247747093166,
          "actual_base_xy_yaw": [
            1.4177955389022827,
            0.009337203577160835,
            -3.0931924113695817
          ],
          "target_base_xy_yaw": [
            1.545358638637808,
            0.012930530560767525,
            3.1948767594573333
          ],
          "commanded_base_xy_yaw": [
            1.495367083453764,
            0.012011612566229114,
            3.1948767594573333
          ],
          "camera_lever_arm_target_xy_m": [
            0.19262905506052164,
            0.05177620593181305
          ],
          "camera_lever_arm_actual_xy_m": [
            0.30825626850128174,
            0.05390160344541073
          ],
          "camera_lever_arm_error_xy_m": [
            0.1156272134407601,
            0.0021253975135976794
          ],
          "camera_lever_arm_correction_xy_m": [
            -0.049991555184043975,
            -0.0009189179945384125
          ],
          "camera_lever_arm_correction_saturated": true,
          "camera_position_error_xyz_m": [
            -0.011921223552150417,
            -0.0014703658098642047,
            -0.020552960178736424
          ],
          "actual_camera_position_world_m": [
            1.7260664701461792,
            0.06323637068271637,
            1.0396653413772583
          ],
          "target_camera_position_world_m": [
            1.7379876936983296,
            0.06470673649258057,
            1.0602183015559947
          ],
          "actual_yaw_rate_rad_s": 0.007818733341991901,
          "actual_root_velocity_mps": -0.14031898975372314,
          "wheel_derived_velocity_mps": -0.14137466764450074,
          "root_wheel_velocity_mismatch_mps": 0.0010556778907775954,
          "effective_velocity_reference_mps": -0.21104720131507798,
          "pitch_reference_rad": -0.09384143358201553,
          "total_pitch_reference_rad": -0.05653399605261621,
          "applied_pitch_bias_rad": 0.03730743752939932,
          "common_wheel_action": -0.20470239222049713,
          "phase_feedforward_v_mps": -0.13954715592790934,
          "phase_feedforward_wz_rad_s": 0.0030452808439679524,
          "model_based_vx_reference_mps": -0.2648522991135386,
          "model_based_wz_reference_rad_s": 0.007307514091644277,
          "model_based_riser_target_m": 0.45636635668749237,
          "applied_policy_residual_action": [
            -0.010794050060212612,
            0.0,
            0.08932578563690186
          ],
          "effective_policy_residual_action": [
            -0.010794050060212168,
            0.0,
            0.08932578563690119
          ],
          "policy_residual_projection_delta": [
            4.440892098500626e-16,
            0.0,
            -6.661338147750939e-16
          ],
          "vx_reference_mps": -0.2653920016165492,
          "wz_reference_rad_s": 0.007307514091644277,
          "along_track_error_m": -0.07831571449101826,
          "cross_track_error_m": 0.001080143035928292,
          "base_yaw_error_rad": 0.0049020398346406365,
          "raw_velocity_reference_mps": -0.2648522991135386,
          "base_position_error_m": 0.07832316289078699,
          "feedforward_direction": -1.0,
          "feedback_motion_direction": -1.0,
          "direction_recovery_blend": 0.0,
          "motion_direction": -1.0,
          "perturbation_active": false,
          "perturbation_force_body_x_n": 0.0
        },
        {
          "step": 2801,
          "elapsed_s": 14.0,
          "phase_time_s": 5.585374333282685,
          "progress_scale": 0.34644684389109737,
          "camera_recovery_progress_scale": 1.0,
          "camera_recovery_active": false,
          "position_error_m": 0.022041021622682785,
          "attitude_error_deg": 0.10196913048150306,
          "pitch_deg": 6.267765780544513,
          "riser_error_m": 0.009687037867887882,
          "riser_thermal_load": 0.0007036690075556814,
          "proxy_error_deg": [
            0.03518422080961139,
            0.01153992687162045,
            0.005502002522688683
          ],
          "proxy_signed_error_deg": [
            -0.03518422080961139,
            -0.01153992687162045,
            0.005502002522688683
          ],
          "proxy_target_deg": [
            3.681466631147412,
            1.3696958250861486,
            200.9288079865726
          ],
          "proxy_unwrapped_semantic_target_deg": [
            3.681466631147412,
            1.3696958250861486,
            200.9288079865726
          ],
          "proxy_actual_deg": [
            3.7166507244110107,
            1.3812357187271118,
            200.9232940673828
          ],
          "proxy_velocity_deg_s": [
            13.426129341125488,
            3.9560248851776123,
            -2.348910331726074
          ],
          "proxy_target_velocity_deg_s": [
            0.0,
            0.0,
            0.0
          ],
          "proxy_applied_effort_nm": [
            -1.6636836528778076,
            -0.5144370794296265,
            0.27347177267074585
          ],
          "base_xy_error_m": 0.12694293969663273,
          "commanded_base_xy_error_m": 0.07694618375097394,
          "progress_base_error_m": 0.12694293969663273,
          "progress_base_error_source": "nominal_plan_base_target",
          "base_yaw_error_deg": 0.23625493306784487,
          "actual_base_xy_yaw": [
            1.557805061340332,
            0.016380827873945236,
            -3.0892218682304655
          ],
          "target_base_xy_yaw": [
            1.6846784803503074,
            0.020581481101974036,
            3.1980868654052337
          ],
          "commanded_base_xy_yaw": [
            1.6346931547926484,
            0.019370188860260987,
            3.1980868654052337
          ],
          "camera_lever_arm_target_xy_m": [
            0.19245294633112842,
            0.05217268786238537
          ],
          "camera_lever_arm_actual_xy_m": [
            0.3122844696044922,
            0.055076560005545616
          ],
          "camera_lever_arm_error_xy_m": [
            0.11983152327336377,
            0.0029038721431602493
          ],
          "camera_lever_arm_correction_xy_m": [
            -0.049985325557659076,
            -0.0012112922417130494
          ],
          "camera_lever_arm_correction_saturated": true,
          "camera_position_error_xyz_m": [
            -0.007032716621316215,
            -0.0012887959251138004,
            -0.02084913753993778
          ],
          "actual_camera_position_world_m": [
            1.8700987100601196,
            0.0714653730392456,
            1.076303243637085
          ],
          "target_camera_position_world_m": [
            1.8771314266814358,
            0.0727541689643594,
            1.0971523811770227
          ],
          "actual_yaw_rate_rad_s": 0.005257347598671913,
          "actual_root_velocity_mps": -0.14157742261886597,
          "wheel_derived_velocity_mps": -0.14247560577392576,
          "root_wheel_velocity_mismatch_mps": 0.0008981831550597952,
          "effective_velocity_reference_mps": -0.2099866624381315,
          "pitch_reference_rad": -0.09221373181499071,
          "total_pitch_reference_rad": -0.0554445159588197,
          "applied_pitch_bias_rad": 0.03676921585617101,
          "common_wheel_action": -0.21073120832443237,
          "phase_feedforward_v_mps": -0.1385409324593817,
          "phase_feedforward_wz_rad_s": 0.0033669679150109912,
          "model_based_vx_reference_mps": -0.2627829119598532,
          "model_based_wz_reference_rad_s": 0.006792245734484492,
          "model_based_riser_target_m": 0.49320200244842377,
          "applied_policy_residual_action": [
            0.0,
            0.0,
            0.08932578563690186
          ],
          "effective_policy_residual_action": [
            0.0,
            0.0,
            0.08932578563690119
          ],
          "policy_residual_projection_delta": [
            0.0,
            0.0,
            -6.661338147750939e-16
          ],
          "vx_reference_mps": -0.2627829119598532,
          "wz_reference_rad_s": 0.006792245734484492,
          "along_track_error_m": -0.0776512371877947,
          "cross_track_error_m": 0.001037645558356073,
          "base_yaw_error_rad": 0.004151455130839675,
          "raw_velocity_reference_mps": -0.2627829119598532,
          "base_position_error_m": 0.0776581698541752,
          "feedforward_direction": -1.0,
          "feedback_motion_direction": -1.0,
          "direction_recovery_blend": 0.0,
          "motion_direction": -1.0,
          "perturbation_active": false,
          "perturbation_force_body_x_n": 0.0
        },
        {
          "step": 3001,
          "elapsed_s": 15.0,
          "phase_time_s": 5.932773400312959,
          "progress_scale": 0.34837201808603,
          "camera_recovery_progress_scale": 1.0,
          "camera_recovery_active": false,
          "position_error_m": 0.021103759518760132,
          "attitude_error_deg": 0.03833517325022935,
          "pitch_deg": 6.25813990956985,
          "riser_error_m": 0.009691928430225372,
          "riser_thermal_load": 0.0007491689025049275,
          "proxy_error_deg": [
            0.034452689328154706,
            0.01304289179594082,
            0.00409875558536408
          ],
          "proxy_signed_error_deg": [
            -0.034452689328154706,
            -0.01304289179594082,
            0.00409875558536408
          ],
          "proxy_target_deg": [
            3.659061750589097,
            1.3026665865856646,
            201.2181249114677
          ],
          "proxy_unwrapped_semantic_target_deg": [
            3.659061750589097,
            1.3026665865856646,
            201.2181249114677
          ],
          "proxy_actual_deg": [
            3.693514347076416,
            1.3157093524932861,
            201.21401977539062
          ],
          "proxy_velocity_deg_s": [
            13.284262657165527,
            4.203622817993164,
            -2.0724799633026123
          ],
          "proxy_target_velocity_deg_s": [
            0.0,
            0.0,
            0.0
          ],
          "proxy_applied_effort_nm": [
            -1.640535831451416,
            -0.5599719285964966,
            0.22866271436214447
          ],
          "base_xy_error_m": 0.1255836629040069,
          "commanded_base_xy_error_m": 0.07558663827677396,
          "progress_base_error_m": 0.1255836629040069,
          "progress_base_error_source": "nominal_plan_base_target",
          "base_yaw_error_deg": 0.20916094712649858,
          "actual_base_xy_yaw": [
            1.6979056596755981,
            0.023998809978365898,
            -3.085183755768957
          ],
          "target_base_xy_yaw": [
            1.8234024039312038,
            0.028670380338571784,
            3.201652098604577
          ],
          "commanded_base_xy_yaw": [
            1.773423057779716,
            0.027233384072127557,
            3.201652098604577
          ],
          "camera_lever_arm_target_xy_m": [
            0.19225942662435447,
            0.052599816029438105
          ],
          "camera_lever_arm_actual_xy_m": [
            0.3158525228500366,
            0.05615334026515484
          ],
          "camera_lever_arm_error_xy_m": [
            0.12359309622568215,
            0.003553524235716733
          ],
          "camera_lever_arm_correction_xy_m": [
            -0.04997934615148768,
            -0.0014369962664442266
          ],
          "camera_lever_arm_correction_saturated": true,
          "camera_position_error_xyz_m": [
            -0.0018783756605387225,
            -0.0011182808177779557,
            -0.02099023150696877
          ],
          "actual_camera_position_world_m": [
            2.0137834548950195,
            0.08015191555023193,
            1.112936019897461
          ],
          "target_camera_position_world_m": [
            2.0156618305555583,
            0.08127019636800989,
            1.1339262514044297
          ],
          "actual_yaw_rate_rad_s": 0.005224688444286585,
          "actual_root_velocity_mps": -0.13847488164901733,
          "wheel_derived_velocity_mps": -0.139725337600708,
          "root_wheel_velocity_mismatch_mps": 0.0012504559516906544,
          "effective_velocity_reference_mps": -0.2098659475973846,
          "pitch_reference_rad": -0.09477708679268369,
          "total_pitch_reference_rad": -0.05853267342209482,
          "applied_pitch_bias_rad": 0.036244413370588875,
          "common_wheel_action": -0.20226161181926727,
          "phase_feedforward_v_mps": -0.13936625836773955,
          "phase_feedforward_wz_rad_s": 0.003780178922487856,
          "model_based_vx_reference_mps": -0.26140938799255264,
          "model_based_wz_reference_rad_s": 0.006646691267865124,
          "model_based_riser_target_m": 0.5298772201973457,
          "applied_policy_residual_action": [
            0.0,
            0.0,
            0.08932578563690186
          ],
          "effective_policy_residual_action": [
            0.0,
            0.0,
            0.08932578563690119
          ],
          "policy_residual_projection_delta": [
            0.0,
            0.0,
            -6.661338147750939e-16
          ],
          "vx_reference_mps": -0.26140938799255264,
          "wz_reference_rad_s": 0.006646691267865124,
          "along_track_error_m": -0.07627695601550817,
          "cross_track_error_m": 0.0010265746304541383,
          "base_yaw_error_rad": 0.003671978575882062,
          "raw_velocity_reference_mps": -0.26140938799255264,
          "base_position_error_m": 0.07628386378824593,
          "feedforward_direction": -1.0,
          "feedback_motion_direction": -1.0,
          "direction_recovery_blend": 0.0,
          "motion_direction": -1.0,
          "perturbation_active": false,
          "perturbation_force_body_x_n": 0.0
        },
        {
          "step": 3201,
          "elapsed_s": 16.0,
          "phase_time_s": 6.279788223098641,
          "progress_scale": 0.3471903099822532,
          "camera_recovery_progress_scale": 1.0,
          "camera_recovery_active": false,
          "position_error_m": 0.021550496003928266,
          "attitude_error_deg": 0.05368305640141779,
          "pitch_deg": 6.264048450088734,
          "riser_error_m": 0.009701161570776495,
          "riser_thermal_load": 0.0007931884803622295,
          "proxy_error_deg": [
            0.035509295460856495,
            0.0107022943440488,
            0.0061249449687912905
          ],
          "proxy_signed_error_deg": [
            -0.035509295460856495,
            -0.0107022943440488,
            0.0061249449687912905
          ],
          "proxy_target_deg": [
            3.633559043643273,
            1.2629506143883205,
            201.41213405804186
          ],
          "proxy_unwrapped_semantic_target_deg": [
            3.633559043643273,
            1.2629506143883205,
            201.41213405804186
          ],
          "proxy_actual_deg": [
            3.6690680980682373,
            1.2736527919769287,
            201.40599060058594
          ],
          "proxy_velocity_deg_s": [
            13.520344734191895,
            3.8583078384399414,
            -2.4242823123931885
          ],
          "proxy_target_velocity_deg_s": [
            0.0,
            0.0,
            0.0
          ],
          "proxy_applied_effort_nm": [
            -1.6866503953933716,
            -0.47364675998687744,
            0.30978381633758545
          ],
          "base_xy_error_m": 0.12421377053399292,
          "commanded_base_xy_error_m": 0.07421565933058824,
          "progress_base_error_m": 0.12421377053399292,
          "progress_base_error_source": "nominal_plan_base_target",
          "base_yaw_error_deg": 0.20058756602909775,
          "actual_base_xy_yaw": [
            1.8378318548202515,
            0.03218483552336693,
            -3.0810122562436346
          ],
          "target_base_xy_yaw": [
            1.9619412987290272,
            0.037274700249063555,
            3.205673964401721
          ],
          "commanded_base_xy_yaw": [
            1.9119706557469458,
            0.03556156278891794,
            3.205673964401721
          ],
          "camera_lever_arm_target_xy_m": [
            0.19204318319359892,
            0.05306728174116718
          ],
          "camera_lever_arm_actual_xy_m": [
            0.3197239637374878,
            0.05744454637169838
          ],
          "camera_lever_arm_error_xy_m": [
            0.12768078054388887,
            0.004377264630531202
          ],
          "camera_lever_arm_correction_xy_m": [
            -0.049970642982081453,
            -0.0017131374601456145
          ],
          "camera_lever_arm_correction_saturated": true,
          "camera_position_error_xyz_m": [
            0.003590648540020336,
            -0.0007087853978997999,
            -0.021237437329798103
          ],
          "actual_camera_position_world_m": [
            2.1575751304626465,
            0.08963319659233093,
            1.1494098901748657
          ],
          "target_camera_position_world_m": [
            2.153984481922626,
            0.09034198199023073,
            1.1706473275046638
          ],
          "actual_yaw_rate_rad_s": 0.003104005940258503,
          "actual_root_velocity_mps": -0.13996845483779907,
          "wheel_derived_velocity_mps": -0.1408270872116089,
          "root_wheel_velocity_mismatch_mps": 0.0008586323738098145,
          "effective_velocity_reference_mps": -0.20865798834939706,
          "pitch_reference_rad": -0.09390361392486041,
          "total_pitch_reference_rad": -0.05816612421687048,
          "applied_pitch_bias_rad": 0.03573748970798993,
          "common_wheel_action": -0.20268529653549194,
          "phase_feedforward_v_mps": -0.1388745188984473,
          "phase_feedforward_wz_rad_s": 0.004300581682724074,
          "model_based_vx_reference_mps": -0.2587277935827297,
          "model_based_wz_reference_rad_s": 0.006843976928106451,
          "model_based_riser_target_m": 0.5664985467865358,
          "applied_policy_residual_action": [
            0.0,
            0.0,
            0.08932578563690186
          ],
          "effective_policy_residual_action": [
            0.0,
            0.0,
            0.08932578563690119
          ],
          "policy_residual_projection_delta": [
            0.0,
            0.0,
            -6.661338147750939e-16
          ],
          "vx_reference_mps": -0.2587277935827297,
          "wz_reference_rad_s": 0.006843976928106451,
          "along_track_error_m": -0.07490829667767651,
          "cross_track_error_m": 0.0011169883767603028,
          "base_yaw_error_rad": 0.003515731508769026,
          "raw_velocity_reference_mps": -0.2587277935827297,
          "base_position_error_m": 0.07491662415101617,
          "feedforward_direction": -1.0,
          "feedback_motion_direction": -1.0,
          "direction_recovery_blend": 0.0,
          "motion_direction": -1.0,
          "perturbation_active": false,
          "perturbation_force_body_x_n": 0.0
        },
        {
          "step": 3401,
          "elapsed_s": 17.0,
          "phase_time_s": 6.626762509565366,
          "progress_scale": 0.3463499405822478,
          "camera_recovery_progress_scale": 1.0,
          "camera_recovery_active": false,
          "position_error_m": 0.02333218203890045,
          "attitude_error_deg": 0.08679027520979694,
          "pitch_deg": 6.268250297088762,
          "riser_error_m": 0.009713504053275201,
          "riser_thermal_load": 0.0008357111262416511,
          "proxy_error_deg": [
            0.03482765960135782,
            0.012693026323068074,
            0.0043111333432008445
          ],
          "proxy_signed_error_deg": [
            -0.03482765960135782,
            -0.012693026323068074,
            0.0043111333432008445
          ],
          "proxy_target_deg": [
            3.6261639808092316,
            1.2162394322620542,
            201.6079859209964
          ],
          "proxy_unwrapped_semantic_target_deg": [
            3.6261639808092316,
            1.2162394322620542,
            201.6079859209964
          ],
          "proxy_actual_deg": [
            3.6609914302825928,
            1.2289323806762695,
            201.60366821289062
          ],
          "proxy_velocity_deg_s": [
            13.345686912536621,
            4.324504375457764,
            -1.9602947235107422
          ],
          "proxy_target_velocity_deg_s": [
            0.0,
            0.0,
            0.0
          ],
          "proxy_applied_effort_nm": [
            -1.6540167331695557,
            -0.556511402130127,
            0.22758105397224426
          ],
          "base_xy_error_m": 0.12289648021207455,
          "commanded_base_xy_error_m": 0.07289765007448519,
          "progress_base_error_m": 0.12289648021207455,
          "progress_base_error_source": "nominal_plan_base_target",
          "base_yaw_error_deg": 0.21788694535281772,
          "actual_base_xy_yaw": [
            1.9776530265808105,
            0.040958624333143234,
            -3.076705860716476
          ],
          "target_base_xy_yaw": [
            2.100425696623429,
            0.046473725340661895,
            3.21028229105663
          ],
          "commanded_base_xy_yaw": [
            2.050464940269914,
            0.04449311316642714,
            3.21028229105663
          ],
          "camera_lever_arm_target_xy_m": [
            0.19179742526099863,
            0.0535869680472546
          ],
          "camera_lever_arm_actual_xy_m": [
            0.32354235649108887,
            0.058809779584407806
          ],
          "camera_lever_arm_error_xy_m": [
            0.13174493123009023,
            0.005222811537153205
          ],
          "camera_lever_arm_correction_xy_m": [
            -0.04996075635351484,
            -0.001980612174234757
          ],
          "camera_lever_arm_correction_saturated": true,
          "camera_position_error_xyz_m": [
            0.008991096255220654,
            -0.00028955138199608654,
            -0.021528285273633152
          ],
          "actual_camera_position_world_m": [
            2.3012142181396484,
            0.09977114200592041,
            1.1858199834823608
          ],
          "target_camera_position_world_m": [
            2.292223121884428,
            0.1000606933879165,
            1.207348268755994
          ],
          "actual_yaw_rate_rad_s": 0.00689724599942565,
          "actual_root_velocity_mps": -0.13950437307357788,
          "wheel_derived_velocity_mps": -0.1398535032272339,
          "root_wheel_velocity_mismatch_mps": 0.00034913015365600764,
          "effective_velocity_reference_mps": -0.20758635336626852,
          "pitch_reference_rad": -0.09321097753566077,
          "total_pitch_reference_rad": -0.05796492157667849,
          "applied_pitch_bias_rad": 0.035246055958982274,
          "common_wheel_action": -0.20316468179225922,
          "phase_feedforward_v_mps": -0.1385354683080455,
          "phase_feedforward_wz_rad_s": 0.004967692033908126,
          "model_based_vx_reference_mps": -0.25627845421890305,
          "model_based_wz_reference_rad_s": 0.007774936573806476,
          "model_based_riser_target_m": 0.603097889162223,
          "applied_policy_residual_action": [
            0.0,
            0.0,
            0.08932578563690186
          ],
          "effective_policy_residual_action": [
            0.0,
            0.0,
            0.08932578563690119
          ],
          "policy_residual_projection_delta": [
            0.0,
            0.0,
            -6.661338147750939e-16
          ],
          "vx_reference_mps": -0.25627845421890305,
          "wz_reference_rad_s": 0.007774936573806476,
          "along_track_error_m": -0.07358936619428598,
          "cross_track_error_m": 0.0011923003673819542,
          "base_yaw_error_rad": 0.0038297459091427336,
          "raw_velocity_reference_mps": -0.25627845421890305,
          "base_position_error_m": 0.07359902442996633,
          "feedforward_direction": -1.0,
          "feedback_motion_direction": -1.0,
          "direction_recovery_blend": 0.0,
          "motion_direction": -1.0,
          "perturbation_active": false,
          "perturbation_force_body_x_n": 0.0
        },
        {
          "step": 3601,
          "elapsed_s": 18.0,
          "phase_time_s": 6.973553781113289,
          "progress_scale": 0.347761826061054,
          "camera_recovery_progress_scale": 1.0,
          "camera_recovery_active": false,
          "position_error_m": 0.025807352877224948,
          "attitude_error_deg": 0.048162172616942604,
          "pitch_deg": 6.26119086969473,
          "riser_error_m": 0.009697405052464747,
          "riser_thermal_load": 0.0008767720629730134,
          "proxy_error_deg": [
            0.03536945440397097,
            0.010101493182453767,
            0.0062443125510806856
          ],
          "proxy_signed_error_deg": [
            -0.03536945440397097,
            -0.010101493182453767,
            0.0062443125510806856
          ],
          "proxy_target_deg": [
            3.596250665028271,
            1.1574003507292796,
            201.90091247960353
          ],
          "proxy_unwrapped_semantic_target_deg": [
            3.596250665028271,
            1.1574003507292796,
            201.90091247960353
          ],
          "proxy_actual_deg": [
            3.631619930267334,
            1.1675018072128296,
            201.8946533203125
          ],
          "proxy_velocity_deg_s": [
            13.507418632507324,
            3.4625582695007324,
            -2.5934107303619385
          ],
          "proxy_target_velocity_deg_s": [
            0.0,
            0.0,
            0.0
          ],
          "proxy_applied_effort_nm": [
            -1.6763112545013428,
            -0.44433289766311646,
            0.31258586049079895
          ],
          "base_xy_error_m": 0.12170479242017013,
          "commanded_base_xy_error_m": 0.0717059047749998,
          "progress_base_error_m": 0.12170479242017013,
          "progress_base_error_source": "nominal_plan_base_target",
          "base_yaw_error_deg": 0.25130161695829784,
          "actual_base_xy_yaw": [
            2.117233991622925,
            0.05033125728368759,
            -3.0719178147623074
          ],
          "target_base_xy_yaw": [
            2.238789554937264,
            0.05635633200276076,
            3.215653533048787
          ],
          "commanded_base_xy_yaw": [
            2.1888388438120177,
            0.05413676941472905,
            3.215653533048787
          ],
          "camera_lever_arm_target_xy_m": [
            0.19151287542478546,
            0.05417459288186918
          ],
          "camera_lever_arm_actual_xy_m": [
            0.3270888328552246,
            0.06019891798496246
          ],
          "camera_lever_arm_error_xy_m": [
            0.13557595743043915,
            0.006024325103093281
          ],
          "camera_lever_arm_correction_xy_m": [
            -0.04995071112524636,
            -0.00221956258803171
          ],
          "camera_lever_arm_correction_saturated": true,
          "camera_position_error_xyz_m": [
            0.014041851788219262,
            1.3391585993074995e-05,
            -0.021652844652671366
          ],
          "actual_camera_position_world_m": [
            2.4443442821502686,
            0.11054431647062302,
            1.2223560810089111
          ],
          "target_camera_position_world_m": [
            2.4303024303620493,
            0.11053092488462994,
            1.2440089256615825
          ],
          "actual_yaw_rate_rad_s": 0.0052690268494188786,
          "actual_root_velocity_mps": -0.13768720626831055,
          "wheel_derived_velocity_mps": -0.13974067096710205,
          "root_wheel_velocity_mismatch_mps": 0.0020534646987915017,
          "effective_velocity_reference_mps": -0.20684842328182146,
          "pitch_reference_rad": -0.0936487689349132,
          "total_pitch_reference_rad": -0.05888509734313637,
          "applied_pitch_bias_rad": 0.034763671591776825,
          "common_wheel_action": -0.2001698613166809,
          "phase_feedforward_v_mps": -0.13911736627438687,
          "phase_feedforward_wz_rad_s": 0.005865702308139499,
          "model_based_vx_reference_mps": -0.2549408024737779,
          "model_based_wz_reference_rad_s": 0.00939119499015962,
          "model_based_riser_target_m": 0.6396543657305653,
          "applied_policy_residual_action": [
            0.013171209953725338,
            0.0,
            0.08932578563690186
          ],
          "effective_policy_residual_action": [
            0.013171209953725116,
            0.0,
            0.08932578563690119
          ],
          "policy_residual_projection_delta": [
            -2.220446049250313e-16,
            0.0,
            -6.661338147750939e-16
          ],
          "vx_reference_mps": -0.25428224197609167,
          "wz_reference_rad_s": 0.00939119499015962,
          "along_track_error_m": -0.0723896476246194,
          "cross_track_error_m": 0.0011864700107611158,
          "base_yaw_error_rad": 0.004420998081801497,
          "raw_velocity_reference_mps": -0.2549408024737779,
          "base_position_error_m": 0.07239937012366199,
          "feedforward_direction": -1.0,
          "feedback_motion_direction": -1.0,
          "direction_recovery_blend": 0.0,
          "motion_direction": -1.0,
          "perturbation_active": false,
          "perturbation_force_body_x_n": 0.0
        },
        {
          "step": 3801,
          "elapsed_s": 19.0,
          "phase_time_s": 7.321842842709863,
          "progress_scale": 0.34506270605579425,
          "camera_recovery_progress_scale": 1.0,
          "camera_recovery_active": false,
          "position_error_m": 0.02867199033897497,
          "attitude_error_deg": 0.06459571295278327,
          "pitch_deg": 6.274686469721029,
          "riser_error_m": 0.00962224409057777,
          "riser_thermal_load": 0.000916107313618348,
          "proxy_error_deg": [
            0.03535575088114509,
            0.010517621339255288,
            0.006114167102477971
          ],
          "proxy_signed_error_deg": [
            -0.03535575088114509,
            -0.010517621339255288,
            0.006114167102477971
          ],
          "proxy_target_deg": [
            3.579541504141967,
            1.1033705459607572,
            202.19726718564684
          ],
          "proxy_unwrapped_semantic_target_deg": [
            3.579541504141967,
            1.1033705459607572,
            202.19726718564684
          ],
          "proxy_actual_deg": [
            3.6148970127105713,
            1.113888144493103,
            202.19114685058594
          ],
          "proxy_velocity_deg_s": [
            13.46756649017334,
            3.832343339920044,
            -2.3861517906188965
          ],
          "proxy_target_velocity_deg_s": [
            0.0,
            0.0,
            0.0
          ],
          "proxy_applied_effort_nm": [
            -1.6711444854736328,
            -0.4740186631679535,
            0.2951899468898773
          ],
          "base_xy_error_m": 0.12155183186358517,
          "commanded_base_xy_error_m": 0.07155270999485229,
          "progress_base_error_m": 0.12155183186358517,
          "progress_base_error_source": "nominal_plan_base_target",
          "base_yaw_error_deg": 0.29471197616652556,
          "actual_base_xy_yaw": [
            2.2563233375549316,
            0.060395460575819016,
            -3.0662484986649936
          ],
          "target_base_xy_yaw": [
            2.3776902903821977,
            0.06709699702781657,
            3.222080502843758
          ],
          "commanded_base_xy_yaw": [
            2.3277543210339404,
            0.06456737941839119,
            3.222080502843758
          ],
          "camera_lever_arm_target_xy_m": [
            0.1911740082161697,
            0.054856509347863236
          ],
          "camera_lever_arm_actual_xy_m": [
            0.33101344108581543,
            0.06194038689136505
          ],
          "camera_lever_arm_error_xy_m": [
            0.13983943286964573,
            0.007083877543501815
          ],
          "camera_lever_arm_correction_xy_m": [
            -0.04993596934825724,
            -0.002529617609425382
          ],
          "camera_lever_arm_correction_saturated": true,
          "camera_position_error_xyz_m": [
            0.018522071106832794,
            0.00039476493464962736,
            -0.02188287167073999
          ],
          "actual_camera_position_world_m": [
            2.5873863697052,
            0.12234827131032944,
            1.2589167356491089
          ],
          "target_camera_position_world_m": [
            2.5688642985983674,
            0.12195350637567981,
            1.2807996073198489
          ],
          "actual_yaw_rate_rad_s": 0.005202639382332563,
          "actual_root_velocity_mps": -0.13621631264686584,
          "wheel_derived_velocity_mps": -0.13471760063171387,
          "root_wheel_velocity_mismatch_mps": -0.0014987120151519762,
          "effective_velocity_reference_mps": -0.20596233201539094,
          "pitch_reference_rad": -0.09562480994531855,
          "total_pitch_reference_rad": -0.061332212047097594,
          "applied_pitch_bias_rad": 0.03429259789822096,
          "common_wheel_action": -0.1998375803232193,
          "phase_feedforward_v_mps": -0.13813754148700128,
          "phase_feedforward_wz_rad_s": 0.006964905071871397,
          "model_based_vx_reference_mps": -0.2536994662684243,
          "model_based_wz_reference_rad_s": 0.011353999211068836,
          "model_based_riser_target_m": 0.676336793155214,
          "applied_policy_residual_action": [
            0.031060345470905304,
            0.0,
            0.08932578563690186
          ],
          "effective_policy_residual_action": [
            0.031060345470905748,
            0.0,
            0.08932578563690119
          ],
          "policy_residual_projection_delta": [
            4.440892098500626e-16,
            0.0,
            -6.661338147750939e-16
          ],
          "vx_reference_mps": -0.25214644899487904,
          "wz_reference_rad_s": 0.011353999211068836,
          "along_track_error_m": -0.07222620298838939,
          "cross_track_error_m": 0.0012146399291652708,
          "base_yaw_error_rad": 0.005175878360787789,
          "raw_velocity_reference_mps": -0.2536994662684243,
          "base_position_error_m": 0.07223641566604444,
          "feedforward_direction": -1.0,
          "feedback_motion_direction": -1.0,
          "direction_recovery_blend": 0.0,
          "motion_direction": -1.0,
          "perturbation_active": false,
          "perturbation_force_body_x_n": 0.0
        },
        {
          "step": 4001,
          "elapsed_s": 20.0,
          "phase_time_s": 7.669166749057849,
          "progress_scale": 0.3493229511732251,
          "camera_recovery_progress_scale": 1.0,
          "camera_recovery_active": false,
          "position_error_m": 0.031878847935395686,
          "attitude_error_deg": 0.04211521438608027,
          "pitch_deg": 6.253385244133875,
          "riser_error_m": 0.00964047314455141,
          "riser_thermal_load": 0.0009541694938512628,
          "proxy_error_deg": [
            0.035511504985069664,
            0.01021232851329509,
            0.00602397672129421
          ],
          "proxy_signed_error_deg": [
            -0.035511504985069664,
            -0.01021232851329509,
            0.00602397672129421
          ],
          "proxy_target_deg": [
            3.566301668909237,
            1.040633086025794,
            202.59358751431486
          ],
          "proxy_unwrapped_semantic_target_deg": [
            3.566301668909237,
            1.040633086025794,
            202.59358751431486
          ],
          "proxy_actual_deg": [
            3.6018130779266357,
            1.0508453845977783,
            202.58755493164062
          ],
          "proxy_velocity_deg_s": [
            13.503456115722656,
            3.9793410301208496,
            -2.19913649559021
          ],
          "proxy_target_velocity_deg_s": [
            0.0,
            0.0,
            0.0
          ],
          "proxy_applied_effort_nm": [
            -1.6898468732833862,
            -0.44724681973457336,
            0.30896949768066406
          ],
          "base_xy_error_m": 0.12056616972934206,
          "commanded_base_xy_error_m": 0.07056694971139305,
          "progress_base_error_m": 0.12056616972934206,
          "progress_base_error_source": "nominal_plan_base_target",
          "base_yaw_error_deg": 0.3499325260790625,
          "actual_base_xy_yaw": [
            2.395789861679077,
            0.07135464251041412,
            -3.059366792054625
          ],
          "target_base_xy_yaw": [
            2.516126519410912,
            0.07879037308217163,
            3.2299259898648622
          ],
          "commanded_base_xy_yaw": [
            2.4662089786937282,
            0.07591998482475946,
            3.2299259898648622
          ],
          "camera_lever_arm_target_xy_m": [
            0.19076131571774946,
            0.055663382747373175
          ],
          "camera_lever_arm_actual_xy_m": [
            0.3341221809387207,
            0.06390700489282608
          ],
          "camera_lever_arm_error_xy_m": [
            0.14336086522097125,
            0.008243622145452906
          ],
          "camera_lever_arm_correction_xy_m": [
            -0.04991754071718388,
            -0.002870388257412167
          ],
          "camera_lever_arm_correction_saturated": true,
          "camera_position_error_xyz_m": [
            0.02304232730114819,
            0.0008192984125892921,
            -0.022014559917154175
          ],
          "actual_camera_position_world_m": [
            2.7299301624298096,
            0.1352730542421341,
            1.295434594154358
          ],
          "target_camera_position_world_m": [
            2.7068878351286614,
            0.1344537558295448,
            1.317449154071512
          ],
          "actual_yaw_rate_rad_s": 0.0067602708004415035,
          "actual_root_velocity_mps": -0.13909900188446045,
          "wheel_derived_velocity_mps": -0.13706700906753538,
          "root_wheel_velocity_mismatch_mps": -0.0020319928169250656,
          "effective_velocity_reference_mps": -0.20606685642743128,
          "pitch_reference_rad": -0.09255645117487918,
          "total_pitch_reference_rad": -0.05872098515681581,
          "applied_pitch_bias_rad": 0.03383546601806337,
          "common_wheel_action": -0.1993998885154724,
          "phase_feedforward_v_mps": -0.1397299659410424,
          "phase_feedforward_wz_rad_s": 0.008735157385306634,
          "model_based_vx_reference_mps": -0.2537321721421306,
          "model_based_wz_reference_rad_s": 0.014251224418453114,
          "model_based_riser_target_m": 0.7128734767608844,
          "applied_policy_residual_action": [
            0.04927048832178116,
            0.0,
            0.08932578563690186
          ],
          "effective_policy_residual_action": [
            0.049270488321780936,
            0.0,
            0.08932578563690119
          ],
          "policy_residual_projection_delta": [
            -2.220446049250313e-16,
            0.0,
            -6.661338147750939e-16
          ],
          "vx_reference_mps": -0.25126864772604157,
          "wz_reference_rad_s": 0.014251224418453114,
          "along_track_error_m": -0.07125137887568014,
          "cross_track_error_m": 0.0012319096177838057,
          "base_yaw_error_rad": 0.006136609549851823,
          "raw_velocity_reference_mps": -0.2537321721421306,
          "base_position_error_m": 0.07126202770755338,
          "feedforward_direction": -1.0,
          "feedback_motion_direction": -1.0,
          "direction_recovery_blend": 0.0,
          "motion_direction": -1.0,
          "perturbation_active": false,
          "perturbation_force_body_x_n": 0.0
        },
        {
          "step": 4201,
          "elapsed_s": 21.0,
          "phase_time_s": 8.017094803140278,
          "progress_scale": 0.34843229450545543,
          "camera_recovery_progress_scale": 1.0,
          "camera_recovery_active": false,
          "position_error_m": 0.0353742856698559,
          "attitude_error_deg": 0.11537706334681923,
          "pitch_deg": 6.257838527472723,
          "riser_error_m": 0.009593606392670373,
          "riser_thermal_load": 0.0009905387378234363,
          "proxy_error_deg": [
            0.0354573639215342,
            0.011161669196666543,
            0.0052945175790848125
          ],
          "proxy_signed_error_deg": [
            -0.0354573639215342,
            -0.011161669196666543,
            0.0052945175790848125
          ],
          "proxy_target_deg": [
            3.550843169707204,
            0.990100947558067,
            202.99067559319087
          ],
          "proxy_unwrapped_semantic_target_deg": [
            3.550843169707204,
            0.990100947558067,
            202.99067559319087
          ],
          "proxy_actual_deg": [
            3.5863003730773926,
            1.0012625455856323,
            202.98536682128906
          ],
          "proxy_velocity_deg_s": [
            13.49609088897705,
            4.020800590515137,
            -2.0956451892852783
          ],
          "proxy_target_velocity_deg_s": [
            0.0,
            0.0,
            0.0
          ],
          "proxy_applied_effort_nm": [
            -1.680793046951294,
            -0.49632027745246887,
            0.26535722613334656
          ],
          "base_xy_error_m": 0.12026383679060769,
          "commanded_base_xy_error_m": 0.07026412906520303,
          "progress_base_error_m": 0.12026383679060769,
          "progress_base_error_source": "nominal_plan_base_target",
          "base_yaw_error_deg": 0.4364515587153662,
          "actual_base_xy_yaw": [
            2.5347230434417725,
            0.0833367183804512,
            -3.0505684662142603
          ],
          "target_base_xy_yaw": [
            2.6546917705143387,
            0.0917566331179078,
            3.2402343576903703
          ],
          "commanded_base_xy_yaw": [
            2.6048054846288218,
            0.0883863986233264,
            3.2402343576903703
          ],
          "camera_lever_arm_target_xy_m": [
            0.1902256611707731,
            0.05662730466419674
          ],
          "camera_lever_arm_actual_xy_m": [
            0.3376326560974121,
            0.06658587604761124
          ],
          "camera_lever_arm_error_xy_m": [
            0.147406994926639,
            0.009958571383414494
          ],
          "camera_lever_arm_correction_xy_m": [
            -0.049886285885517016,
            -0.0033702344945813994
          ],
          "camera_lever_arm_correction_saturated": true,
          "camera_position_error_xyz_m": [
            0.02746544757209035,
            0.0015561804115218625,
            -0.02223887539522007
          ],
          "actual_camera_position_world_m": [
            2.872382879257202,
            0.1499401181936264,
            1.3318631649017334
          ],
          "target_camera_position_world_m": [
            2.844917431685112,
            0.14838393778210454,
            1.3541020402969535
          ],
          "actual_yaw_rate_rad_s": 0.012167123146355152,
          "actual_root_velocity_mps": -0.1376512050628662,
          "wheel_derived_velocity_mps": -0.13862114143371582,
          "root_wheel_velocity_mismatch_mps": 0.0009699363708496056,
          "effective_velocity_reference_mps": -0.20546616062581965,
          "pitch_reference_rad": -0.09311441513693589,
          "total_pitch_reference_rad": -0.05972425107066666,
          "applied_pitch_bias_rad": 0.033390164066269226,
          "common_wheel_action": -0.1987137496471405,
          "phase_feedforward_v_mps": -0.1394085030877618,
          "phase_feedforward_wz_rad_s": 0.011178322797909063,
          "model_based_vx_reference_mps": -0.2529188647116748,
          "model_based_wz_reference_rad_s": 0.018374689526073372,
          "model_based_riser_target_m": 0.7494066957633979,
          "applied_policy_residual_action": [
            0.06708801537752151,
            0.0,
            0.08932578563690186
          ],
          "effective_policy_residual_action": [
            0.06708801537752163,
            0.0,
            0.08932578563690119
          ],
          "policy_residual_projection_delta": [
            1.1102230246251565e-16,
            0.0,
            -6.661338147750939e-16
          ],
          "vx_reference_mps": -0.24956446394279871,
          "wz_reference_rad_s": 0.018374689526073372,
          "along_track_error_m": -0.07094397601494563,
          "cross_track_error_m": 0.0013381952484378436,
          "base_yaw_error_rad": 0.007669716334017561,
          "raw_velocity_reference_mps": -0.2529188647116748,
          "base_position_error_m": 0.07095659588320259,
          "feedforward_direction": -1.0,
          "feedback_motion_direction": -1.0,
          "direction_recovery_blend": 0.0,
          "motion_direction": -1.0,
          "perturbation_active": false,
          "perturbation_force_body_x_n": 0.0
        },
        {
          "step": 4401,
          "elapsed_s": 22.0,
          "phase_time_s": 8.364495822324004,
          "progress_scale": 0.34584040847016484,
          "camera_recovery_progress_scale": 1.0,
          "camera_recovery_active": false,
          "position_error_m": 0.03935162155111081,
          "attitude_error_deg": 0.04255329246433919,
          "pitch_deg": 6.270797957649176,
          "riser_error_m": 0.009581793830571339,
          "riser_thermal_load": 0.0010253995196436163,
          "proxy_error_deg": [
            0.03558774807706724,
            0.009930134215660767,
            0.005268705471471149
          ],
          "proxy_signed_error_deg": [
            -0.03558774807706724,
            -0.009930134215660767,
            0.005268705471471149
          ],
          "proxy_target_deg": [
            3.5045793400198777,
            0.9219392546756242,
            203.69139986916989
          ],
          "proxy_unwrapped_semantic_target_deg": [
            3.5045793400198777,
            0.9219392546756242,
            203.69139986916989
          ],
          "proxy_actual_deg": [
            3.5401668548583984,
            0.9318693280220032,
            203.68612670898438
          ],
          "proxy_velocity_deg_s": [
            13.569246292114258,
            3.5189127922058105,
            -2.183793783187866
          ],
          "proxy_target_velocity_deg_s": [
            0.0,
            0.0,
            0.0
          ],
          "proxy_applied_effort_nm": [
            -1.6900310516357422,
            -0.42495691776275635,
            0.2800091505050659
          ],
          "base_xy_error_m": 0.11981077115111209,
          "commanded_base_xy_error_m": 0.06981115847991065,
          "progress_base_error_m": 0.11981077115111209,
          "progress_base_error_source": "nominal_plan_base_target",
          "base_yaw_error_deg": 0.5477952505249758,
          "actual_base_xy_yaw": [
            2.6734657287597656,
            0.09666024148464203,
            -3.0394051084997824
          ],
          "target_base_xy_yaw": [
            2.792888172731593,
            0.10629874549822692,
            3.2533410294282517
          ],
          "commanded_base_xy_yaw": [
            2.743038370662392,
            0.10242611930125317,
            3.2533410294282517
          ],
          "camera_lever_arm_target_xy_m": [
            0.1895342408945262,
            0.05786860016987251
          ],
          "camera_lever_arm_actual_xy_m": [
            0.3411886692047119,
            0.06965000927448273
          ],
          "camera_lever_arm_error_xy_m": [
            0.15165442831018572,
            0.011781409104610216
          ],
          "camera_lever_arm_correction_xy_m": [
            -0.04984980206920096,
            -0.0038726261969737412
          ],
          "camera_lever_arm_correction_saturated": true,
          "camera_position_error_xyz_m": [
            0.03224938889463269,
            0.002169280146338437,
            -0.02244596307292901
          ],
          "actual_camera_position_world_m": [
            3.014671802520752,
            0.16633662581443787,
            1.3681713342666626
          ],
          "target_camera_position_world_m": [
            2.9824224136261193,
            0.16416734566809943,
            1.3906172973395916
          ],
          "actual_yaw_rate_rad_s": 0.01274903118610382,
          "actual_root_velocity_mps": -0.1379351168870926,
          "wheel_derived_velocity_mps": -0.138923787689209,
          "root_wheel_velocity_mismatch_mps": 0.0009886708021163981,
          "effective_velocity_reference_mps": -0.20398384432039104,
          "pitch_reference_rad": -0.09367844681287671,
          "total_pitch_reference_rad": -0.06072914166188434,
          "applied_pitch_bias_rad": 0.03294930515099237,
          "common_wheel_action": -0.19167061150074005,
          "phase_feedforward_v_mps": -0.1383465794265501,
          "phase_feedforward_wz_rad_s": 0.015298288350061742,
          "model_based_vx_reference_mps": -0.2511406587539133,
          "model_based_wz_reference_rad_s": 0.024817342852692516,
          "model_based_riser_target_m": 0.7857926979519703,
          "applied_policy_residual_action": [
            0.08633678406476974,
            0.0,
            0.08932578563690186
          ],
          "effective_policy_residual_action": [
            0.08633678406476997,
            0.0,
            0.08932578563690119
          ],
          "policy_residual_projection_delta": [
            2.220446049250313e-16,
            0.0,
            -6.661338147750939e-16
          ],
          "vx_reference_mps": -0.24682381955067478,
          "wz_reference_rad_s": 0.024817342852692516,
          "along_track_error_m": -0.07049629957960198,
          "cross_track_error_m": 0.0013571950159335109,
          "base_yaw_error_rad": 0.009629039188775867,
          "raw_velocity_reference_mps": -0.2511406587539133,
          "base_position_error_m": 0.07050936273097541,
          "feedforward_direction": -1.0,
          "feedback_motion_direction": -1.0,
          "direction_recovery_blend": 0.0,
          "motion_direction": -1.0,
          "perturbation_active": false,
          "perturbation_force_body_x_n": 0.0
        },
        {
          "step": 4601,
          "elapsed_s": 23.0,
          "phase_time_s": 8.711750739492512,
          "progress_scale": 0.3448758150046298,
          "camera_recovery_progress_scale": 1.0,
          "camera_recovery_active": false,
          "position_error_m": 0.04351502154250737,
          "attitude_error_deg": 0.10529616957685507,
          "pitch_deg": 6.2756209249768515,
          "riser_error_m": 0.009570299047141573,
          "riser_thermal_load": 0.0010587550001344712,
          "proxy_error_deg": [
            0.03475719178766944,
            0.012784496971872217,
            0.0032201555346550387
          ],
          "proxy_signed_error_deg": [
            -0.03475719178766944,
            -0.012784496971872217,
            0.0032201555346550387
          ],
          "proxy_target_deg": [
            3.478214857798635,
            0.8564399443167896,
            204.51051764238701
          ],
          "proxy_unwrapped_semantic_target_deg": [
            3.478214857798635,
            0.8564399443167896,
            204.51051764238701
          ],
          "proxy_actual_deg": [
            3.512971878051758,
            0.8692243695259094,
            204.50729370117188
          ],
          "proxy_velocity_deg_s": [
            13.261495590209961,
            4.788155555725098,
            -1.277469515800476
          ],
          "proxy_target_velocity_deg_s": [
            0.0,
            0.0,
            0.0
          ],
          "proxy_applied_effort_nm": [
            -1.6500402688980103,
            -0.5645374059677124,
            0.17487920820713043
          ],
          "base_xy_error_m": 0.11922051307191045,
          "commanded_base_xy_error_m": 0.06922051803649582,
          "progress_base_error_m": 0.11922051307191045,
          "progress_base_error_source": "nominal_plan_base_target",
          "base_yaw_error_deg": 0.7450956633519136,
          "actual_base_xy_yaw": [
            2.8120861053466797,
            0.11179471015930176,
            -3.0232931851496097
          ],
          "target_base_xy_yaw": [
            2.930774337407392,
            0.12304790114817785,
            3.2728964945977994
          ],
          "commanded_base_xy_yaw": [
            2.8809959715598876,
            0.11834531743791545,
            3.2728964945977994
          ],
          "camera_lever_arm_target_xy_m": [
            0.18850338843600722,
            0.05956486227305818
          ],
          "camera_lever_arm_actual_xy_m": [
            0.344127893447876,
            0.07426677644252777
          ],
          "camera_lever_arm_error_xy_m": [
            0.15562450501186875,
            0.014701914169469588
          ],
          "camera_lever_arm_correction_xy_m": [
            -0.049778365847504225,
            -0.004702583710262401
          ],
          "camera_lever_arm_correction_saturated": true,
          "camera_position_error_xyz_m": [
            0.036972989412338286,
            0.003474487288297662,
            -0.022682219729194486
          ],
          "actual_camera_position_world_m": [
            3.1562507152557373,
            0.1860872507095337,
            1.4042794704437256
          ],
          "target_camera_position_world_m": [
            3.119277725843399,
            0.18261276342123603,
            1.42696169017292
          ],
          "actual_yaw_rate_rad_s": 0.022799786180257797,
          "actual_root_velocity_mps": -0.13676096498966217,
          "wheel_derived_velocity_mps": -0.1329193576812744,
          "root_wheel_velocity_mismatch_mps": -0.0038416073083877567,
          "effective_velocity_reference_mps": -0.20286846894156843,
          "pitch_reference_rad": -0.09362934361774868,
          "total_pitch_reference_rad": -0.06110833810923182,
          "applied_pitch_bias_rad": 0.03252100550851685,
          "common_wheel_action": -0.19588199257850647,
          "phase_feedforward_v_mps": -0.1380173984595041,
          "phase_feedforward_wz_rad_s": 0.02362139774066736,
          "model_based_vx_reference_mps": -0.24983793826399564,
          "model_based_wz_reference_rad_s": 0.03690060184559035,
          "model_based_riser_target_m": 0.82199376668325,
          "applied_policy_residual_action": [
            0.10559564083814621,
            0.0,
            0.08932578563690186
          ],
          "effective_policy_residual_action": [
            0.10559564083814643,
            0.0,
            0.08932578563690119
          ],
          "policy_residual_projection_delta": [
            2.220446049250313e-16,
            0.0,
            -6.661338147750939e-16
          ],
          "vx_reference_mps": -0.24455815622208832,
          "wz_reference_rad_s": 0.03690060184559035,
          "along_track_error_m": -0.06988783737780721,
          "cross_track_error_m": 0.0016228203820301476,
          "base_yaw_error_rad": 0.013094528898306843,
          "raw_velocity_reference_mps": -0.24983793826399564,
          "base_position_error_m": 0.06990667607131067,
          "feedforward_direction": -1.0,
          "feedback_motion_direction": -1.0,
          "direction_recovery_blend": 0.0,
          "motion_direction": -1.0,
          "perturbation_active": false,
          "perturbation_force_body_x_n": 0.0
        },
        {
          "step": 4801,
          "elapsed_s": 24.0,
          "phase_time_s": 9.061131951752467,
          "progress_scale": 0.35065150834415715,
          "camera_recovery_progress_scale": 1.0,
          "camera_recovery_active": false,
          "position_error_m": 0.046290042956690036,
          "attitude_error_deg": 0.06596855950207517,
          "pitch_deg": 6.246742458279214,
          "riser_error_m": 0.009492093810051783,
          "riser_thermal_load": 0.0010904656392320322,
          "proxy_error_deg": [
            0.03587511078971822,
            0.008134718911661188,
            0.005326806910962936
          ],
          "proxy_signed_error_deg": [
            -0.03587511078971822,
            -0.008134718911661188,
            0.005326806910962936
          ],
          "proxy_target_deg": [
            3.473779814737487,
            0.7584716262654069,
            206.06209368811574
          ],
          "proxy_unwrapped_semantic_target_deg": [
            3.473779814737487,
            0.7584716262654069,
            206.06209368811574
          ],
          "proxy_actual_deg": [
            3.5096547603607178,
            0.766606330871582,
            206.0567626953125
          ],
          "proxy_velocity_deg_s": [
            13.911333084106445,
            2.617241859436035,
            -2.5191593170166016
          ],
          "proxy_target_velocity_deg_s": [
            0.0,
            0.0,
            0.0
          ],
          "proxy_applied_effort_nm": [
            -1.7295968532562256,
            -0.3358830213546753,
            0.30964213609695435
          ],
          "base_xy_error_m": 0.11951137192028181,
          "commanded_base_xy_error_m": 0.06951258022041436,
          "progress_base_error_m": 0.11951137192028181,
          "progress_base_error_source": "nominal_plan_base_target",
          "base_yaw_error_deg": 1.1192806960181552,
          "actual_base_xy_yaw": [
            2.950309991836548,
            0.12967154383659363,
            -2.9964869899033575
          ],
          "target_base_xy_yaw": [
            3.0690294346964726,
            0.14340696903194114,
            3.3062334506757596
          ],
          "commanded_base_xy_yaw": [
            3.0193919203721613,
            0.1373972126555333,
            3.3062334506757596
          ],
          "camera_lever_arm_target_xy_m": [
            0.18674570299396143,
            0.06209390731337719
          ],
          "camera_lever_arm_actual_xy_m": [
            0.34539055824279785,
            0.0813014954328537
          ],
          "camera_lever_arm_error_xy_m": [
            0.15864485524883642,
            0.01920758811947651
          ],
          "camera_lever_arm_correction_xy_m": [
            -0.04963751432431145,
            -0.006009756376407816
          ],
          "camera_lever_arm_correction_saturated": true,
          "camera_position_error_xyz_m": [
            0.03995187685119195,
            0.005550468526202668,
            -0.02271140489135437
          ],
          "actual_camera_position_world_m": [
            3.295727014541626,
            0.211051344871521,
            1.44050133228302
          ],
          "target_camera_position_world_m": [
            3.255775137690434,
            0.20550087634531833,
            1.4632127371743744
          ],
          "actual_yaw_rate_rad_s": 0.032516639679670334,
          "actual_root_velocity_mps": -0.13554376363754272,
          "wheel_derived_velocity_mps": -0.13677665615081785,
          "root_wheel_velocity_mismatch_mps": 0.00123289251327513,
          "effective_velocity_reference_mps": -0.20537823118013981,
          "pitch_reference_rad": -0.09852441269184853,
          "total_pitch_reference_rad": -0.06643700367367858,
          "applied_pitch_bias_rad": 0.03208740901816994,
          "common_wheel_action": -0.1700592190027237,
          "phase_feedforward_v_mps": -0.14033768202245048,
          "phase_feedforward_wz_rad_s": 0.04848799132991674,
          "model_based_vx_reference_mps": -0.2525893162862374,
          "model_based_wz_reference_rad_s": 0.06866132607031794,
          "model_based_riser_target_m": 0.8580765073384942,
          "applied_policy_residual_action": [
            0.11845342069864273,
            0.0,
            0.08932578563690186
          ],
          "effective_policy_residual_action": [
            0.11845342069864262,
            0.0,
            0.08932578563690119
          ],
          "policy_residual_projection_delta": [
            -1.1102230246251565e-16,
            0.0,
            -6.661338147750939e-16
          ],
          "vx_reference_mps": -0.24666664525130524,
          "wz_reference_rad_s": 0.06866132607031794,
          "along_track_error_m": -0.07015727141486681,
          "cross_track_error_m": 0.0023329105532251034,
          "base_yaw_error_rad": 0.019727250475199052,
          "raw_velocity_reference_mps": -0.2525893162862374,
          "base_position_error_m": 0.07019604835052068,
          "feedforward_direction": -1.0,
          "feedback_motion_direction": -1.0,
          "direction_recovery_blend": 0.0,
          "motion_direction": -1.0,
          "perturbation_active": false,
          "perturbation_force_body_x_n": 0.0
        },
        {
          "step": 5001,
          "elapsed_s": 25.0,
          "phase_time_s": 9.408153963312254,
          "progress_scale": 0.3447386989570418,
          "camera_recovery_progress_scale": 1.0,
          "camera_recovery_active": false,
          "position_error_m": 0.051731351696934165,
          "attitude_error_deg": 0.09692417691355425,
          "pitch_deg": 6.276306505214792,
          "riser_error_m": 0.009397382879235527,
          "riser_thermal_load": 0.001120545685416135,
          "proxy_error_deg": [
            0.03590679547548399,
            0.013455923422827913,
            0.003809845086175109
          ],
          "proxy_signed_error_deg": [
            -0.03590679547548399,
            -0.013455923422827913,
            0.003809845086175109
          ],
          "proxy_target_deg": [
            3.4078090569175954,
            0.6578967103109481,
            209.33472352758494
          ],
          "proxy_unwrapped_semantic_target_deg": [
            3.4078090569175954,
            0.6578967103109481,
            209.33472352758494
          ],
          "proxy_actual_deg": [
            3.4437155723571777,
            0.6713526248931885,
            209.33090209960938
          ],
          "proxy_velocity_deg_s": [
            13.826620101928711,
            4.368438720703125,
            -1.9401469230651855
          ],
          "proxy_target_velocity_deg_s": [
            0.0,
            0.0,
            0.0
          ],
          "proxy_applied_effort_nm": [
            -1.7120506763458252,
            -0.5647982358932495,
            0.22739824652671814
          ],
          "base_xy_error_m": 0.1190458197668842,
          "commanded_base_xy_error_m": 0.06908855293178272,
          "progress_base_error_m": 0.1190458197668842,
          "progress_base_error_source": "nominal_plan_base_target",
          "base_yaw_error_deg": 2.315985645400722,
          "actual_base_xy_yaw": [
            3.0871920585632324,
            0.15245714783668518,
            -2.9380574158054205
          ],
          "target_base_xy_yaw": [
            3.204867100824,
            0.1704707991294147,
            3.385549466315334
          ],
          "commanded_base_xy_yaw": [
            3.155705572488683,
            0.1613524587247232,
            3.385549466315334
          ],
          "camera_lever_arm_target_xy_m": [
            0.18269162768443792,
            0.06641400737314146
          ],
          "camera_lever_arm_actual_xy_m": [
            0.34512829780578613,
            0.09654229879379272
          ],
          "camera_lever_arm_error_xy_m": [
            0.16243667012134821,
            0.030128291420651265
          ],
          "camera_lever_arm_correction_xy_m": [
            -0.049161528335316944,
            -0.009118340404691496
          ],
          "camera_lever_arm_correction_saturated": true,
          "camera_position_error_xyz_m": [
            0.044721335120712524,
            0.012273680221343675,
            -0.02292360589516873
          ],
          "actual_camera_position_world_m": [
            3.4322800636291504,
            0.24915848672389984,
            1.475290060043335
          ],
          "target_camera_position_world_m": [
            3.387558728508438,
            0.23688480650255617,
            1.4982136659385037
          ],
          "actual_yaw_rate_rad_s": 0.09717776626348495,
          "actual_root_velocity_mps": -0.1452196091413498,
          "wheel_derived_velocity_mps": -0.14022903747558593,
          "root_wheel_velocity_mismatch_mps": -0.00499057166576386,
          "effective_velocity_reference_mps": -0.18785090801135426,
          "pitch_reference_rad": -0.08341158423552349,
          "total_pitch_reference_rad": -0.05179803137174799,
          "applied_pitch_bias_rad": 0.0316135528637755,
          "common_wheel_action": -0.2301994264125824,
          "phase_feedforward_v_mps": -0.12042883253879644,
          "phase_feedforward_wz_rad_s": 0.13785589863656728,
          "model_based_vx_reference_mps": -0.23181511691907714,
          "model_based_wz_reference_rad_s": 0.17928504828086192,
          "model_based_riser_target_m": 0.8928598715305112,
          "applied_policy_residual_action": [
            0.1422736793756485,
            0.0,
            0.08932578563690186
          ],
          "effective_policy_residual_action": [
            0.1422736793756485,
            0.0,
            0.08932578563690119
          ],
          "policy_residual_projection_delta": [
            0.0,
            0.0,
            -6.661338147750939e-16
          ],
          "vx_reference_mps": -0.2247014329502947,
          "wz_reference_rad_s": 0.17928504828086192,
          "along_track_error_m": -0.06961642773767544,
          "cross_track_error_m": 0.005108230675837903,
          "base_yaw_error_rad": 0.040909579715042915,
          "raw_velocity_reference_mps": -0.23181511691907714,
          "base_position_error_m": 0.06980358895925451,
          "feedforward_direction": -1.0,
          "feedback_motion_direction": -1.0,
          "direction_recovery_blend": 0.0,
          "motion_direction": -1.0,
          "perturbation_active": false,
          "perturbation_force_body_x_n": 0.0
        },
        {
          "step": 5201,
          "elapsed_s": 26.0,
          "phase_time_s": 9.967764037576293,
          "progress_scale": 0.6789141564590135,
          "camera_recovery_progress_scale": 1.0,
          "camera_recovery_active": false,
          "position_error_m": 0.04644291252726557,
          "attitude_error_deg": 0.0900763224587979,
          "pitch_deg": 4.605429217704932,
          "riser_error_m": 0.008300781791499068,
          "riser_thermal_load": 0.0011467116367374676,
          "proxy_error_deg": [
            0.017534266042531707,
            0.013679735952820618,
            0.1758797396858055
          ],
          "proxy_signed_error_deg": [
            -0.017534266042531707,
            -0.013679735952820618,
            -0.1758797396858055
          ],
          "proxy_target_deg": [
            4.988916702175006,
            -0.0021377559583671112,
            221.22202477212286
          ],
          "proxy_unwrapped_semantic_target_deg": [
            4.988916702175006,
            -0.0021377559583671112,
            221.22202477212286
          ],
          "proxy_actual_deg": [
            5.006450653076172,
            0.011541979387402534,
            221.39788818359375
          ],
          "proxy_velocity_deg_s": [
            10.673737525939941,
            3.9982073307037354,
            33.71176528930664
          ],
          "proxy_target_velocity_deg_s": [
            -4.1407924353691,
            1.138032939134555,
            36.389136563882495
          ],
          "proxy_applied_effort_nm": [
            -1.1434544324874878,
            -0.5437480211257935,
            -5.767025470733643
          ],
          "base_xy_error_m": 0.09506674339116487,
          "commanded_base_xy_error_m": 0.04962196666029255,
          "progress_base_error_m": 0.09506674339116487,
          "progress_base_error_source": "nominal_plan_base_target",
          "base_yaw_error_deg": 3.2139594566768093,
          "actual_base_xy_yaw": [
            3.1909711360931396,
            0.1782638281583786,
            -2.729885985703254
          ],
          "target_base_xy_yaw": [
            3.2841338312742456,
            0.19719522867693307,
            3.609393496020951
          ],
          "commanded_base_xy_yaw": [
            3.240323522065666,
            0.1730984071635339,
            3.609393496020951
          ],
          "camera_lever_arm_target_xy_m": [
            0.17425643534188717,
            0.06965236974128841
          ],
          "camera_lever_arm_actual_xy_m": [
            0.28258705139160156,
            0.12923705577850342
          ],
          "camera_lever_arm_error_xy_m": [
            0.10833061604971439,
            0.05958468603721501
          ],
          "camera_lever_arm_correction_xy_m": [
            -0.04381030920857992,
            -0.024096821513399178
          ],
          "camera_lever_arm_correction_saturated": true,
          "camera_position_error_xyz_m": [
            0.015297382157060557,
            0.04056568159200191,
            -0.016654119614449847
          ],
          "actual_camera_position_world_m": [
            3.4736876487731934,
            0.3074132800102234,
            1.5003728866577148
          ],
          "target_camera_position_world_m": [
            3.458390266616133,
            0.2668475984182215,
            1.5170270062721647
          ],
          "actual_yaw_rate_rad_s": 0.31368839740753174,
          "actual_root_velocity_mps": -0.017499152570962906,
          "wheel_derived_velocity_mps": -0.015314108848571777,
          "root_wheel_velocity_mismatch_mps": -0.002185043722391129,
          "effective_velocity_reference_mps": -0.1002903319766587,
          "pitch_reference_rad": -0.10471975511965978,
          "total_pitch_reference_rad": -0.07383162594862194,
          "applied_pitch_bias_rad": 0.030888129171037833,
          "common_wheel_action": -0.07921309769153595,
          "phase_feedforward_v_mps": -0.05399414175389057,
          "phase_feedforward_wz_rad_s": 0.2724461422695134,
          "model_based_vx_reference_mps": -0.1232515594446293,
          "model_based_wz_reference_rad_s": 0.30501376555028675,
          "model_based_riser_target_m": 0.9114667778661756,
          "applied_policy_residual_action": [
            0.08013475686311722,
            0.12592023611068726,
            0.08932578563690186
          ],
          "effective_policy_residual_action": [
            0.08013475686311722,
            0.12592023611068703,
            0.08932578563690119
          ],
          "policy_residual_projection_delta": [
            0.0,
            -2.220446049250313e-16,
            -6.661338147750939e-16
          ],
          "vx_reference_mps": -0.11924482160147344,
          "wz_reference_rad_s": 0.3113097773558211,
          "along_track_error_m": -0.04328588605671171,
          "cross_track_error_m": 0.024427504389022716,
          "base_yaw_error_rad": 0.05767406655358951,
          "raw_velocity_reference_mps": -0.1232515594446293,
          "base_position_error_m": 0.04970282589944311,
          "feedforward_direction": -1.0,
          "feedback_motion_direction": -1.0,
          "direction_recovery_blend": 0.0,
          "motion_direction": -1.0,
          "perturbation_active": false,
          "perturbation_force_body_x_n": 0.0
        },
        {
          "step": 5401,
          "elapsed_s": 27.0,
          "phase_time_s": 10.72350765036842,
          "progress_scale": 0.8494289974492116,
          "camera_recovery_progress_scale": 1.0,
          "camera_recovery_active": false,
          "position_error_m": 0.07300679635023753,
          "attitude_error_deg": 0.044842551176191715,
          "pitch_deg": 3.7473000451969862,
          "riser_error_m": 0.00807540443306487,
          "riser_thermal_load": 0.001162058478521576,
          "proxy_error_deg": [
            0.04342589686726585,
            0.003212753344636008,
            0.10556271648034905
          ],
          "proxy_signed_error_deg": [
            -0.04342589686726585,
            0.003212753344636008,
            -0.10556271648034905
          ],
          "proxy_target_deg": [
            5.756720373662433,
            -0.4029074398986925,
            238.3364504916915
          ],
          "proxy_unwrapped_semantic_target_deg": [
            5.756720373662433,
            -0.4029074398986925,
            238.3364504916915
          ],
          "proxy_actual_deg": [
            5.800146102905273,
            -0.4061201810836792,
            238.44200134277344
          ],
          "proxy_velocity_deg_s": [
            16.452194213867188,
            -0.5471207499504089,
            19.97098731994629
          ],
          "proxy_target_velocity_deg_s": [
            0.3481476124657817,
            -0.5359588604787187,
            22.245763148728187
          ],
          "proxy_applied_effort_nm": [
            -2.0546021461486816,
            0.11050653457641602,
            -3.4383339881896973
          ],
          "base_xy_error_m": 0.08346022278906408,
          "commanded_base_xy_error_m": 0.05814710809369929,
          "progress_base_error_m": 0.08346022278906408,
          "progress_base_error_source": "nominal_plan_base_target",
          "base_yaw_error_deg": 3.4328884537583333,
          "actual_base_xy_yaw": [
            3.235269784927368,
            0.20242516696453094,
            -2.433754329489248
          ],
          "target_base_xy_yaw": [
            3.3169789062921,
            0.21943187957466723,
            3.9093461840621186
          ],
          "commanded_base_xy_yaw": [
            3.2882658991896543,
            0.17849823542789084,
            3.9093461840621186
          ],
          "camera_lever_arm_target_xy_m": [
            0.1627989158636196,
            0.07764455453183958
          ],
          "camera_lever_arm_actual_xy_m": [
            0.2223191261291504,
            0.1624973565340042
          ],
          "camera_lever_arm_error_xy_m": [
            0.05952021026553078,
            0.08485280200216463
          ],
          "camera_lever_arm_correction_xy_m": [
            -0.028713007102445377,
            -0.040933644146776395
          ],
          "camera_lever_arm_correction_saturated": true,
          "camera_position_error_xyz_m": [
            -0.02247024502254069,
            0.0679883954814296,
            -0.014235816864963002
          ],
          "actual_camera_position_world_m": [
            3.4573075771331787,
            0.3650648295879364,
            1.5084680318832397
          ],
          "target_camera_position_world_m": [
            3.4797778221557194,
            0.2970764341065068,
            1.5227038487482027
          ],
          "actual_yaw_rate_rad_s": 0.30737125873565674,
          "actual_root_velocity_mps": -0.01753191277384758,
          "wheel_derived_velocity_mps": -0.013877417230606079,
          "root_wheel_velocity_mismatch_mps": -0.003654495543241501,
          "effective_velocity_reference_mps": -0.05858686201993231,
          "pitch_reference_rad": -0.07827418127312424,
          "total_pitch_reference_rad": -0.049207746125070416,
          "applied_pitch_bias_rad": 0.029066435148053828,
          "common_wheel_action": -0.05546729639172554,
          "phase_feedforward_v_mps": -0.03222596393758936,
          "phase_feedforward_wz_rad_s": 0.29488762365432214,
          "model_based_vx_reference_mps": -0.07203022729648745,
          "model_based_wz_reference_rad_s": 0.2897633274244497,
          "model_based_riser_target_m": 0.9169243457592062,
          "applied_policy_residual_action": [
            0.06825423985719681,
            0.15905605256557465,
            0.08932578563690186
          ],
          "effective_policy_residual_action": [
            0.0682542398571967,
            0.15905605256557487,
            0.08932578563690119
          ],
          "policy_residual_projection_delta": [
            -1.1102230246251565e-16,
            2.220446049250313e-16,
            -6.661338147750939e-16
          ],
          "vx_reference_mps": -0.06861751530362761,
          "wz_reference_rad_s": 0.29771613005272846,
          "along_track_error_m": -0.024877664599311303,
          "cross_track_error_m": 0.052607952756349996,
          "base_yaw_error_rad": 0.06148969408721048,
          "raw_velocity_reference_mps": -0.07203022729648745,
          "base_position_error_m": 0.05819359835179622,
          "feedforward_direction": -1.0,
          "feedback_motion_direction": -1.0,
          "direction_recovery_blend": 0.0,
          "motion_direction": -1.0,
          "perturbation_active": false,
          "perturbation_force_body_x_n": 0.0
        },
        {
          "step": 5601,
          "elapsed_s": 28.0,
          "phase_time_s": 11.495658898933138,
          "progress_scale": 0.7754897016057735,
          "camera_recovery_progress_scale": 1.0,
          "camera_recovery_active": false,
          "position_error_m": 0.07323985078079759,
          "attitude_error_deg": 0.04756476163087106,
          "pitch_deg": 4.122551491971133,
          "riser_error_m": 0.007550360425660707,
          "riser_thermal_load": 0.0011688145594871229,
          "proxy_error_deg": [
            0.029748951141769713,
            0.0007908723048165901,
            0.1042685131852711
          ],
          "proxy_signed_error_deg": [
            -0.029748951141769713,
            -0.0007908723048165901,
            -0.1042685131852711
          ],
          "proxy_target_deg": [
            5.324269853370207,
            -0.6617558021672081,
            256.33868093179854
          ],
          "proxy_unwrapped_semantic_target_deg": [
            5.324269853370207,
            -0.6617558021672081,
            256.33868093179854
          ],
          "proxy_actual_deg": [
            5.354018688201904,
            -0.6609649062156677,
            256.44293212890625
          ],
          "proxy_velocity_deg_s": [
            14.141839981079102,
            -0.13637085258960724,
            20.542057037353516
          ],
          "proxy_target_velocity_deg_s": [
            -2.6147794782252443,
            0.46704857277590983,
            20.67935561193786
          ],
          "proxy_applied_effort_nm": [
            -1.6336047649383545,
            0.0041910866275429726,
            -3.4543402194976807
          ],
          "base_xy_error_m": 0.09278803116655206,
          "commanded_base_xy_error_m": 0.06290446778015377,
          "progress_base_error_m": 0.09278803116655206,
          "progress_base_error_source": "nominal_plan_base_target",
          "base_yaw_error_deg": 3.966087855597623,
          "actual_base_xy_yaw": [
            3.2646331787109375,
            0.2357720136642456,
            -2.176104756427787
          ],
          "target_base_xy_yaw": [
            3.352302826314476,
            0.26616365094880856,
            4.176301842255339
          ],
          "commanded_base_xy_yaw": [
            3.3263181940137163,
            0.22344598616953562,
            4.176301842255339
          ],
          "camera_lever_arm_target_xy_m": [
            0.1262933225090661,
            0.09511698901723331
          ],
          "camera_lever_arm_actual_xy_m": [
            0.18409967422485352,
            0.1901482492685318
          ],
          "camera_lever_arm_error_xy_m": [
            0.05780635171578741,
            0.09503126025129849
          ],
          "camera_lever_arm_correction_xy_m": [
            -0.025984632300759317,
            -0.04271766477927294
          ],
          "camera_lever_arm_correction_saturated": true,
          "camera_position_error_xyz_m": [
            -0.029939828251642542,
            0.06521401802727478,
            -0.014656543910278597
          ],
          "actual_camera_position_world_m": [
            3.4486563205718994,
            0.42649465799331665,
            1.5066858530044556
          ],
          "target_camera_position_world_m": [
            3.478596148823542,
            0.36128063996604187,
            1.5213423969147342
          ],
          "actual_yaw_rate_rad_s": 0.2964310348033905,
          "actual_root_velocity_mps": -0.01038142666220665,
          "wheel_derived_velocity_mps": -0.006714467215538025,
          "root_wheel_velocity_mismatch_mps": -0.003666959446668625,
          "effective_velocity_reference_mps": -0.11004983893782315,
          "pitch_reference_rad": -0.10471975511965978,
          "total_pitch_reference_rad": -0.07858425686953792,
          "applied_pitch_bias_rad": 0.02613549825012186,
          "common_wheel_action": -0.038614287972450256,
          "phase_feedforward_v_mps": -0.09085269504802355,
          "phase_feedforward_wz_rad_s": 0.27002926665814,
          "model_based_vx_reference_mps": -0.1310244306659354,
          "model_based_wz_reference_rad_s": 0.26833452159527305,
          "model_based_riser_target_m": 0.9154005663239456,
          "applied_policy_residual_action": [
            0.10405240207910538,
            0.15905605256557465,
            0.08932578563690186
          ],
          "effective_policy_residual_action": [
            0.1040524020791056,
            0.15905605256557487,
            0.08932578563690119
          ],
          "policy_residual_projection_delta": [
            2.220446049250313e-16,
            2.220446049250313e-16,
            -6.661338147750939e-16
          ],
          "vx_reference_mps": -0.1258218105619801,
          "wz_reference_rad_s": 0.2762873242235518,
          "along_track_error_m": -0.02510733476119489,
          "cross_track_error_m": 0.05771125621648963,
          "base_yaw_error_rad": 0.07072678271822294,
          "raw_velocity_reference_mps": -0.1310244306659354,
          "base_position_error_m": 0.0629362165441808,
          "feedforward_direction": -1.0,
          "feedback_motion_direction": -1.0,
          "direction_recovery_blend": 0.0,
          "motion_direction": -1.0,
          "perturbation_active": false,
          "perturbation_force_body_x_n": 0.0
        },
        {
          "step": 5801,
          "elapsed_s": 29.0,
          "phase_time_s": 12.148256664369166,
          "progress_scale": 0.5591325313429475,
          "camera_recovery_progress_scale": 1.0,
          "camera_recovery_active": false,
          "position_error_m": 0.07783599796190054,
          "attitude_error_deg": 0.07640834970224586,
          "pitch_deg": 5.204337343285262,
          "riser_error_m": 0.007421447049578256,
          "riser_thermal_load": 0.0011733920073987668,
          "proxy_error_deg": [
            0.04538135327302583,
            0.003220181257948318,
            0.10404361228239944
          ],
          "proxy_signed_error_deg": [
            -0.04538135327302583,
            -0.003220181257948318,
            -0.10404361228239944
          ],
          "proxy_target_deg": [
            4.064059590586268,
            -0.5627995439888159,
            271.19464923974914
          ],
          "proxy_unwrapped_semantic_target_deg": [
            4.064059590586268,
            -0.5627995439888159,
            271.19464923974914
          ],
          "proxy_actual_deg": [
            4.109440803527832,
            -0.5595793128013611,
            271.2986755371094
          ],
          "proxy_velocity_deg_s": [
            18.224931716918945,
            0.7262871861457825,
            19.538768768310547
          ],
          "proxy_target_velocity_deg_s": [
            -1.3180684077209417,
            -0.06652713484228044,
            22.746976792460096
          ],
          "proxy_applied_effort_nm": [
            -2.20908522605896,
            -0.11801481992006302,
            -3.409210681915283
          ],
          "base_xy_error_m": 0.1040343297862967,
          "commanded_base_xy_error_m": 0.06641789400569303,
          "progress_base_error_m": 0.1040343297862967,
          "progress_base_error_source": "nominal_plan_base_target",
          "base_yaw_error_deg": 4.812830112413104,
          "actual_base_xy_yaw": [
            3.301272392272949,
            0.30207526683807373,
            -1.9645133904813596
          ],
          "target_base_xy_yaw": [
            3.391184651991468,
            0.35441002896033413,
            4.4026716484989645
          ],
          "commanded_base_xy_yaw": [
            3.367145034164902,
            0.31056830482963144,
            4.4026716484989645
          ],
          "camera_lever_arm_target_xy_m": [
            0.0849341276954001,
            0.09986836575754565
          ],
          "camera_lever_arm_actual_xy_m": [
            0.15370988845825195,
            0.22529664635658264
          ],
          "camera_lever_arm_error_xy_m": [
            0.06877576076285186,
            0.125428280599037
          ],
          "camera_lever_arm_correction_xy_m": [
            -0.02403961782656621,
            -0.043841724130702704
          ],
          "camera_lever_arm_correction_saturated": true,
          "camera_position_error_xyz_m": [
            -0.02132175019162874,
            0.07277174280195664,
            -0.01755274898859538
          ],
          "actual_camera_position_world_m": [
            3.4547970294952393,
            0.5270501375198364,
            1.501201868057251
          ],
          "target_camera_position_world_m": [
            3.476118779686868,
            0.4542783947178798,
            1.5187546170458464
          ],
          "actual_yaw_rate_rad_s": 0.14754526317119598,
          "actual_root_velocity_mps": -0.12858551740646362,
          "wheel_derived_velocity_mps": -0.13334025011062622,
          "root_wheel_velocity_mismatch_mps": 0.004754732704162601,
          "effective_velocity_reference_mps": -0.12798972044665724,
          "pitch_reference_rad": -0.05563501436638302,
          "total_pitch_reference_rad": -0.03251304847856458,
          "applied_pitch_bias_rad": 0.023121965887818435,
          "common_wheel_action": -0.23336344957351685,
          "phase_feedforward_v_mps": -0.09845510485074975,
          "phase_feedforward_wz_rad_s": 0.1938150580731773,
          "model_based_vx_reference_mps": -0.15250613862233303,
          "model_based_wz_reference_rad_s": 0.20916506625462922,
          "model_based_riser_target_m": 0.9125942719091974,
          "applied_policy_residual_action": [
            0.19492653012275696,
            0.15905605256557465,
            0.08932578563690186
          ],
          "effective_policy_residual_action": [
            0.19492653012275707,
            0.15905605256557487,
            0.08932578563690119
          ],
          "policy_residual_projection_delta": [
            1.1102230246251565e-16,
            2.220446049250313e-16,
            -6.661338147750939e-16
          ],
          "vx_reference_mps": -0.14275981211619518,
          "wz_reference_rad_s": 0.21711786888290796,
          "along_track_error_m": -0.03378189610723955,
          "cross_track_error_m": 0.05755609730250711,
          "base_yaw_error_rad": 0.08473679511267715,
          "raw_velocity_reference_mps": -0.15250613862233303,
          "base_position_error_m": 0.06673770179812902,
          "feedforward_direction": -1.0,
          "feedback_motion_direction": -1.0,
          "direction_recovery_blend": 0.0,
          "motion_direction": -1.0,
          "perturbation_active": false,
          "perturbation_force_body_x_n": 0.0
        },
        {
          "step": 6001,
          "elapsed_s": 30.0,
          "phase_time_s": 12.732363629586773,
          "progress_scale": 0.5289848447427928,
          "camera_recovery_progress_scale": 1.0,
          "camera_recovery_active": false,
          "position_error_m": 0.0855447056100831,
          "attitude_error_deg": 0.133858116792788,
          "pitch_deg": 5.355075776286036,
          "riser_error_m": 0.007397994874378533,
          "riser_thermal_load": 0.001177181734711302,
          "proxy_error_deg": [
            0.04864378322477618,
            0.004694271754255794,
            0.00531725474119021
          ],
          "proxy_signed_error_deg": [
            -0.04864378322477618,
            -0.004694271754255794,
            0.00531725474119021
          ],
          "proxy_target_deg": [
            3.6565477188522584,
            -0.6637664388037604,
            284.2033960902321
          ],
          "proxy_unwrapped_semantic_target_deg": [
            3.6565477188522584,
            -0.6637664388037604,
            284.2033960902321
          ],
          "proxy_actual_deg": [
            3.7051913738250732,
            -0.6590721011161804,
            284.19805908203125
          ],
          "proxy_velocity_deg_s": [
            18.363019943237305,
            1.2154597043991089,
            -1.5231415033340454
          ],
          "proxy_target_velocity_deg_s": [
            0.0,
            0.0,
            0.0
          ],
          "proxy_applied_effort_nm": [
            -2.2827887535095215,
            -0.17278508841991425,
            0.1973978579044342
          ],
          "base_xy_error_m": 0.09852619851702892,
          "commanded_base_xy_error_m": 0.061908715845132446,
          "progress_base_error_m": 0.09852619851702892,
          "progress_base_error_source": "nominal_plan_base_target",
          "base_yaw_error_deg": 5.744256289056615,
          "actual_base_xy_yaw": [
            3.3364334106445312,
            0.40749621391296387,
            -1.7782093086092248
          ],
          "target_base_xy_yaw": [
            3.41470471825747,
            0.4673377897509857,
            4.605232183892791
          ],
          "commanded_base_xy_yaw": [
            3.396939376794638,
            0.4206003032684096,
            4.605232183892791
          ],
          "camera_lever_arm_target_xy_m": [
            0.05816491700324855,
            0.09079056607406333
          ],
          "camera_lever_arm_actual_xy_m": [
            0.11098098754882812,
            0.22974035143852234
          ],
          "camera_lever_arm_error_xy_m": [
            0.052816070545579574,
            0.138949785364459
          ],
          "camera_lever_arm_correction_xy_m": [
            -0.017765341462831874,
            -0.04673748648257614
          ],
          "camera_lever_arm_correction_saturated": true,
          "camera_position_error_xyz_m": [
            -0.025602579749243848,
            0.0796208392738279,
            -0.017970156410856752
          ],
          "actual_camera_position_world_m": [
            3.4472670555114746,
            0.637749195098877,
            1.497757077217102
          ],
          "target_camera_position_world_m": [
            3.4728696352607185,
            0.558128355825049,
            1.5157272336279588
          ],
          "actual_yaw_rate_rad_s": 0.1778615564107895,
          "actual_root_velocity_mps": -0.10906827449798584,
          "wheel_derived_velocity_mps": -0.11492204294204711,
          "root_wheel_velocity_mismatch_mps": 0.005853768444061269,
          "effective_velocity_reference_mps": -0.13091435163497708,
          "pitch_reference_rad": -0.06843958372878899,
          "total_pitch_reference_rad": -0.04815551291314234,
          "applied_pitch_bias_rad": 0.020284070815646652,
          "common_wheel_action": -0.22377492487430573,
          "phase_feedforward_v_mps": -0.11374230461110828,
          "phase_feedforward_wz_rad_s": 0.18392341046628483,
          "model_based_vx_reference_mps": -0.1551233819467532,
          "model_based_wz_reference_rad_s": 0.22053581631303082,
          "model_based_riser_target_m": 0.9093973492368663,
          "applied_policy_residual_action": [
            0.24641622602939606,
            0.15905605256557465,
            0.08932578563690186
          ],
          "effective_policy_residual_action": [
            0.24641622602939617,
            0.15905605256557487,
            0.08932578563690119
          ],
          "policy_residual_projection_delta": [
            1.1102230246251565e-16,
            2.220446049250313e-16,
            -6.661338147750939e-16
          ],
          "vx_reference_mps": -0.1428025706452834,
          "wz_reference_rad_s": 0.22848861894130956,
          "along_track_error_m": -0.025863173334778083,
          "cross_track_error_m": 0.0564967223402237,
          "base_yaw_error_rad": 0.1011312411309013,
          "raw_velocity_reference_mps": -0.1551233819467532,
          "base_position_error_m": 0.06213520234241704,
          "feedforward_direction": -1.0,
          "feedback_motion_direction": -1.0,
          "direction_recovery_blend": 0.0,
          "motion_direction": -1.0,
          "perturbation_active": false,
          "perturbation_force_body_x_n": 0.0
        },
        {
          "step": 6201,
          "elapsed_s": 31.0,
          "phase_time_s": 13.251220521698544,
          "progress_scale": 0.3534150028823444,
          "camera_recovery_progress_scale": 1.0,
          "camera_recovery_active": false,
          "position_error_m": 0.10438212269808529,
          "attitude_error_deg": 0.06616901124823907,
          "pitch_deg": 6.232924985588278,
          "riser_error_m": 0.00724048795387322,
          "riser_thermal_load": 0.0011807744226480135,
          "proxy_error_deg": [
            0.04236554482515682,
            0.0007394625078812883,
            0.004402056436628906
          ],
          "proxy_signed_error_deg": [
            -0.04236554482515682,
            -0.0007394625078812883,
            0.004402056436628906
          ],
          "proxy_target_deg": [
            2.474928207983134,
            -0.453448989729675,
            296.02796989256416
          ],
          "proxy_unwrapped_semantic_target_deg": [
            2.474928207983134,
            -0.453448989729675,
            296.02796989256416
          ],
          "proxy_actual_deg": [
            2.517293691635132,
            -0.45270949602127075,
            296.0235595703125
          ],
          "proxy_velocity_deg_s": [
            15.997369766235352,
            0.06962714344263077,
            -1.204243540763855
          ],
          "proxy_target_velocity_deg_s": [
            0.0,
            0.0,
            0.0
          ],
          "proxy_applied_effort_nm": [
            -1.9929354190826416,
            0.005731750279664993,
            0.16394737362861633
          ],
          "base_xy_error_m": 0.09788211568249018,
          "commanded_base_xy_error_m": 0.06217314695091318,
          "progress_base_error_m": 0.09788211568249018,
          "progress_base_error_source": "nominal_plan_base_target",
          "base_yaw_error_deg": 5.744243898490255,
          "actual_base_xy_yaw": [
            3.3526241779327393,
            0.5293868780136108,
            -1.6183280174041195
          ],
          "target_base_xy_yaw": [
            3.4158262667917034,
            0.6041291320225982,
            4.765113258841717
          ],
          "commanded_base_xy_yaw": [
            3.4094852401018474,
            0.5545328480839952,
            4.765113258841717
          ],
          "camera_lever_arm_target_xy_m": [
            0.05255112121357275,
            0.07845947655812602
          ],
          "camera_lever_arm_actual_xy_m": [
            0.07401490211486816,
            0.24633824825286865
          ],
          "camera_lever_arm_error_xy_m": [
            0.021463780901295415,
            0.16787877169474263
          ],
          "camera_lever_arm_correction_xy_m": [
            -0.006341026689856043,
            -0.049596283938603034
          ],
          "camera_lever_arm_correction_saturated": true,
          "camera_position_error_xyz_m": [
            -0.04176834869863555,
            0.09341409651647425,
            -0.020611626766418922
          ],
          "actual_camera_position_world_m": [
            3.4266090393066406,
            0.7760027050971985,
            1.4914889335632324
          ],
          "target_camera_position_world_m": [
            3.468377388005276,
            0.6825886085807242,
            1.5121005603296513
          ],
          "actual_yaw_rate_rad_s": 0.039210785180330276,
          "actual_root_velocity_mps": -0.16513541340827942,
          "wheel_derived_velocity_mps": -0.16533026695251465,
          "root_wheel_velocity_mismatch_mps": 0.00019485354423523504,
          "effective_velocity_reference_mps": -0.1604558229522027,
          "pitch_reference_rad": -0.048067299213689844,
          "total_pitch_reference_rad": -0.030478337763878947,
          "applied_pitch_bias_rad": 0.017588961449810897,
          "common_wheel_action": -0.32685521245002747,
          "phase_feedforward_v_mps": -0.14156069569522522,
          "phase_feedforward_wz_rad_s": 0.01806240607265739,
          "model_based_vx_reference_mps": -0.18740720813143202,
          "model_based_wz_reference_rad_s": 0.05523122537334689,
          "model_based_riser_target_m": 0.9056888359992223,
          "applied_policy_residual_action": [
            0.32086166739463806,
            0.15905605256557465,
            0.08932578563690186
          ],
          "effective_policy_residual_action": [
            0.32086166739463795,
            0.1590560525655746,
            0.08932578563690119
          ],
          "policy_residual_projection_delta": [
            -1.1102230246251565e-16,
            -5.551115123125783e-17,
            -6.661338147750939e-16
          ],
          "vx_reference_mps": -0.17136412476170013,
          "wz_reference_rad_s": 0.06318402800162562,
          "along_track_error_m": -0.028654070272629246,
          "cross_track_error_m": 0.05559826972914397,
          "base_yaw_error_rad": 0.10047185324533789,
          "raw_velocity_reference_mps": -0.18740720813143202,
          "base_position_error_m": 0.0625477684658967,
          "feedforward_direction": -1.0,
          "feedback_motion_direction": -1.0,
          "direction_recovery_blend": 0.0,
          "motion_direction": -1.0,
          "perturbation_active": false,
          "perturbation_force_body_x_n": 0.0
        },
        {
          "step": 6401,
          "elapsed_s": 32.0,
          "phase_time_s": 13.632365211089846,
          "progress_scale": 0.39296248119563515,
          "camera_recovery_progress_scale": 1.0,
          "camera_recovery_active": false,
          "position_error_m": 0.10352585749550333,
          "attitude_error_deg": 0.07834775323867939,
          "pitch_deg": 6.035187594021824,
          "riser_error_m": 0.006914387206464756,
          "riser_thermal_load": 0.0011807336258381224,
          "proxy_error_deg": [
            0.0364365096280754,
            0.0014193671652125558,
            0.0003491134045660035
          ],
          "proxy_signed_error_deg": [
            -0.0364365096280754,
            -0.0014193671652125558,
            -0.0003491134045660035
          ],
          "proxy_target_deg": [
            2.360269399609994,
            -0.6492919449666004,
            300.2706674807438
          ],
          "proxy_unwrapped_semantic_target_deg": [
            2.360269399609994,
            -0.6492919449666004,
            300.2706674807438
          ],
          "proxy_actual_deg": [
            2.3967058658599854,
            -0.6478725671768188,
            300.27099609375
          ],
          "proxy_velocity_deg_s": [
            13.987876892089844,
            0.4371262788772583,
            0.48777899146080017
          ],
          "proxy_target_velocity_deg_s": [
            0.0,
            0.0,
            0.0
          ],
          "proxy_applied_effort_nm": [
            -1.726027250289917,
            -0.06734389066696167,
            -0.04579637944698334
          ],
          "base_xy_error_m": 0.083141781988408,
          "commanded_base_xy_error_m": 0.04858721660752255,
          "progress_base_error_m": 0.083141781988408,
          "progress_base_error_source": "nominal_plan_base_target",
          "base_yaw_error_deg": 4.106867197742604,
          "actual_base_xy_yaw": [
            3.358454704284668,
            0.6897069811820984,
            -1.5965004311512687
          ],
          "target_base_xy_yaw": [
            3.4081113719445315,
            0.7563910967503942,
            4.75836323057108
          ],
          "commanded_base_xy_yaw": [
            3.4040260949324987,
            0.7065582711056952,
            4.75836323057108
          ],
          "camera_lever_arm_target_xy_m": [
            0.053928888345526005,
            0.07345310669327199
          ],
          "camera_lever_arm_actual_xy_m": [
            0.06717801094055176,
            0.23506790399551392
          ],
          "camera_lever_arm_error_xy_m": [
            0.013249122595025753,
            0.16161479730224193
          ],
          "camera_lever_arm_correction_xy_m": [
            -0.004085277012032609,
            -0.04983282564469888
          ],
          "camera_lever_arm_correction_saturated": true,
          "camera_position_error_xyz_m": [
            -0.03643186375990615,
            0.09490934327111655,
            -0.01955860508840712
          ],
          "actual_camera_position_world_m": [
            3.4256083965301514,
            0.9247535467147827,
            1.4884142875671387
          ],
          "target_camera_position_world_m": [
            3.4620402602900575,
            0.8298442034436662,
            1.5079728926555458
          ],
          "actual_yaw_rate_rad_s": 0.0174759179353714,
          "actual_root_velocity_mps": -0.15733061730861664,
          "wheel_derived_velocity_mps": -0.15711622133255004,
          "root_wheel_velocity_mismatch_mps": -0.00021439597606659477,
          "effective_velocity_reference_mps": -0.16087554537868745,
          "pitch_reference_rad": -0.05402125675164881,
          "total_pitch_reference_rad": -0.03738008654637903,
          "applied_pitch_bias_rad": 0.016641170205269774,
          "common_wheel_action": -0.2637578547000885,
          "phase_feedforward_v_mps": -0.15710835775576773,
          "phase_feedforward_wz_rad_s": -0.006577894236930945,
          "model_based_vx_reference_mps": -0.18720624815794254,
          "model_based_wz_reference_rad_s": 0.011855289853208412,
          "model_based_riser_target_m": 0.9015008907121715,
          "applied_policy_residual_action": [
            0.33267971873283386,
            0.15905605256557465,
            0.08932578563690186
          ],
          "effective_policy_residual_action": [
            0.332679718732834,
            0.15905605256557465,
            0.08932578563690119
          ],
          "policy_residual_projection_delta": [
            1.1102230246251565e-16,
            0.0,
            -6.661338147750939e-16
          ],
          "vx_reference_mps": -0.17057226222130084,
          "wz_reference_rad_s": 0.019808092481487145,
          "along_track_error_m": -0.01881118150135925,
          "cross_track_error_m": 0.045122530292229394,
          "base_yaw_error_rad": 0.07176414960706955,
          "raw_velocity_reference_mps": -0.18720624815794254,
          "base_position_error_m": 0.04888663712560151,
          "feedforward_direction": -1.0,
          "feedback_motion_direction": -1.0,
          "direction_recovery_blend": 0.0,
          "motion_direction": -1.0,
          "perturbation_active": false,
          "perturbation_force_body_x_n": 0.0
        },
        {
          "step": 6601,
          "elapsed_s": 33.0,
          "phase_time_s": 14.025127948098971,
          "progress_scale": 0.39267424721266064,
          "camera_recovery_progress_scale": 1.0,
          "camera_recovery_active": false,
          "position_error_m": 0.10337988703467565,
          "attitude_error_deg": 0.09506192863734235,
          "pitch_deg": 6.036628763936697,
          "riser_error_m": 0.00708700338058299,
          "riser_thermal_load": 0.0011804466438040874,
          "proxy_error_deg": [
            0.020835834711905907,
            0.004976465832250253,
            0.0991375307724066
          ],
          "proxy_signed_error_deg": [
            -0.020835834711905907,
            -0.004976465832250253,
            -0.0991375307724066
          ],
          "proxy_target_deg": [
            2.011701890340832,
            -0.7806661621926418,
            304.915336158923
          ],
          "proxy_unwrapped_semantic_target_deg": [
            2.011701890340832,
            -0.7806661621926418,
            304.915336158923
          ],
          "proxy_actual_deg": [
            2.0325376987457275,
            -0.7756896615028381,
            305.01446533203125
          ],
          "proxy_velocity_deg_s": [
            10.193603515625,
            1.76079523563385,
            19.914798736572266
          ],
          "proxy_target_velocity_deg_s": [
            -2.5355026712640183,
            -0.1743750097671402,
            20.068849057614376
          ],
          "proxy_applied_effort_nm": [
            -1.1539558172225952,
            -0.24320220947265625,
            -3.337397336959839
          ],
          "base_xy_error_m": 0.07532162801142969,
          "commanded_base_xy_error_m": 0.03979860598941069,
          "progress_base_error_m": 0.07532162801142969,
          "progress_base_error_source": "nominal_plan_base_target",
          "base_yaw_error_deg": 3.134250657072935,
          "actual_base_xy_yaw": [
            3.3611934185028076,
            0.8493167161941528,
            -1.5761909407870143
          ],
          "target_base_xy_yaw": [
            3.4008879643811913,
            0.9133299232205242,
            4.761697359941291
          ],
          "commanded_base_xy_yaw": [
            3.39842039549462,
            0.8633908493024985,
            4.761697359941291
          ],
          "camera_lever_arm_target_xy_m": [
            0.05276194238777698,
            0.06727199722466903
          ],
          "camera_lever_arm_actual_xy_m": [
            0.060701847076416016,
            0.22796112298965454
          ],
          "camera_lever_arm_error_xy_m": [
            0.007939904688639032,
            0.1606891257649855
          ],
          "camera_lever_arm_correction_xy_m": [
            -0.0024675688865713114,
            -0.04993907391802561
          ],
          "camera_lever_arm_correction_saturated": true,
          "camera_position_error_xyz_m": [
            -0.03186121429460309,
            0.09635530535436732,
            -0.019695664422463954
          ],
          "actual_camera_position_world_m": [
            3.4217886924743652,
            1.0769572257995605,
            1.484516978263855
          ],
          "target_camera_position_world_m": [
            3.4536499067689683,
            0.9806019204451932,
            1.504212642686319
          ],
          "actual_yaw_rate_rad_s": 0.0242454931139946,
          "actual_root_velocity_mps": -0.16001977026462555,
          "wheel_derived_velocity_mps": -0.16199398803710938,
          "root_wheel_velocity_mismatch_mps": 0.0019742177724838272,
          "effective_velocity_reference_mps": -0.15600929761347362,
          "pitch_reference_rad": -0.05057154707203285,
          "total_pitch_reference_rad": -0.03497026056722966,
          "applied_pitch_bias_rad": 0.01560128650480319,
          "common_wheel_action": -0.2837192416191101,
          "phase_feedforward_v_mps": -0.157122086435999,
          "phase_feedforward_wz_rad_s": 0.011912594124103195,
          "model_based_vx_reference_mps": -0.18125507793086626,
          "model_based_wz_reference_rad_s": 0.02197592503104341,
          "model_based_riser_target_m": 0.8977040759628279,
          "applied_policy_residual_action": [
            0.3427817225456238,
            0.13372866809368134,
            0.08932578563690186
          ],
          "effective_policy_residual_action": [
            0.34278172254562367,
            0.1337286680936813,
            0.08932578563690119
          ],
          "policy_residual_projection_delta": [
            -1.1102230246251565e-16,
            -2.7755575615628914e-17,
            -6.661338147750939e-16
          ],
          "vx_reference_mps": -0.16411599180358508,
          "wz_reference_rad_s": 0.028662358435727477,
          "along_track_error_m": -0.015083119684292028,
          "cross_track_error_m": 0.03714960804694484,
          "base_yaw_error_rad": 0.054823119147797895,
          "raw_velocity_reference_mps": -0.18125507793086626,
          "base_position_error_m": 0.0400948111038362,
          "feedforward_direction": -1.0,
          "feedback_motion_direction": -1.0,
          "direction_recovery_blend": 0.0,
          "motion_direction": -1.0,
          "perturbation_active": false,
          "perturbation_force_body_x_n": 0.0
        },
        {
          "step": 6801,
          "elapsed_s": 34.0,
          "phase_time_s": 14.465477083484855,
          "progress_scale": 0.6517875479061201,
          "camera_recovery_progress_scale": 1.0,
          "camera_recovery_active": false,
          "position_error_m": 0.09076175661710896,
          "attitude_error_deg": 0.03723639654222319,
          "pitch_deg": 4.741062260469399,
          "riser_error_m": 0.007999711245187058,
          "riser_thermal_load": 0.0011860361398418151,
          "proxy_error_deg": [
            0.009987856199016846,
            0.003962758164320389,
            0.12372012967767179
          ],
          "proxy_signed_error_deg": [
            -0.009987856199016846,
            -0.003962758164320389,
            -0.12372012967767179
          ],
          "proxy_target_deg": [
            2.8067930431282315,
            -1.2471266629371047,
            312.95105979954985
          ],
          "proxy_unwrapped_semantic_target_deg": [
            2.8067930431282315,
            -1.2471266629371047,
            312.95105979954985
          ],
          "proxy_actual_deg": [
            2.8167808055877686,
            -1.243163824081421,
            313.07476806640625
          ],
          "proxy_velocity_deg_s": [
            5.989560127258301,
            0.8854638934135437,
            26.38947296142578
          ],
          "proxy_target_velocity_deg_s": [
            -1.9854260922067444,
            1.1306602177020801,
            22.314923955784707
          ],
          "proxy_applied_effort_nm": [
            -0.6484718322753906,
            -0.13529202342033386,
            -4.263593673706055
          ],
          "base_xy_error_m": 0.05533476135837345,
          "commanded_base_xy_error_m": 0.034177746470523594,
          "progress_base_error_m": 0.05533476135837345,
          "progress_base_error_source": "nominal_plan_base_target",
          "base_yaw_error_deg": 3.519334214437306,
          "actual_base_xy_yaw": [
            3.359158515930176,
            1.016470193862915,
            -1.5086980159818568
          ],
          "target_base_xy_yaw": [
            3.390597392976182,
            1.062006254569505,
            4.835911260717749
          ],
          "commanded_base_xy_yaw": [
            3.393051375541795,
            1.0120665111824223,
            4.835911260717749
          ],
          "camera_lever_arm_target_xy_m": [
            0.0497499077984247,
            0.05694663664110888
          ],
          "camera_lever_arm_actual_xy_m": [
            0.04356527328491211,
            0.18280696868896484
          ],
          "camera_lever_arm_error_xy_m": [
            -0.006184634513512588,
            0.12586033204785596
          ],
          "camera_lever_arm_correction_xy_m": [
            0.0024539825656130945,
            -0.04993974338708267
          ],
          "camera_lever_arm_correction_saturated": true,
          "camera_position_error_xyz_m": [
            -0.038005934960397614,
            0.08074555697053842,
            -0.016534823903715523
          ],
          "actual_camera_position_world_m": [
            3.402341365814209,
            1.1996984481811523,
            1.4857697486877441
          ],
          "target_camera_position_world_m": [
            3.4403473007746066,
            1.118952891210614,
            1.5023045725914597
          ],
          "actual_yaw_rate_rad_s": 0.32531288266181946,
          "actual_root_velocity_mps": -0.0335688441991806,
          "wheel_derived_velocity_mps": -0.02560848412513733,
          "root_wheel_velocity_mismatch_mps": -0.007960360074043275,
          "effective_velocity_reference_mps": -0.1280125537467074,
          "pitch_reference_rad": -0.1006060210116928,
          "total_pitch_reference_rad": -0.08669315759076188,
          "applied_pitch_bias_rad": 0.013912863420930927,
          "common_wheel_action": -0.04578273743391037,
          "phase_feedforward_v_mps": -0.15747936169868415,
          "phase_feedforward_wz_rad_s": 0.243987428136378,
          "model_based_vx_reference_mps": -0.1474892696585303,
          "model_based_wz_reference_rad_s": 0.26940279736599415,
          "model_based_riser_target_m": 0.8958886792360623,
          "applied_policy_residual_action": [
            0.28900471329689026,
            0.13634216785430908,
            0.08932578563690186
          ],
          "effective_policy_residual_action": [
            0.28900471329689037,
            0.13634216785430864,
            0.08932578563690119
          ],
          "policy_residual_projection_delta": [
            1.1102230246251565e-16,
            -4.440892098500626e-16,
            -6.661338147750939e-16
          ],
          "vx_reference_mps": -0.13303903399368577,
          "wz_reference_rad_s": 0.2762199057587096,
          "along_track_error_m": 0.006243807525096166,
          "cross_track_error_m": 0.033580194693359024,
          "base_yaw_error_rad": 0.06315471772471223,
          "raw_velocity_reference_mps": -0.1474892696585303,
          "base_position_error_m": 0.03415574048464394,
          "feedforward_direction": -1.0,
          "feedback_motion_direction": -1.0,
          "direction_recovery_blend": 0.0,
          "motion_direction": -1.0,
          "perturbation_active": false,
          "perturbation_force_body_x_n": 0.0
        },
        {
          "step": 7001,
          "elapsed_s": 35.0,
          "phase_time_s": 15.095461098751224,
          "progress_scale": 0.6434081864549839,
          "camera_recovery_progress_scale": 1.0,
          "camera_recovery_active": false,
          "position_error_m": 0.09804506563979916,
          "attitude_error_deg": 0.08357284137730167,
          "pitch_deg": 4.782959067725081,
          "riser_error_m": 0.009051260056054167,
          "riser_thermal_load": 0.0012037662694090142,
          "proxy_error_deg": [
            0.04864840724054399,
            0.009695306028974318,
            0.13225779061677181
          ],
          "proxy_signed_error_deg": [
            -0.04864840724054399,
            -0.009695306028974318,
            -0.13225779061677181
          ],
          "proxy_target_deg": [
            2.8051679122006288,
            -0.9955929853589411,
            327.81009543330094
          ],
          "proxy_unwrapped_semantic_target_deg": [
            2.8051679122006288,
            -0.9955929853589411,
            327.81009543330094
          ],
          "proxy_actual_deg": [
            2.853816270828247,
            -0.9858976006507874,
            327.94232177734375
          ],
          "proxy_velocity_deg_s": [
            12.04102611541748,
            4.961024761199951,
            27.71815299987793
          ],
          "proxy_target_velocity_deg_s": [
            7.3397655555298575,
            -2.1531482805257576,
            24.91953622982889
          ],
          "proxy_applied_effort_nm": [
            -1.8065173625946045,
            -0.5439786911010742,
            -4.532634735107422
          ],
          "base_xy_error_m": 0.0515064708357706,
          "commanded_base_xy_error_m": 0.03699211102719631,
          "progress_base_error_m": 0.0515064708357706,
          "progress_base_error_source": "nominal_plan_base_target",
          "base_yaw_error_deg": 3.8244978185477545,
          "actual_base_xy_yaw": [
            3.3393068313598633,
            1.136775016784668,
            -1.2731462594299536
          ],
          "target_base_xy_yaw": [
            3.360999910013052,
            1.1834903983682818,
            5.076789126918632
          ],
          "commanded_base_xy_yaw": [
            3.3762882358305,
            1.1358850720517912,
            5.076789126918632
          ],
          "camera_lever_arm_target_xy_m": [
            0.033592335558491726,
            0.04252027932668989
          ],
          "camera_lever_arm_actual_xy_m": [
            -0.005658388137817383,
            0.16474056243896484
          ],
          "camera_lever_arm_error_xy_m": [
            -0.03925072369630911,
            0.12222028311227495
          ],
          "camera_lever_arm_correction_xy_m": [
            0.015288325817448063,
            -0.04760532631649058
          ],
          "camera_lever_arm_correction_saturated": true,
          "camera_position_error_xyz_m": [
            -0.06113072251551355,
            0.07458603632480365,
            -0.017685950537047246
          ],
          "actual_camera_position_world_m": [
            3.3334615230560303,
            1.3005967140197754,
            1.486472487449646
          ],
          "target_camera_position_world_m": [
            3.394592245571544,
            1.2260106776949717,
            1.5041584379866932
          ],
          "actual_yaw_rate_rad_s": 0.1929297149181366,
          "actual_root_velocity_mps": -0.18821154534816742,
          "wheel_derived_velocity_mps": -0.18059978065490723,
          "root_wheel_velocity_mismatch_mps": -0.007611764693260192,
          "effective_velocity_reference_mps": -0.08622804810835626,
          "pitch_reference_rad": 0.00967180379578788,
          "total_pitch_reference_rad": 0.020687592280437102,
          "applied_pitch_bias_rad": 0.01101578848464922,
          "common_wheel_action": -0.31645604968070984,
          "phase_feedforward_v_mps": -0.12065838204755953,
          "phase_feedforward_wz_rad_s": 0.24689320656010214,
          "model_based_vx_reference_mps": -0.10350789313498637,
          "model_based_wz_reference_rad_s": 0.27550468117724725,
          "model_based_riser_target_m": 0.8980394569058772,
          "applied_policy_residual_action": [
            0.3163183033466339,
            0.15729402005672455,
            0.08932578563690186
          ],
          "effective_policy_residual_action": [
            0.3163183033466338,
            0.1572940200567241,
            0.08932578563690119
          ],
          "policy_residual_projection_delta": [
            -1.1102230246251565e-16,
            -4.440892098500626e-16,
            -6.661338147750939e-16
          ],
          "vx_reference_mps": -0.08769197796765468,
          "wz_reference_rad_s": 0.28336938218008345,
          "along_track_error_m": 0.010719055570358224,
          "cross_track_error_m": 0.03511253140181545,
          "base_yaw_error_rad": 0.0677335597665569,
          "raw_velocity_reference_mps": -0.10350789313498637,
          "base_position_error_m": 0.03671223248133929,
          "feedforward_direction": -1.0,
          "feedback_motion_direction": -1.0,
          "direction_recovery_blend": 0.0,
          "motion_direction": -1.0,
          "perturbation_active": false,
          "perturbation_force_body_x_n": 0.0
        },
        {
          "step": 7201,
          "elapsed_s": 36.0,
          "phase_time_s": 15.73795396259091,
          "progress_scale": 0.5651147525275032,
          "camera_recovery_progress_scale": 1.0,
          "camera_recovery_active": false,
          "position_error_m": 0.10371619740297267,
          "attitude_error_deg": 0.09003554179518422,
          "pitch_deg": 5.174426237362484,
          "riser_error_m": 0.009476948754931103,
          "riser_thermal_load": 0.0012282035423448873,
          "proxy_error_deg": [
            0.014348971081894375,
            0.026895170538543612,
            0.13844649601040757
          ],
          "proxy_signed_error_deg": [
            -0.014348971081894375,
            -0.026895170538543612,
            -0.13844649601040757
          ],
          "proxy_target_deg": [
            2.494649516979416,
            -0.7212031095773804,
            343.17494692669754
          ],
          "proxy_unwrapped_semantic_target_deg": [
            2.494649516979416,
            -0.7212031095773804,
            343.17494692669754
          ],
          "proxy_actual_deg": [
            2.508998394012451,
            -0.6943079233169556,
            343.3133850097656
          ],
          "proxy_velocity_deg_s": [
            4.058661460876465,
            10.272604942321777,
            30.232526779174805
          ],
          "proxy_target_velocity_deg_s": [
            1.4941323897098655,
            -0.382235487689659,
            24.841893098289734
          ],
          "proxy_applied_effort_nm": [
            -0.5726505517959595,
            -1.2537519931793213,
            -4.842955589294434
          ],
          "base_xy_error_m": 0.052204189938624475,
          "commanded_base_xy_error_m": 0.032698358266510394,
          "progress_base_error_m": 0.052204189938624475,
          "progress_base_error_source": "nominal_plan_base_target",
          "base_yaw_error_deg": 3.8810514405639784,
          "actual_base_xy_yaw": [
            3.2895357608795166,
            1.2541069984436035,
            -1.028178376086421
          ],
          "target_base_xy_yaw": [
            3.2954753076397223,
            1.3059722009538735,
            5.322744057170276
          ],
          "commanded_base_xy_yaw": [
            3.32100663245264,
            1.2629820689082834,
            5.322744057170276
          ],
          "camera_lever_arm_target_xy_m": [
            0.014764475382866848,
            0.021663656236632578
          ],
          "camera_lever_arm_actual_xy_m": [
            -0.05605196952819824,
            0.1409057378768921
          ],
          "camera_lever_arm_error_xy_m": [
            -0.07081644491106509,
            0.11924208164025951
          ],
          "camera_lever_arm_correction_xy_m": [
            0.025531324812917987,
            -0.042990132045590164
          ],
          "camera_lever_arm_correction_saturated": true,
          "camera_position_error_xyz_m": [
            -0.0769715220667786,
            0.06678893891392512,
            -0.01927879750419592
          ],
          "actual_camera_position_world_m": [
            3.2332682609558105,
            1.3944247961044312,
            1.4890880584716797
          ],
          "target_camera_position_world_m": [
            3.310239783022589,
            1.327635857190506,
            1.5083668559758756
          ],
          "actual_yaw_rate_rad_s": 0.1801743060350418,
          "actual_root_velocity_mps": -0.17308250069618225,
          "wheel_derived_velocity_mps": -0.16700468025207518,
          "root_wheel_velocity_mismatch_mps": -0.006077820444107068,
          "effective_velocity_reference_mps": -0.11059180369824163,
          "pitch_reference_rad": -0.013188741991726823,
          "total_pitch_reference_rad": -0.004657860335764244,
          "applied_pitch_bias_rad": 0.008530881655962578,
          "common_wheel_action": -0.3159773349761963,
          "phase_feedforward_v_mps": -0.14030450401107444,
          "phase_feedforward_wz_rad_s": 0.2137361286795529,
          "model_based_vx_reference_mps": -0.1278814690396189,
          "model_based_wz_reference_rad_s": 0.24880970049144951,
          "model_based_riser_target_m": 0.9023876676727778,
          "applied_policy_residual_action": [
            0.34579330682754517,
            0.12621910870075226,
            0.08932578563690186
          ],
          "effective_policy_residual_action": [
            0.3457933068275451,
            0.12621910870075248,
            0.08932578563690119
          ],
          "policy_residual_projection_delta": [
            -5.551115123125783e-17,
            2.220446049250313e-16,
            -6.661338147750939e-16
          ],
          "vx_reference_mps": -0.11059180369824163,
          "wz_reference_rad_s": 0.25512065592648714,
          "along_track_error_m": 0.007764396857159723,
          "cross_track_error_m": 0.03154891090393,
          "base_yaw_error_rad": 0.06866411513982637,
          "raw_velocity_reference_mps": -0.1278814690396189,
          "base_position_error_m": 0.03249030067234813,
          "feedforward_direction": -1.0,
          "feedback_motion_direction": -1.0,
          "direction_recovery_blend": 0.0,
          "motion_direction": -1.0,
          "perturbation_active": false,
          "perturbation_force_body_x_n": 0.0
        },
        {
          "step": 7401,
          "elapsed_s": 37.0,
          "phase_time_s": 16.267683446082973,
          "progress_scale": 0.4616478880176589,
          "camera_recovery_progress_scale": 1.0,
          "camera_recovery_active": false,
          "position_error_m": 0.1090422619320468,
          "attitude_error_deg": 0.08794289533317391,
          "pitch_deg": 5.691760559911706,
          "riser_error_m": 0.009915583717754695,
          "riser_thermal_load": 0.0012567821703251777,
          "proxy_error_deg": [
            0.0004838278181018721,
            0.034617479632564264,
            0.12726086663351666
          ],
          "proxy_signed_error_deg": [
            0.0004838278181018721,
            -0.034617479632564264,
            -0.12726086663351666
          ],
          "proxy_target_deg": [
            2.0564315993642355,
            -0.591918814192674,
            355.6520474140481
          ],
          "proxy_unwrapped_semantic_target_deg": [
            2.0564315993642355,
            -0.591918814192674,
            355.6520474140481
          ],
          "proxy_actual_deg": [
            2.0559475421905518,
            -0.5573012828826904,
            355.779296875
          ],
          "proxy_velocity_deg_s": [
            0.4662131071090698,
            12.934591293334961,
            29.079730987548828
          ],
          "proxy_target_velocity_deg_s": [
            -0.567174592317935,
            -0.06384471055421234,
            21.60442340850768
          ],
          "proxy_applied_effort_nm": [
            -0.03257189691066742,
            -1.606698989868164,
            -4.552599906921387
          ],
          "base_xy_error_m": 0.05540656904911033,
          "commanded_base_xy_error_m": 0.025682783187225715,
          "progress_base_error_m": 0.05540656904911033,
          "progress_base_error_source": "nominal_plan_base_target",
          "base_yaw_error_deg": 4.120695249872985,
          "actual_base_xy_yaw": [
            3.2024781703948975,
            1.3732701539993286,
            -0.8361919395230328
          ],
          "target_base_xy_yaw": [
            3.1900493025136747,
            1.4272647012887072,
            5.5189130672381275
          ],
          "commanded_base_xy_yaw": [
            3.2225615060891086,
            1.389278432471284,
            5.5189130672381275
          ],
          "camera_lever_arm_target_xy_m": [
            0.002653955587384793,
            0.0005021287734980895
          ],
          "camera_lever_arm_actual_xy_m": [
            -0.09677624702453613,
            0.11667335033416748
          ],
          "camera_lever_arm_error_xy_m": [
            -0.09943020261192093,
            0.11617122156066939
          ],
          "camera_lever_arm_correction_xy_m": [
            0.03251220357543375,
            -0.03798626881742339
          ],
          "camera_lever_arm_correction_saturated": true,
          "camera_position_error_xyz_m": [
            -0.08726931721360831,
            0.06178328361577323,
            -0.02138006141199411
          ],
          "actual_camera_position_world_m": [
            3.105433940887451,
            1.4895501136779785,
            1.4931446313858032
          ],
          "target_camera_position_world_m": [
            3.1927032581010595,
            1.4277668300622053,
            1.5145246927977973
          ],
          "actual_yaw_rate_rad_s": 0.1556876301765442,
          "actual_root_velocity_mps": -0.15516406297683716,
          "wheel_derived_velocity_mps": -0.1500144745826721,
          "root_wheel_velocity_mismatch_mps": -0.0051495883941650444,
          "effective_velocity_reference_mps": -0.15183487917239058,
          "pitch_reference_rad": -0.04758995023549731,
          "total_pitch_reference_rad": -0.04057645708891066,
          "applied_pitch_bias_rad": 0.007013493146586649,
          "common_wheel_action": -0.24045950174331665,
          "phase_feedforward_v_mps": -0.17182047801172964,
          "phase_feedforward_wz_rad_s": 0.16568194231264155,
          "model_based_vx_reference_mps": -0.17056707526499618,
          "model_based_wz_reference_rad_s": 0.21447554044771736,
          "model_based_riser_target_m": 0.9083833032726558,
          "applied_policy_residual_action": [
            0.3746439218521118,
            0.07786528766155243,
            0.08932578563690186
          ],
          "effective_policy_residual_action": [
            0.3746439218521119,
            0.07786528766155265,
            0.08932578563690119
          ],
          "policy_residual_projection_delta": [
            1.1102230246251565e-16,
            2.220446049250313e-16,
            -6.661338147750939e-16
          ],
          "vx_reference_mps": -0.15183487917239058,
          "wz_reference_rad_s": 0.218368804830795,
          "along_track_error_m": 0.0007833767167084171,
          "cross_track_error_m": 0.02564301592680834,
          "base_yaw_error_rad": 0.07271510168774029,
          "raw_velocity_reference_mps": -0.17056707526499618,
          "base_position_error_m": 0.02565497894956897,
          "feedforward_direction": -1.0,
          "feedback_motion_direction": -1.0,
          "direction_recovery_blend": 0.0,
          "motion_direction": -1.0,
          "perturbation_active": false,
          "perturbation_force_body_x_n": 0.0
        },
        {
          "step": 7601,
          "elapsed_s": 38.0,
          "phase_time_s": 16.691762388273833,
          "progress_scale": 0.41139477119929013,
          "camera_recovery_progress_scale": 1.0,
          "camera_recovery_active": false,
          "position_error_m": 0.10767968816087861,
          "attitude_error_deg": 0.11488077782846033,
          "pitch_deg": 5.94302614400355,
          "riser_error_m": 0.009896967852464078,
          "riser_thermal_load": 0.0012867247423949005,
          "proxy_error_deg": [
            0.00041982315550034545,
            0.03532813164511028,
            0.14694257064500493
          ],
          "proxy_signed_error_deg": [
            0.00041982315550034545,
            -0.03532813164511028,
            -0.14694257064500493
          ],
          "proxy_target_deg": [
            1.8261774130675104,
            -0.7190368443917038,
            -354.65436034484355
          ],
          "proxy_unwrapped_semantic_target_deg": [
            1.8261774130675104,
            -0.7190368443917038,
            365.3456396551565
          ],
          "proxy_actual_deg": [
            1.8257575035095215,
            -0.683708667755127,
            -354.50738525390625
          ],
          "proxy_velocity_deg_s": [
            0.528032124042511,
            13.636667251586914,
            32.891357421875
          ],
          "proxy_target_velocity_deg_s": [
            -0.48999553829565573,
            -0.7242763416605718,
            25.820261210069898
          ],
          "proxy_applied_effort_nm": [
            -0.03711997717618942,
            -1.680737853050232,
            -5.197906494140625
          ],
          "base_xy_error_m": 0.0596702418981542,
          "commanded_base_xy_error_m": 0.0202097603086609,
          "progress_base_error_m": 0.0596702418981542,
          "progress_base_error_source": "nominal_plan_base_target",
          "base_yaw_error_deg": 3.872699411750955,
          "actual_base_xy_yaw": [
            3.0902018547058105,
            1.4826786518096924,
            -0.6963505341730469
          ],
          "target_base_xy_yaw": [
            3.0607442415906743,
            1.5345707205460917,
            5.654426128681641
          ],
          "commanded_base_xy_yaw": [
            3.098064546807946,
            1.5012961834570548,
            5.654426128681641
          ],
          "camera_lever_arm_target_xy_m": [
            -0.0035183588509708486,
            -0.01639102593768782
          ],
          "camera_lever_arm_actual_xy_m": [
            -0.12305903434753418,
            0.09019064903259277
          ],
          "camera_lever_arm_error_xy_m": [
            -0.11954067549656333,
            0.1065816749702806
          ],
          "camera_lever_arm_correction_xy_m": [
            0.03732030521727164,
            -0.03327453708903683
          ],
          "camera_lever_arm_correction_saturated": true,
          "camera_position_error_xyz_m": [
            -0.09034126970259404,
            0.05420192103032906,
            -0.022260323168570517
          ],
          "actual_camera_position_world_m": [
            2.9668846130371094,
            1.572381615638733,
            1.4994404315948486
          ],
          "target_camera_position_world_m": [
            3.0572258827397034,
            1.5181796946084039,
            1.5217007547634191
          ],
          "actual_yaw_rate_rad_s": 0.13176685571670532,
          "actual_root_velocity_mps": -0.15167029201984406,
          "wheel_derived_velocity_mps": -0.14583235340118408,
          "root_wheel_velocity_mismatch_mps": -0.005837938618659971,
          "effective_velocity_reference_mps": -0.15663232487513426,
          "pitch_reference_rad": -0.053009373136530896,
          "total_pitch_reference_rad": -0.0468242869814596,
          "applied_pitch_bias_rad": 0.006185086155071294,
          "common_wheel_action": -0.22847187519073486,
          "phase_feedforward_v_mps": -0.16462692754125358,
          "phase_feedforward_wz_rad_s": 0.1271874019755849,
          "model_based_vx_reference_mps": -0.17531644684149625,
          "model_based_wz_reference_rad_s": 0.18008156892671498,
          "model_based_riser_target_m": 0.9150407056454328,
          "applied_policy_residual_action": [
            0.37368243932724,
            0.03538413718342781,
            0.08932578563690186
          ],
          "effective_policy_residual_action": [
            0.37368243932723977,
            0.03538413718342792,
            0.08932578563690119
          ],
          "policy_residual_projection_delta": [
            -2.220446049250313e-16,
            1.1102230246251565e-16,
            -6.661338147750939e-16
          ],
          "vx_reference_mps": -0.15663232487513426,
          "wz_reference_rad_s": 0.18185077578588638,
          "along_track_error_m": -0.0066809495626516694,
          "cross_track_error_m": 0.019328447685299302,
          "base_yaw_error_rad": 0.0682390320658992,
          "raw_velocity_reference_mps": -0.17531644684149625,
          "base_position_error_m": 0.020450525102843876,
          "feedforward_direction": -1.0,
          "feedback_motion_direction": -1.0,
          "direction_recovery_blend": 0.0,
          "motion_direction": -1.0,
          "perturbation_active": false,
          "perturbation_force_body_x_n": 0.0
        },
        {
          "step": 7801,
          "elapsed_s": 39.0,
          "phase_time_s": 17.16139509015769,
          "progress_scale": 0.8063721458058922,
          "camera_recovery_progress_scale": 1.0,
          "camera_recovery_active": false,
          "position_error_m": 0.07123133169067396,
          "attitude_error_deg": 0.10207358261735992,
          "pitch_deg": 3.968139270970539,
          "riser_error_m": 0.009345163462191497,
          "riser_thermal_load": 0.0013130615634938216,
          "proxy_error_deg": [
            0.0008547336132021749,
            0.01805743267282951,
            0.15754448128265275
          ],
          "proxy_signed_error_deg": [
            0.0008547336132021749,
            -0.01805743267282951,
            -0.15754448128265275
          ],
          "proxy_target_deg": [
            3.591708015210577,
            -1.6422631838103448,
            -343.5183120960738
          ],
          "proxy_unwrapped_semantic_target_deg": [
            3.591708015210577,
            -1.6422631838103448,
            376.4816879039263
          ],
          "proxy_actual_deg": [
            3.590852975845337,
            -1.6242057085037231,
            -343.3607482910156
          ],
          "proxy_velocity_deg_s": [
            1.4951330423355103,
            8.40750503540039,
            36.36127853393555
          ],
          "proxy_target_velocity_deg_s": [
            -2.7314148835294287,
            -0.5581147867406444,
            25.47082131786113
          ],
          "proxy_applied_effort_nm": [
            -0.09457488358020782,
            -1.0027151107788086,
            -5.643640041351318
          ],
          "base_xy_error_m": 0.04549679140578522,
          "commanded_base_xy_error_m": 0.02172039475600158,
          "progress_base_error_m": 0.04549679140578522,
          "progress_base_error_source": "nominal_plan_base_target",
          "base_yaw_error_deg": 3.1017112693244027,
          "actual_base_xy_yaw": [
            2.966728448867798,
            1.5749636888504028,
            -0.5379379677700725
          ],
          "target_base_xy_yaw": [
            2.9404143561750735,
            1.6120787336972064,
            5.7993824135054375
          ],
          "commanded_base_xy_yaw": [
            2.9841781388837196,
            1.5878975153029566,
            5.7993824135054375
          ],
          "camera_lever_arm_target_xy_m": [
            -0.004532626523140237,
            -0.02903749517822707
          ],
          "camera_lever_arm_actual_xy_m": [
            -0.09831357002258301,
            0.022780179977416992
          ],
          "camera_lever_arm_error_xy_m": [
            -0.09378094349944277,
            0.05181767515564406
          ],
          "camera_lever_arm_correction_xy_m": [
            0.043763782708646184,
            -0.024181218394249734
          ],
          "camera_lever_arm_correction_saturated": true,
          "camera_position_error_xyz_m": [
            -0.06789290480757293,
            0.01453824069854992,
            -0.015908980124686778
          ],
          "actual_camera_position_world_m": [
            2.8679888248443604,
            1.5975794792175293,
            1.5119889974594116
          ],
          "target_camera_position_world_m": [
            2.9358817296519333,
            1.5830412385189794,
            1.5278979775840984
          ],
          "actual_yaw_rate_rad_s": 0.13010920584201813,
          "actual_root_velocity_mps": 0.037044428288936615,
          "wheel_derived_velocity_mps": 0.08351225957870483,
          "root_wheel_velocity_mismatch_mps": -0.04646783128976821,
          "effective_velocity_reference_mps": -0.259017275105963,
          "pitch_reference_rad": -0.10471975511965978,
          "total_pitch_reference_rad": -0.09899695194038548,
          "applied_pitch_bias_rad": 0.005722803179274303,
          "common_wheel_action": 0.055641286075115204,
          "phase_feedforward_v_mps": -0.28376312866716114,
          "phase_feedforward_wz_rad_s": -0.06120334715355991,
          "model_based_vx_reference_mps": -0.27014213113094354,
          "model_based_wz_reference_rad_s": -0.025136666750066615,
          "model_based_riser_target_m": 0.9203509584641751,
          "applied_policy_residual_action": [
            0.2224971204996109,
            0.0720861405134201,
            0.08932578563690186
          ],
          "effective_policy_residual_action": [
            0.22249712049961068,
            0.07208614051342009,
            0.08932578563690119
          ],
          "policy_residual_projection_delta": [
            -2.220446049250313e-16,
            -1.3877787807814457e-17,
            -6.661338147750939e-16
          ],
          "vx_reference_mps": -0.259017275105963,
          "wz_reference_rad_s": -0.02153235972439561,
          "along_track_error_m": 0.008513123460135996,
          "cross_track_error_m": 0.02006342816743248,
          "base_yaw_error_rad": 0.055134852212201685,
          "raw_velocity_reference_mps": -0.27014213113094354,
          "base_position_error_m": 0.0217948255528059,
          "feedforward_direction": -1.0,
          "feedback_motion_direction": -1.0,
          "direction_recovery_blend": 0.0,
          "motion_direction": -1.0,
          "perturbation_active": false,
          "perturbation_force_body_x_n": 0.0
        },
        {
          "step": 7933,
          "elapsed_s": 39.66,
          "phase_time_s": 17.737274605869224,
          "progress_scale": 1.0,
          "camera_recovery_progress_scale": 1.0,
          "camera_recovery_active": false,
          "position_error_m": 0.027389597280302488,
          "attitude_error_deg": 0.09810593002927052,
          "pitch_deg": 1.9109531007505178,
          "riser_error_m": 0.008206994520070565,
          "riser_thermal_load": 0.0013182894902039268,
          "proxy_error_deg": [
            0.0008083812581037791,
            0.05566866253977925,
            0.016617396914477833
          ],
          "proxy_signed_error_deg": [
            0.0008083812581037791,
            -0.05566866253977925,
            -0.016617396914477833
          ],
          "proxy_target_deg": [
            6.213782811167598,
            -2.3834628722508864,
            -342.0947301270906
          ],
          "proxy_unwrapped_semantic_target_deg": [
            6.213782811167598,
            -2.3834628722508864,
            377.90526987290946
          ],
          "proxy_actual_deg": [
            6.2129740715026855,
            -2.327794075012207,
            -342.0780944824219
          ],
          "proxy_velocity_deg_s": [
            -0.16583678126335144,
            20.039215087890625,
            6.5822834968566895
          ],
          "proxy_target_velocity_deg_s": [
            0.0,
            0.0,
            0.0
          ],
          "proxy_applied_effort_nm": [
            0.0023404923267662525,
            -2.5565719604492188,
            -0.8031689524650574
          ],
          "base_xy_error_m": 0.03595075593551378,
          "commanded_base_xy_error_m": 0.023759063639487304,
          "progress_base_error_m": 0.03595075593551378,
          "progress_base_error_source": "nominal_plan_base_target",
          "base_yaw_error_deg": 0.9621741132591688,
          "actual_base_xy_yaw": [
            2.9343411922454834,
            1.5933972597122192,
            -0.5356966411385063
          ],
          "target_base_xy_yaw": [
            2.91681125463943,
            1.6247844886415586,
            5.764281772294909
          ],
          "commanded_base_xy_yaw": [
            2.9579195411841783,
            1.596322078740869,
            5.764281772294909
          ],
          "camera_lever_arm_target_xy_m": [
            -0.0107382546394299,
            -0.03790948864155852
          ],
          "camera_lever_arm_actual_xy_m": [
            -0.05407547950744629,
            -0.007903814315795898
          ],
          "camera_lever_arm_error_xy_m": [
            -0.04333722486801639,
            0.03000567432576262
          ],
          "camera_lever_arm_correction_xy_m": [
            0.04110828654474818,
            -0.028462409900689652
          ],
          "camera_lever_arm_correction_saturated": true,
          "camera_position_error_xyz_m": [
            -0.02512994007873548,
            -0.0020383977890015004,
            -0.010701452484130902
          ],
          "actual_camera_position_world_m": [
            2.8809430599212646,
            1.5848366022109985,
            1.5175385475158691
          ],
          "target_camera_position_world_m": [
            2.906073,
            1.586875,
            1.52824
          ],
          "actual_yaw_rate_rad_s": 0.28130555152893066,
          "actual_root_velocity_mps": -0.09648524224758148,
          "wheel_derived_velocity_mps": -0.008407438611984253,
          "root_wheel_velocity_mismatch_mps": -0.08807780363559722,
          "effective_velocity_reference_mps": 0.009808751842391406,
          "pitch_reference_rad": 0.004381898050132733,
          "total_pitch_reference_rad": 0.010192458714039326,
          "applied_pitch_bias_rad": 0.005810560663906591,
          "common_wheel_action": -0.021638624370098114,
          "phase_feedforward_v_mps": -0.0216963898910854,
          "phase_feedforward_wz_rad_s": 0.40000000000001973,
          "model_based_vx_reference_mps": 0.007605141675484095,
          "model_based_wz_reference_rad_s": 0.39929313953419665,
          "model_based_riser_target_m": 0.9200591754778648,
          "applied_policy_residual_action": [
            0.04407220333814621,
            0.02630128152668476,
            0.08586551994085312
          ],
          "effective_policy_residual_action": [
            0.04407220333814622,
            0.014137209316067434,
            0.08586551994085312
          ],
          "policy_residual_projection_delta": [
            6.938893903907228e-18,
            -0.012164072210617327,
            0.0
          ],
          "vx_reference_mps": 0.009808751842391406,
          "wz_reference_rad_s": 0.4,
          "along_track_error_m": 0.018313457229105934,
          "cross_track_error_m": 0.014570632966266433,
          "base_yaw_error_rad": 0.017624240819647172,
          "raw_velocity_reference_mps": 0.007605141675484095,
          "base_position_error_m": 0.023402693450112585,
          "feedforward_direction": -1.0,
          "feedback_motion_direction": 0.1521028335096819,
          "direction_recovery_blend": 0.0,
          "motion_direction": -1.0,
          "perturbation_active": false,
          "perturbation_force_body_x_n": 0.0
        }
      ],
      "checks": {
        "initialization_completed": true,
        "initialization_action_saturation_bounded": true,
        "completed_reference": true,
        "no_termination": true,
        "pitch_bounded": true,
        "position_p95_bounded": true,
        "position_max_bounded": true,
        "attitude_p95_bounded": true,
        "attitude_max_bounded": true,
        "riser_servo_error_bounded": true,
        "proxy_servo_error_bounded": true,
        "action_saturation_bounded": true,
        "riser_saturation_bounded": true,
        "proxy_saturation_bounded": true,
        "internal_attitude_ik_converged": true,
        "internal_proxy_rate_bounded": true,
        "residual_teacher_unclipped": true,
        "initialization_riser_thermal_force_observed": true,
        "initialization_riser_thermal_load_bounded": true,
        "initialization_riser_peak_force_bounded": true,
        "riser_thermal_force_observed": true,
        "riser_thermal_load_bounded": true,
        "riser_peak_force_bounded": true,
        "initialization_source_metrics_clean": true,
        "velocity_feedback_telemetry_observed": true,
        "longitudinal_authority_telemetry_observed": true,
        "camera_lever_arm_telemetry_observed": true,
        "camera_recovery_telemetry_observed": true,
        "progress_base_error_telemetry_observed": true,
        "progress_base_error_selected_source_matches": true,
        "progress_base_error_command_delta_bounded": true,
        "perturbation_enabled": true,
        "perturbation_triggered": true,
        "perturbation_exact_duration": true,
        "perturbation_released": true
      },
      "executed_residual_dataset": null,
      "executed_raw_teacher_capture": null,
      "executed_policy_trace": null,
      "executed_shadow_teacher_trace": null,
      "executed_corrective_teacher_capture": "G:\\wSpace\\cinebotRL-two-wheel-riser\\artifacts\\two_wheel_riser\\20260724_model_based_corrective_teacher_case6_capture_v1_exclusive\\capture\\case_0006_corrective_teacher_capture_v2.npz",
      "passed": true
    }
  ],
  "passed": true
}
